2025/06/17 18:03:41 - mmengine - INFO - 
------------------------------------------------------------
System environment:
    sys.platform: linux
    Python: 3.9.21 (main, Dec 11 2024, 16:24:11) [GCC 11.2.0]
    CUDA available: True
    MUSA available: False
    numpy_random_seed: 1530930447
    GPU 0: NVIDIA GeForce RTX 4090
    CUDA_HOME: /usr/local/cuda
    NVCC: Cuda compilation tools, release 12.2, V12.2.140
    GCC: gcc (Ubuntu 9.4.0-1ubuntu1~20.04.2) 9.4.0
    PyTorch: 2.1.2+cu121
    PyTorch compiling details: PyTorch built with:
  - GCC 9.3
  - C++ Version: 201703
  - Intel(R) oneAPI Math Kernel Library Version 2022.2-Product Build 20220804 for Intel(R) 64 architecture applications
  - Intel(R) MKL-DNN v3.1.1 (Git Hash 64f6bcbcbab628e96f33a62c3e975f8535a7bde4)
  - OpenMP 201511 (a.k.a. OpenMP 4.5)
  - LAPACK is enabled (usually provided by MKL)
  - NNPACK is enabled
  - CPU capability usage: AVX2
  - CUDA Runtime 12.1
  - NVCC architecture flags: -gencode;arch=compute_50,code=sm_50;-gencode;arch=compute_60,code=sm_60;-gencode;arch=compute_70,code=sm_70;-gencode;arch=compute_75,code=sm_75;-gencode;arch=compute_80,code=sm_80;-gencode;arch=compute_86,code=sm_86;-gencode;arch=compute_90,code=sm_90
  - CuDNN 8.9.2
  - Magma 2.6.1
  - Build settings: BLAS_INFO=mkl, BUILD_TYPE=Release, CUDA_VERSION=12.1, CUDNN_VERSION=8.9.2, CXX_COMPILER=/opt/rh/devtoolset-9/root/usr/bin/c++, CXX_FLAGS= -D_GLIBCXX_USE_CXX11_ABI=0 -fabi-version=11 -fvisibility-inlines-hidden -DUSE_PTHREADPOOL -DNDEBUG -DUSE_KINETO -DLIBKINETO_NOROCTRACER -DUSE_FBGEMM -DUSE_QNNPACK -DUSE_PYTORCH_QNNPACK -DUSE_XNNPACK -DSYMBOLICATE_MOBILE_DEBUG_HANDLE -O2 -fPIC -Wall -Wextra -Werror=return-type -Werror=non-virtual-dtor -Werror=bool-operation -Wnarrowing -Wno-missing-field-initializers -Wno-type-limits -Wno-array-bounds -Wno-unknown-pragmas -Wno-unused-parameter -Wno-unused-function -Wno-unused-result -Wno-strict-overflow -Wno-strict-aliasing -Wno-stringop-overflow -Wno-psabi -Wno-error=pedantic -Wno-error=old-style-cast -Wno-invalid-partial-specialization -Wno-unused-private-field -Wno-aligned-allocation-unavailable -Wno-missing-braces -fdiagnostics-color=always -faligned-new -Wno-unused-but-set-variable -Wno-maybe-uninitialized -fno-math-errno -fno-trapping-math -Werror=format -Werror=cast-function-type -Wno-stringop-overflow, LAPACK_INFO=mkl, PERF_WITH_AVX=1, PERF_WITH_AVX2=1, PERF_WITH_AVX512=1, TORCH_DISABLE_GPU_ASSERTS=ON, TORCH_VERSION=2.1.2, USE_CUDA=ON, USE_CUDNN=ON, USE_EXCEPTION_PTR=1, USE_GFLAGS=OFF, USE_GLOG=OFF, USE_MKL=ON, USE_MKLDNN=ON, USE_MPI=OFF, USE_NCCL=1, USE_NNPACK=ON, USE_OPENMP=ON, USE_ROCM=OFF, 

    TorchVision: 0.16.2+cu121
    OpenCV: 4.6.0
    MMEngine: 0.10.4

Runtime environment:
    cudnn_benchmark: True
    mp_cfg: {'mp_start_method': 'fork', 'opencv_num_threads': 0}
    dist_cfg: {'backend': 'nccl'}
    seed: 1530930447
    Distributed launcher: none
    Distributed training: False
    GPU number: 1
------------------------------------------------------------

2025/06/17 18:03:41 - mmengine - INFO - Config:
custom_hooks = [
    dict(
        interval=10,
        metric_key='mIoU',
        rule='greater',
        type='SaveTrainableModulesHook'),
]
data_root = ''
dataset_type = 'UDD5Dataset'
default_hooks = dict(
    logger=dict(interval=1, log_metric_by_epoch=False, type='LoggerHook'),
    param_scheduler=dict(type='ParamSchedulerHook'),
    sampler_seed=dict(type='DistSamplerSeedHook'),
    timer=dict(type='IterTimerHook'),
    visualization=dict(interval=1, type='SegVisualizationHook'))
default_scope = 'mmseg'
env_cfg = dict(
    cudnn_benchmark=True,
    dist_cfg=dict(backend='nccl'),
    mp_cfg=dict(mp_start_method='fork', opencv_num_threads=0))
launcher = 'none'
load_from = None
log_level = 'DEBUG'
log_processor = dict(by_epoch=False)
model = dict(
    bg_idx=4,
    clip_type='CLIP',
    cls_token_lambda=-0.0001,
    feature_cls_token_lambda=0,
    feature_up=True,
    feature_up_cfg=dict(
        model_name='jbu_one',
        model_path='simfeatup_dev/weights/xclip_jbu_one_million_aid.ckpt'),
    ignore_residual=True,
    model_type='NACLIP',
    name_path='./configs/cls_udd5.txt',
    prob_thd=0.4,
    type='SegEarthSegmentation',
    vit_type='ViT-B/16')
optim_wrapper = dict(
    optimizer=dict(lr=0.001, type='Adam'), type='OptimWrapper')
param_scheduler = dict(
    by_epoch=True, gamma=0.1, milestones=[
        30,
        50,
    ], type='MultiStepLR')
resume = False
test_cfg = dict(type='TestLoop')
test_dataloader = dict(
    batch_size=1,
    dataset=dict(
        data_prefix=dict(
            img_path='data/UDD/UDD/UDD5/val/src',
            seg_map_path='data/UDD/UDD/UDD5/val/gt'),
        data_root='',
        pipeline=[
            dict(type='LoadImageFromFile'),
            dict(keep_ratio=True, scale=(
                448,
                448,
            ), type='Resize'),
            dict(type='LoadAnnotations'),
            dict(type='PackSegInputs'),
        ],
        type='UDD5Dataset'),
    num_workers=4,
    sampler=dict(shuffle=False, type='DefaultSampler'))
test_evaluator = dict(
    iou_metrics=[
        'mIoU',
    ], type='IoUMetric')
test_pipeline = [
    dict(type='LoadImageFromFile'),
    dict(keep_ratio=True, scale=(
        448,
        448,
    ), type='Resize'),
    dict(type='LoadAnnotations'),
    dict(type='PackSegInputs'),
]
train_cfg = dict(max_epochs=100, type='EpochBasedTrainLoop', val_interval=5)
train_dataloader = dict(
    batch_size=1,
    dataset=dict(
        data_prefix=dict(
            img_path='data/UDD/UDD/UDD5/train/src',
            seg_map_path='data/UDD/UDD/UDD5/train/gt'),
        data_root='',
        pipeline=[
            dict(type='LoadImageFromFile'),
            dict(type='LoadAnnotations'),
            dict(keep_ratio=True, scale=(
                448,
                448,
            ), type='Resize'),
            dict(prob=0.5, type='RandomFlip'),
            dict(type='PhotoMetricDistortion'),
            dict(type='PackSegInputs'),
        ],
        type='UDD5Dataset'),
    num_workers=4,
    persistent_workers=True,
    sampler=dict(shuffle=True, type='DefaultSampler'))
train_pipeline = [
    dict(type='LoadImageFromFile'),
    dict(type='LoadAnnotations'),
    dict(keep_ratio=True, scale=(
        448,
        448,
    ), type='Resize'),
    dict(prob=0.5, type='RandomFlip'),
    dict(type='PhotoMetricDistortion'),
    dict(type='PackSegInputs'),
]
val_cfg = dict(type='ValLoop')
val_dataloader = dict(
    batch_size=1,
    dataset=dict(
        data_prefix=dict(
            img_path='data/UDD/UDD/UDD5/val/src',
            seg_map_path='data/UDD/UDD/UDD5/val/gt'),
        data_root='',
        pipeline=[
            dict(type='LoadImageFromFile'),
            dict(keep_ratio=True, scale=(
                448,
                448,
            ), type='Resize'),
            dict(type='LoadAnnotations'),
            dict(type='PackSegInputs'),
        ],
        type='UDD5Dataset'),
    num_workers=4,
    persistent_workers=True,
    sampler=dict(shuffle=False, type='DefaultSampler'))
val_evaluator = dict(
    iou_metrics=[
        'mIoU',
    ], type='IoUMetric')
val_pipeline = [
    dict(type='LoadImageFromFile'),
    dict(keep_ratio=True, scale=(
        448,
        448,
    ), type='Resize'),
    dict(type='LoadAnnotations'),
    dict(type='PackSegInputs'),
]
vis_backends = [
    dict(type='LocalVisBackend'),
]
visualizer = dict(
    alpha=0.5,
    name='visualizer',
    type='SegLocalVisualizer',
    vis_backends=[
        dict(type='LocalVisBackend'),
    ])
work_dir = './train_logs/'

2025/06/17 18:03:41 - mmengine - DEBUG - Modules of mmseg's visualizer registry have been automatically imported from mmseg.visualization
2025/06/17 18:03:41 - mmengine - DEBUG - Get class `SegLocalVisualizer` from "visualizer" registry in "mmseg"
2025/06/17 18:03:41 - mmengine - DEBUG - Modules of mmseg's vis_backend registry have been automatically imported from mmseg.visualization
2025/06/17 18:03:41 - mmengine - DEBUG - Get class `LocalVisBackend` from "vis_backend" registry in "mmengine"
2025/06/17 18:03:41 - mmengine - DEBUG - An `LocalVisBackend` instance is built from registry, and its implementation can be found in mmengine.visualization.vis_backend
2025/06/17 18:03:41 - mmengine - DEBUG - An `SegLocalVisualizer` instance is built from registry, and its implementation can be found in mmseg.visualization.local_visualizer
2025/06/17 18:03:41 - mmengine - DEBUG - Attribute `_env_initialized` is not defined in <class 'mmengine.visualization.vis_backend.LocalVisBackend'> or `<class 'mmengine.visualization.vis_backend.LocalVisBackend'>._env_initialized is False, `_init_env` will be called and <class 'mmengine.visualization.vis_backend.LocalVisBackend'>._env_initialized will be set to True
2025/06/17 18:03:41 - mmengine - DEBUG - Modules of mmseg's model registry have been automatically imported from mmseg.models
2025/06/17 18:03:41 - mmengine - DEBUG - Get class `SegEarthSegmentation` from "model" registry in "mmseg"
2025/06/17 18:03:46 - mmengine - DEBUG - An `SegEarthSegmentation` instance is built from registry, and its implementation can be found in segearth_segmentor
2025/06/17 18:03:46 - mmengine - INFO - Distributed training is not used, all SyncBatchNorm (SyncBN) layers in the model will be automatically reverted to BatchNormXd layers if they are used.
2025/06/17 18:03:46 - mmengine - DEBUG - Modules of mmseg's hook registry have been automatically imported from mmseg.engine.hooks
2025/06/17 18:03:46 - mmengine - DEBUG - Get class `RuntimeInfoHook` from "hook" registry in "mmengine"
2025/06/17 18:03:46 - mmengine - DEBUG - An `RuntimeInfoHook` instance is built from registry, and its implementation can be found in mmengine.hooks.runtime_info_hook
2025/06/17 18:03:46 - mmengine - DEBUG - Get class `IterTimerHook` from "hook" registry in "mmengine"
2025/06/17 18:03:46 - mmengine - DEBUG - An `IterTimerHook` instance is built from registry, and its implementation can be found in mmengine.hooks.iter_timer_hook
2025/06/17 18:03:46 - mmengine - DEBUG - Get class `DistSamplerSeedHook` from "hook" registry in "mmengine"
2025/06/17 18:03:46 - mmengine - DEBUG - An `DistSamplerSeedHook` instance is built from registry, and its implementation can be found in mmengine.hooks.sampler_seed_hook
2025/06/17 18:03:46 - mmengine - DEBUG - Get class `LoggerHook` from "hook" registry in "mmengine"
2025/06/17 18:03:46 - mmengine - DEBUG - An `LoggerHook` instance is built from registry, and its implementation can be found in mmengine.hooks.logger_hook
2025/06/17 18:03:46 - mmengine - DEBUG - Get class `ParamSchedulerHook` from "hook" registry in "mmengine"
2025/06/17 18:03:46 - mmengine - DEBUG - An `ParamSchedulerHook` instance is built from registry, and its implementation can be found in mmengine.hooks.param_scheduler_hook
2025/06/17 18:03:46 - mmengine - DEBUG - Get class `CheckpointHook` from "hook" registry in "mmengine"
2025/06/17 18:03:46 - mmengine - DEBUG - An `CheckpointHook` instance is built from registry, and its implementation can be found in mmengine.hooks.checkpoint_hook
2025/06/17 18:03:46 - mmengine - DEBUG - Get class `SegVisualizationHook` from "hook" registry in "mmseg"
2025/06/17 18:03:46 - mmengine - DEBUG - An `SegVisualizationHook` instance is built from registry, and its implementation can be found in mmseg.engine.hooks.visualization_hook
2025/06/17 18:03:46 - mmengine - DEBUG - Get class `SaveTrainableModulesHook` from "hook" registry in "mmengine"
2025/06/17 18:03:46 - mmengine - DEBUG - An `SaveTrainableModulesHook` instance is built from registry, and its implementation can be found in Hook
2025/06/17 18:03:46 - mmengine - INFO - Hooks will be executed in the following order:
before_run:
(VERY_HIGH   ) RuntimeInfoHook                    
(BELOW_NORMAL) LoggerHook                         
 -------------------- 
before_train:
(VERY_HIGH   ) RuntimeInfoHook                    
(NORMAL      ) IterTimerHook                      
(VERY_LOW    ) CheckpointHook                     
 -------------------- 
before_train_epoch:
(VERY_HIGH   ) RuntimeInfoHook                    
(NORMAL      ) IterTimerHook                      
(NORMAL      ) DistSamplerSeedHook                
 -------------------- 
before_train_iter:
(VERY_HIGH   ) RuntimeInfoHook                    
(NORMAL      ) IterTimerHook                      
 -------------------- 
after_train_iter:
(VERY_HIGH   ) RuntimeInfoHook                    
(NORMAL      ) IterTimerHook                      
(NORMAL      ) SegVisualizationHook               
(BELOW_NORMAL) LoggerHook                         
(LOW         ) ParamSchedulerHook                 
(VERY_LOW    ) CheckpointHook                     
 -------------------- 
after_train_epoch:
(NORMAL      ) IterTimerHook                      
(NORMAL      ) SaveTrainableModulesHook           
(LOW         ) ParamSchedulerHook                 
(VERY_LOW    ) CheckpointHook                     
 -------------------- 
before_val:
(VERY_HIGH   ) RuntimeInfoHook                    
 -------------------- 
before_val_epoch:
(NORMAL      ) IterTimerHook                      
 -------------------- 
before_val_iter:
(NORMAL      ) IterTimerHook                      
 -------------------- 
after_val_iter:
(NORMAL      ) IterTimerHook                      
(NORMAL      ) SegVisualizationHook               
(BELOW_NORMAL) LoggerHook                         
 -------------------- 
after_val_epoch:
(VERY_HIGH   ) RuntimeInfoHook                    
(NORMAL      ) IterTimerHook                      
(NORMAL      ) SaveTrainableModulesHook           
(BELOW_NORMAL) LoggerHook                         
(LOW         ) ParamSchedulerHook                 
(VERY_LOW    ) CheckpointHook                     
 -------------------- 
after_val:
(VERY_HIGH   ) RuntimeInfoHook                    
 -------------------- 
after_train:
(VERY_HIGH   ) RuntimeInfoHook                    
(VERY_LOW    ) CheckpointHook                     
 -------------------- 
before_test:
(VERY_HIGH   ) RuntimeInfoHook                    
 -------------------- 
before_test_epoch:
(NORMAL      ) IterTimerHook                      
 -------------------- 
before_test_iter:
(NORMAL      ) IterTimerHook                      
 -------------------- 
after_test_iter:
(NORMAL      ) IterTimerHook                      
(NORMAL      ) SegVisualizationHook               
(BELOW_NORMAL) LoggerHook                         
 -------------------- 
after_test_epoch:
(VERY_HIGH   ) RuntimeInfoHook                    
(NORMAL      ) IterTimerHook                      
(BELOW_NORMAL) LoggerHook                         
 -------------------- 
after_test:
(VERY_HIGH   ) RuntimeInfoHook                    
 -------------------- 
after_run:
(BELOW_NORMAL) LoggerHook                         
 -------------------- 
2025/06/17 18:03:46 - mmengine - DEBUG - The "loop" registry in mmseg did not set import location. Fallback to call `mmseg.utils.register_all_modules` instead.
2025/06/17 18:03:46 - mmengine - DEBUG - Get class `EpochBasedTrainLoop` from "loop" registry in "mmengine"
2025/06/17 18:03:46 - mmengine - DEBUG - Modules of mmseg's dataset registry have been automatically imported from mmseg.datasets
2025/06/17 18:03:46 - mmengine - DEBUG - Get class `UDD5Dataset` from "dataset" registry in "mmseg"
2025/06/17 18:03:46 - mmengine - DEBUG - Modules of mmseg's transform registry have been automatically imported from mmseg.datasets.transforms
2025/06/17 18:03:46 - mmengine - DEBUG - Get class `LoadImageFromFile` from "transform" registry in "mmengine"
2025/06/17 18:03:46 - mmengine - DEBUG - An `LoadImageFromFile` instance is built from registry, and its implementation can be found in mmcv.transforms.loading
2025/06/17 18:03:46 - mmengine - DEBUG - Get class `LoadAnnotations` from "transform" registry in "mmseg"
2025/06/17 18:03:46 - mmengine - DEBUG - An `LoadAnnotations` instance is built from registry, and its implementation can be found in mmseg.datasets.transforms.loading
2025/06/17 18:03:46 - mmengine - DEBUG - Get class `Resize` from "transform" registry in "mmseg"
2025/06/17 18:03:46 - mmengine - DEBUG - An `Resize` instance is built from registry, and its implementation can be found in mmseg.datasets.transforms.transforms
2025/06/17 18:03:46 - mmengine - DEBUG - Get class `RandomFlip` from "transform" registry in "mmseg"
2025/06/17 18:03:46 - mmengine - DEBUG - An `RandomFlip` instance is built from registry, and its implementation can be found in mmseg.datasets.transforms.transforms
2025/06/17 18:03:46 - mmengine - DEBUG - Get class `PhotoMetricDistortion` from "transform" registry in "mmseg"
2025/06/17 18:03:46 - mmengine - DEBUG - An `PhotoMetricDistortion` instance is built from registry, and its implementation can be found in mmseg.datasets.transforms.transforms
2025/06/17 18:03:46 - mmengine - DEBUG - Get class `PackSegInputs` from "transform" registry in "mmseg"
2025/06/17 18:03:46 - mmengine - DEBUG - An `PackSegInputs` instance is built from registry, and its implementation can be found in mmseg.datasets.transforms.formatting
2025/06/17 18:03:46 - mmengine - DEBUG - An `UDD5Dataset` instance is built from registry, and its implementation can be found in custom_datasets
2025/06/17 18:03:46 - mmengine - DEBUG - The "data sampler" registry in mmseg did not set import location. Fallback to call `mmseg.utils.register_all_modules` instead.
2025/06/17 18:03:46 - mmengine - DEBUG - Get class `DefaultSampler` from "data sampler" registry in "mmengine"
2025/06/17 18:03:46 - mmengine - DEBUG - An `DefaultSampler` instance is built from registry, and its implementation can be found in mmengine.dataset.sampler
2025/06/17 18:03:46 - mmengine - DEBUG - Get class `pseudo_collate` from "function" registry in "mmengine"
2025/06/17 18:03:46 - mmengine - DEBUG - An `EpochBasedTrainLoop` instance is built from registry, and its implementation can be found in mmengine.runner.loops
2025/06/17 18:03:46 - mmengine - DEBUG - Modules of mmseg's optimizer wrapper constructor registry have been automatically imported from mmseg.engine.optimizers
2025/06/17 18:03:46 - mmengine - DEBUG - Get class `DefaultOptimWrapperConstructor` from "optimizer wrapper constructor" registry in "mmengine"
2025/06/17 18:03:46 - mmengine - DEBUG - An `DefaultOptimWrapperConstructor` instance is built from registry, and its implementation can be found in mmengine.optim.optimizer.default_constructor
2025/06/17 18:03:46 - mmengine - DEBUG - Modules of mmseg's optimizer registry have been automatically imported from mmseg.engine.optimizers
2025/06/17 18:03:46 - mmengine - DEBUG - Get class `Adam` from "optimizer" registry in "mmengine"
2025/06/17 18:03:46 - mmengine - DEBUG - Get class `Adam` from "optimizer" registry in "mmengine"
2025/06/17 18:03:46 - mmengine - DEBUG - An `Adam` instance is built from registry, and its implementation can be found in torch.optim.adam
2025/06/17 18:03:46 - mmengine - DEBUG - Modules of mmseg's optim_wrapper registry have been automatically imported from mmseg.engine.optimizers
2025/06/17 18:03:46 - mmengine - DEBUG - Get class `OptimWrapper` from "optim_wrapper" registry in "mmengine"
2025/06/17 18:03:46 - mmengine - DEBUG - An `OptimWrapper` instance is built from registry, and its implementation can be found in mmengine.optim.optimizer.optimizer_wrapper
2025/06/17 18:03:46 - mmengine - DEBUG - The `end` of MultiStepLR is not set. Use the max epochs/iters of train loop as default.
2025/06/17 18:03:46 - mmengine - DEBUG - Modules of mmseg's parameter scheduler registry have been automatically imported from mmseg.engine.schedulers
2025/06/17 18:03:46 - mmengine - DEBUG - Get class `MultiStepLR` from "parameter scheduler" registry in "mmengine"
2025/06/17 18:03:46 - mmengine - DEBUG - An `MultiStepLR` instance is built from registry, and its implementation can be found in mmengine.optim.scheduler.lr_scheduler
2025/06/17 18:03:46 - mmengine - DEBUG - Get class `ValLoop` from "loop" registry in "mmengine"
2025/06/17 18:03:46 - mmengine - DEBUG - Get class `UDD5Dataset` from "dataset" registry in "mmseg"
2025/06/17 18:03:46 - mmengine - DEBUG - Get class `LoadImageFromFile` from "transform" registry in "mmengine"
2025/06/17 18:03:46 - mmengine - DEBUG - An `LoadImageFromFile` instance is built from registry, and its implementation can be found in mmcv.transforms.loading
2025/06/17 18:03:46 - mmengine - DEBUG - Get class `Resize` from "transform" registry in "mmseg"
2025/06/17 18:03:46 - mmengine - DEBUG - An `Resize` instance is built from registry, and its implementation can be found in mmseg.datasets.transforms.transforms
2025/06/17 18:03:46 - mmengine - DEBUG - Get class `LoadAnnotations` from "transform" registry in "mmseg"
2025/06/17 18:03:46 - mmengine - DEBUG - An `LoadAnnotations` instance is built from registry, and its implementation can be found in mmseg.datasets.transforms.loading
2025/06/17 18:03:46 - mmengine - DEBUG - Get class `PackSegInputs` from "transform" registry in "mmseg"
2025/06/17 18:03:46 - mmengine - DEBUG - An `PackSegInputs` instance is built from registry, and its implementation can be found in mmseg.datasets.transforms.formatting
2025/06/17 18:03:47 - mmengine - DEBUG - An `UDD5Dataset` instance is built from registry, and its implementation can be found in custom_datasets
2025/06/17 18:03:47 - mmengine - DEBUG - Get class `DefaultSampler` from "data sampler" registry in "mmengine"
2025/06/17 18:03:47 - mmengine - DEBUG - An `DefaultSampler` instance is built from registry, and its implementation can be found in mmengine.dataset.sampler
2025/06/17 18:03:47 - mmengine - DEBUG - Get class `pseudo_collate` from "function" registry in "mmengine"
2025/06/17 18:03:47 - mmengine - DEBUG - Modules of mmseg's metric registry have been automatically imported from mmseg.evaluation
2025/06/17 18:03:47 - mmengine - DEBUG - Get class `IoUMetric` from "metric" registry in "mmseg"
2025/06/17 18:03:47 - mmengine - WARNING - The prefix is not set in metric class IoUMetric.
2025/06/17 18:03:47 - mmengine - DEBUG - An `IoUMetric` instance is built from registry, and its implementation can be found in mmseg.evaluation.metrics.iou_metric
2025/06/17 18:03:47 - mmengine - DEBUG - An `ValLoop` instance is built from registry, and its implementation can be found in mmengine.runner.loops
Name of parameter - Initialization information

net.positional_embedding - torch.Size([77, 512]): 
The value is the same before and after calling `init_weights` of SegEarthSegmentation  

net.text_projection - torch.Size([512, 512]): 
The value is the same before and after calling `init_weights` of SegEarthSegmentation  

net.logit_scale - torch.Size([]): 
The value is the same before and after calling `init_weights` of SegEarthSegmentation  

net.visual.class_embedding - torch.Size([768]): 
The value is the same before and after calling `init_weights` of SegEarthSegmentation  

net.visual.positional_embedding - torch.Size([197, 768]): 
The value is the same before and after calling `init_weights` of SegEarthSegmentation  

net.visual.proj - torch.Size([768, 512]): 
The value is the same before and after calling `init_weights` of SegEarthSegmentation  

net.visual.conv1.weight - torch.Size([768, 3, 16, 16]): 
The value is the same before and after calling `init_weights` of SegEarthSegmentation  

net.visual.ln_pre.weight - torch.Size([768]): 
The value is the same before and after calling `init_weights` of SegEarthSegmentation  

net.visual.ln_pre.bias - torch.Size([768]): 
The value is the same before and after calling `init_weights` of SegEarthSegmentation  

net.visual.transformer.resblocks.0.ln_1.weight - torch.Size([768]): 
The value is the same before and after calling `init_weights` of SegEarthSegmentation  

net.visual.transformer.resblocks.0.ln_1.bias - torch.Size([768]): 
The value is the same before and after calling `init_weights` of SegEarthSegmentation  

net.visual.transformer.resblocks.0.attn.in_proj_weight - torch.Size([2304, 768]): 
The value is the same before and after calling `init_weights` of SegEarthSegmentation  

net.visual.transformer.resblocks.0.attn.in_proj_bias - torch.Size([2304]): 
The value is the same before and after calling `init_weights` of SegEarthSegmentation  

net.visual.transformer.resblocks.0.attn.out_proj.weight - torch.Size([768, 768]): 
The value is the same before and after calling `init_weights` of SegEarthSegmentation  

net.visual.transformer.resblocks.0.attn.out_proj.bias - torch.Size([768]): 
The value is the same before and after calling `init_weights` of SegEarthSegmentation  

net.visual.transformer.resblocks.0.ln_2.weight - torch.Size([768]): 
The value is the same before and after calling `init_weights` of SegEarthSegmentation  

net.visual.transformer.resblocks.0.ln_2.bias - torch.Size([768]): 
The value is the same before and after calling `init_weights` of SegEarthSegmentation  

net.visual.transformer.resblocks.0.mlp.c_fc.weight - torch.Size([3072, 768]): 
The value is the same before and after calling `init_weights` of SegEarthSegmentation  

net.visual.transformer.resblocks.0.mlp.c_fc.bias - torch.Size([3072]): 
The value is the same before and after calling `init_weights` of SegEarthSegmentation  

net.visual.transformer.resblocks.0.mlp.c_proj.weight - torch.Size([768, 3072]): 
The value is the same before and after calling `init_weights` of SegEarthSegmentation  

net.visual.transformer.resblocks.0.mlp.c_proj.bias - torch.Size([768]): 
The value is the same before and after calling `init_weights` of SegEarthSegmentation  

net.visual.transformer.resblocks.1.ln_1.weight - torch.Size([768]): 
The value is the same before and after calling `init_weights` of SegEarthSegmentation  

net.visual.transformer.resblocks.1.ln_1.bias - torch.Size([768]): 
The value is the same before and after calling `init_weights` of SegEarthSegmentation  

net.visual.transformer.resblocks.1.attn.in_proj_weight - torch.Size([2304, 768]): 
The value is the same before and after calling `init_weights` of SegEarthSegmentation  

net.visual.transformer.resblocks.1.attn.in_proj_bias - torch.Size([2304]): 
The value is the same before and after calling `init_weights` of SegEarthSegmentation  

net.visual.transformer.resblocks.1.attn.out_proj.weight - torch.Size([768, 768]): 
The value is the same before and after calling `init_weights` of SegEarthSegmentation  

net.visual.transformer.resblocks.1.attn.out_proj.bias - torch.Size([768]): 
The value is the same before and after calling `init_weights` of SegEarthSegmentation  

net.visual.transformer.resblocks.1.ln_2.weight - torch.Size([768]): 
The value is the same before and after calling `init_weights` of SegEarthSegmentation  

net.visual.transformer.resblocks.1.ln_2.bias - torch.Size([768]): 
The value is the same before and after calling `init_weights` of SegEarthSegmentation  

net.visual.transformer.resblocks.1.mlp.c_fc.weight - torch.Size([3072, 768]): 
The value is the same before and after calling `init_weights` of SegEarthSegmentation  

net.visual.transformer.resblocks.1.mlp.c_fc.bias - torch.Size([3072]): 
The value is the same before and after calling `init_weights` of SegEarthSegmentation  

net.visual.transformer.resblocks.1.mlp.c_proj.weight - torch.Size([768, 3072]): 
The value is the same before and after calling `init_weights` of SegEarthSegmentation  

net.visual.transformer.resblocks.1.mlp.c_proj.bias - torch.Size([768]): 
The value is the same before and after calling `init_weights` of SegEarthSegmentation  

net.visual.transformer.resblocks.2.ln_1.weight - torch.Size([768]): 
The value is the same before and after calling `init_weights` of SegEarthSegmentation  

net.visual.transformer.resblocks.2.ln_1.bias - torch.Size([768]): 
The value is the same before and after calling `init_weights` of SegEarthSegmentation  

net.visual.transformer.resblocks.2.attn.in_proj_weight - torch.Size([2304, 768]): 
The value is the same before and after calling `init_weights` of SegEarthSegmentation  

net.visual.transformer.resblocks.2.attn.in_proj_bias - torch.Size([2304]): 
The value is the same before and after calling `init_weights` of SegEarthSegmentation  

net.visual.transformer.resblocks.2.attn.out_proj.weight - torch.Size([768, 768]): 
The value is the same before and after calling `init_weights` of SegEarthSegmentation  

net.visual.transformer.resblocks.2.attn.out_proj.bias - torch.Size([768]): 
The value is the same before and after calling `init_weights` of SegEarthSegmentation  

net.visual.transformer.resblocks.2.ln_2.weight - torch.Size([768]): 
The value is the same before and after calling `init_weights` of SegEarthSegmentation  

net.visual.transformer.resblocks.2.ln_2.bias - torch.Size([768]): 
The value is the same before and after calling `init_weights` of SegEarthSegmentation  

net.visual.transformer.resblocks.2.mlp.c_fc.weight - torch.Size([3072, 768]): 
The value is the same before and after calling `init_weights` of SegEarthSegmentation  

net.visual.transformer.resblocks.2.mlp.c_fc.bias - torch.Size([3072]): 
The value is the same before and after calling `init_weights` of SegEarthSegmentation  

net.visual.transformer.resblocks.2.mlp.c_proj.weight - torch.Size([768, 3072]): 
The value is the same before and after calling `init_weights` of SegEarthSegmentation  

net.visual.transformer.resblocks.2.mlp.c_proj.bias - torch.Size([768]): 
The value is the same before and after calling `init_weights` of SegEarthSegmentation  

net.visual.transformer.resblocks.3.ln_1.weight - torch.Size([768]): 
The value is the same before and after calling `init_weights` of SegEarthSegmentation  

net.visual.transformer.resblocks.3.ln_1.bias - torch.Size([768]): 
The value is the same before and after calling `init_weights` of SegEarthSegmentation  

net.visual.transformer.resblocks.3.attn.in_proj_weight - torch.Size([2304, 768]): 
The value is the same before and after calling `init_weights` of SegEarthSegmentation  

net.visual.transformer.resblocks.3.attn.in_proj_bias - torch.Size([2304]): 
The value is the same before and after calling `init_weights` of SegEarthSegmentation  

net.visual.transformer.resblocks.3.attn.out_proj.weight - torch.Size([768, 768]): 
The value is the same before and after calling `init_weights` of SegEarthSegmentation  

net.visual.transformer.resblocks.3.attn.out_proj.bias - torch.Size([768]): 
The value is the same before and after calling `init_weights` of SegEarthSegmentation  

net.visual.transformer.resblocks.3.ln_2.weight - torch.Size([768]): 
The value is the same before and after calling `init_weights` of SegEarthSegmentation  

net.visual.transformer.resblocks.3.ln_2.bias - torch.Size([768]): 
The value is the same before and after calling `init_weights` of SegEarthSegmentation  

net.visual.transformer.resblocks.3.mlp.c_fc.weight - torch.Size([3072, 768]): 
The value is the same before and after calling `init_weights` of SegEarthSegmentation  

net.visual.transformer.resblocks.3.mlp.c_fc.bias - torch.Size([3072]): 
The value is the same before and after calling `init_weights` of SegEarthSegmentation  

net.visual.transformer.resblocks.3.mlp.c_proj.weight - torch.Size([768, 3072]): 
The value is the same before and after calling `init_weights` of SegEarthSegmentation  

net.visual.transformer.resblocks.3.mlp.c_proj.bias - torch.Size([768]): 
The value is the same before and after calling `init_weights` of SegEarthSegmentation  

net.visual.transformer.resblocks.4.ln_1.weight - torch.Size([768]): 
The value is the same before and after calling `init_weights` of SegEarthSegmentation  

net.visual.transformer.resblocks.4.ln_1.bias - torch.Size([768]): 
The value is the same before and after calling `init_weights` of SegEarthSegmentation  

net.visual.transformer.resblocks.4.attn.in_proj_weight - torch.Size([2304, 768]): 
The value is the same before and after calling `init_weights` of SegEarthSegmentation  

net.visual.transformer.resblocks.4.attn.in_proj_bias - torch.Size([2304]): 
The value is the same before and after calling `init_weights` of SegEarthSegmentation  

net.visual.transformer.resblocks.4.attn.out_proj.weight - torch.Size([768, 768]): 
The value is the same before and after calling `init_weights` of SegEarthSegmentation  

net.visual.transformer.resblocks.4.attn.out_proj.bias - torch.Size([768]): 
The value is the same before and after calling `init_weights` of SegEarthSegmentation  

net.visual.transformer.resblocks.4.ln_2.weight - torch.Size([768]): 
The value is the same before and after calling `init_weights` of SegEarthSegmentation  

net.visual.transformer.resblocks.4.ln_2.bias - torch.Size([768]): 
The value is the same before and after calling `init_weights` of SegEarthSegmentation  

net.visual.transformer.resblocks.4.mlp.c_fc.weight - torch.Size([3072, 768]): 
The value is the same before and after calling `init_weights` of SegEarthSegmentation  

net.visual.transformer.resblocks.4.mlp.c_fc.bias - torch.Size([3072]): 
The value is the same before and after calling `init_weights` of SegEarthSegmentation  

net.visual.transformer.resblocks.4.mlp.c_proj.weight - torch.Size([768, 3072]): 
The value is the same before and after calling `init_weights` of SegEarthSegmentation  

net.visual.transformer.resblocks.4.mlp.c_proj.bias - torch.Size([768]): 
The value is the same before and after calling `init_weights` of SegEarthSegmentation  

net.visual.transformer.resblocks.5.ln_1.weight - torch.Size([768]): 
The value is the same before and after calling `init_weights` of SegEarthSegmentation  

net.visual.transformer.resblocks.5.ln_1.bias - torch.Size([768]): 
The value is the same before and after calling `init_weights` of SegEarthSegmentation  

net.visual.transformer.resblocks.5.attn.in_proj_weight - torch.Size([2304, 768]): 
The value is the same before and after calling `init_weights` of SegEarthSegmentation  

net.visual.transformer.resblocks.5.attn.in_proj_bias - torch.Size([2304]): 
The value is the same before and after calling `init_weights` of SegEarthSegmentation  

net.visual.transformer.resblocks.5.attn.out_proj.weight - torch.Size([768, 768]): 
The value is the same before and after calling `init_weights` of SegEarthSegmentation  

net.visual.transformer.resblocks.5.attn.out_proj.bias - torch.Size([768]): 
The value is the same before and after calling `init_weights` of SegEarthSegmentation  

net.visual.transformer.resblocks.5.ln_2.weight - torch.Size([768]): 
The value is the same before and after calling `init_weights` of SegEarthSegmentation  

net.visual.transformer.resblocks.5.ln_2.bias - torch.Size([768]): 
The value is the same before and after calling `init_weights` of SegEarthSegmentation  

net.visual.transformer.resblocks.5.mlp.c_fc.weight - torch.Size([3072, 768]): 
The value is the same before and after calling `init_weights` of SegEarthSegmentation  

net.visual.transformer.resblocks.5.mlp.c_fc.bias - torch.Size([3072]): 
The value is the same before and after calling `init_weights` of SegEarthSegmentation  

net.visual.transformer.resblocks.5.mlp.c_proj.weight - torch.Size([768, 3072]): 
The value is the same before and after calling `init_weights` of SegEarthSegmentation  

net.visual.transformer.resblocks.5.mlp.c_proj.bias - torch.Size([768]): 
The value is the same before and after calling `init_weights` of SegEarthSegmentation  

net.visual.transformer.resblocks.6.ln_1.weight - torch.Size([768]): 
The value is the same before and after calling `init_weights` of SegEarthSegmentation  

net.visual.transformer.resblocks.6.ln_1.bias - torch.Size([768]): 
The value is the same before and after calling `init_weights` of SegEarthSegmentation  

net.visual.transformer.resblocks.6.attn.in_proj_weight - torch.Size([2304, 768]): 
The value is the same before and after calling `init_weights` of SegEarthSegmentation  

net.visual.transformer.resblocks.6.attn.in_proj_bias - torch.Size([2304]): 
The value is the same before and after calling `init_weights` of SegEarthSegmentation  

net.visual.transformer.resblocks.6.attn.out_proj.weight - torch.Size([768, 768]): 
The value is the same before and after calling `init_weights` of SegEarthSegmentation  

net.visual.transformer.resblocks.6.attn.out_proj.bias - torch.Size([768]): 
The value is the same before and after calling `init_weights` of SegEarthSegmentation  

net.visual.transformer.resblocks.6.ln_2.weight - torch.Size([768]): 
The value is the same before and after calling `init_weights` of SegEarthSegmentation  

net.visual.transformer.resblocks.6.ln_2.bias - torch.Size([768]): 
The value is the same before and after calling `init_weights` of SegEarthSegmentation  

net.visual.transformer.resblocks.6.mlp.c_fc.weight - torch.Size([3072, 768]): 
The value is the same before and after calling `init_weights` of SegEarthSegmentation  

net.visual.transformer.resblocks.6.mlp.c_fc.bias - torch.Size([3072]): 
The value is the same before and after calling `init_weights` of SegEarthSegmentation  

net.visual.transformer.resblocks.6.mlp.c_proj.weight - torch.Size([768, 3072]): 
The value is the same before and after calling `init_weights` of SegEarthSegmentation  

net.visual.transformer.resblocks.6.mlp.c_proj.bias - torch.Size([768]): 
The value is the same before and after calling `init_weights` of SegEarthSegmentation  

net.visual.transformer.resblocks.7.ln_1.weight - torch.Size([768]): 
The value is the same before and after calling `init_weights` of SegEarthSegmentation  

net.visual.transformer.resblocks.7.ln_1.bias - torch.Size([768]): 
The value is the same before and after calling `init_weights` of SegEarthSegmentation  

net.visual.transformer.resblocks.7.attn.in_proj_weight - torch.Size([2304, 768]): 
The value is the same before and after calling `init_weights` of SegEarthSegmentation  

net.visual.transformer.resblocks.7.attn.in_proj_bias - torch.Size([2304]): 
The value is the same before and after calling `init_weights` of SegEarthSegmentation  

net.visual.transformer.resblocks.7.attn.out_proj.weight - torch.Size([768, 768]): 
The value is the same before and after calling `init_weights` of SegEarthSegmentation  

net.visual.transformer.resblocks.7.attn.out_proj.bias - torch.Size([768]): 
The value is the same before and after calling `init_weights` of SegEarthSegmentation  

net.visual.transformer.resblocks.7.ln_2.weight - torch.Size([768]): 
The value is the same before and after calling `init_weights` of SegEarthSegmentation  

net.visual.transformer.resblocks.7.ln_2.bias - torch.Size([768]): 
The value is the same before and after calling `init_weights` of SegEarthSegmentation  

net.visual.transformer.resblocks.7.mlp.c_fc.weight - torch.Size([3072, 768]): 
The value is the same before and after calling `init_weights` of SegEarthSegmentation  

net.visual.transformer.resblocks.7.mlp.c_fc.bias - torch.Size([3072]): 
The value is the same before and after calling `init_weights` of SegEarthSegmentation  

net.visual.transformer.resblocks.7.mlp.c_proj.weight - torch.Size([768, 3072]): 
The value is the same before and after calling `init_weights` of SegEarthSegmentation  

net.visual.transformer.resblocks.7.mlp.c_proj.bias - torch.Size([768]): 
The value is the same before and after calling `init_weights` of SegEarthSegmentation  

net.visual.transformer.resblocks.8.ln_1.weight - torch.Size([768]): 
The value is the same before and after calling `init_weights` of SegEarthSegmentation  

net.visual.transformer.resblocks.8.ln_1.bias - torch.Size([768]): 
The value is the same before and after calling `init_weights` of SegEarthSegmentation  

net.visual.transformer.resblocks.8.attn.in_proj_weight - torch.Size([2304, 768]): 
The value is the same before and after calling `init_weights` of SegEarthSegmentation  

net.visual.transformer.resblocks.8.attn.in_proj_bias - torch.Size([2304]): 
The value is the same before and after calling `init_weights` of SegEarthSegmentation  

net.visual.transformer.resblocks.8.attn.out_proj.weight - torch.Size([768, 768]): 
The value is the same before and after calling `init_weights` of SegEarthSegmentation  

net.visual.transformer.resblocks.8.attn.out_proj.bias - torch.Size([768]): 
The value is the same before and after calling `init_weights` of SegEarthSegmentation  

net.visual.transformer.resblocks.8.ln_2.weight - torch.Size([768]): 
The value is the same before and after calling `init_weights` of SegEarthSegmentation  

net.visual.transformer.resblocks.8.ln_2.bias - torch.Size([768]): 
The value is the same before and after calling `init_weights` of SegEarthSegmentation  

net.visual.transformer.resblocks.8.mlp.c_fc.weight - torch.Size([3072, 768]): 
The value is the same before and after calling `init_weights` of SegEarthSegmentation  

net.visual.transformer.resblocks.8.mlp.c_fc.bias - torch.Size([3072]): 
The value is the same before and after calling `init_weights` of SegEarthSegmentation  

net.visual.transformer.resblocks.8.mlp.c_proj.weight - torch.Size([768, 3072]): 
The value is the same before and after calling `init_weights` of SegEarthSegmentation  

net.visual.transformer.resblocks.8.mlp.c_proj.bias - torch.Size([768]): 
The value is the same before and after calling `init_weights` of SegEarthSegmentation  

net.visual.transformer.resblocks.9.ln_1.weight - torch.Size([768]): 
The value is the same before and after calling `init_weights` of SegEarthSegmentation  

net.visual.transformer.resblocks.9.ln_1.bias - torch.Size([768]): 
The value is the same before and after calling `init_weights` of SegEarthSegmentation  

net.visual.transformer.resblocks.9.attn.in_proj_weight - torch.Size([2304, 768]): 
The value is the same before and after calling `init_weights` of SegEarthSegmentation  

net.visual.transformer.resblocks.9.attn.in_proj_bias - torch.Size([2304]): 
The value is the same before and after calling `init_weights` of SegEarthSegmentation  

net.visual.transformer.resblocks.9.attn.out_proj.weight - torch.Size([768, 768]): 
The value is the same before and after calling `init_weights` of SegEarthSegmentation  

net.visual.transformer.resblocks.9.attn.out_proj.bias - torch.Size([768]): 
The value is the same before and after calling `init_weights` of SegEarthSegmentation  

net.visual.transformer.resblocks.9.ln_2.weight - torch.Size([768]): 
The value is the same before and after calling `init_weights` of SegEarthSegmentation  

net.visual.transformer.resblocks.9.ln_2.bias - torch.Size([768]): 
The value is the same before and after calling `init_weights` of SegEarthSegmentation  

net.visual.transformer.resblocks.9.mlp.c_fc.weight - torch.Size([3072, 768]): 
The value is the same before and after calling `init_weights` of SegEarthSegmentation  

net.visual.transformer.resblocks.9.mlp.c_fc.bias - torch.Size([3072]): 
The value is the same before and after calling `init_weights` of SegEarthSegmentation  

net.visual.transformer.resblocks.9.mlp.c_proj.weight - torch.Size([768, 3072]): 
The value is the same before and after calling `init_weights` of SegEarthSegmentation  

net.visual.transformer.resblocks.9.mlp.c_proj.bias - torch.Size([768]): 
The value is the same before and after calling `init_weights` of SegEarthSegmentation  

net.visual.transformer.resblocks.10.ln_1.weight - torch.Size([768]): 
The value is the same before and after calling `init_weights` of SegEarthSegmentation  

net.visual.transformer.resblocks.10.ln_1.bias - torch.Size([768]): 
The value is the same before and after calling `init_weights` of SegEarthSegmentation  

net.visual.transformer.resblocks.10.attn.in_proj_weight - torch.Size([2304, 768]): 
The value is the same before and after calling `init_weights` of SegEarthSegmentation  

net.visual.transformer.resblocks.10.attn.in_proj_bias - torch.Size([2304]): 
The value is the same before and after calling `init_weights` of SegEarthSegmentation  

net.visual.transformer.resblocks.10.attn.out_proj.weight - torch.Size([768, 768]): 
The value is the same before and after calling `init_weights` of SegEarthSegmentation  

net.visual.transformer.resblocks.10.attn.out_proj.bias - torch.Size([768]): 
The value is the same before and after calling `init_weights` of SegEarthSegmentation  

net.visual.transformer.resblocks.10.ln_2.weight - torch.Size([768]): 
The value is the same before and after calling `init_weights` of SegEarthSegmentation  

net.visual.transformer.resblocks.10.ln_2.bias - torch.Size([768]): 
The value is the same before and after calling `init_weights` of SegEarthSegmentation  

net.visual.transformer.resblocks.10.mlp.c_fc.weight - torch.Size([3072, 768]): 
The value is the same before and after calling `init_weights` of SegEarthSegmentation  

net.visual.transformer.resblocks.10.mlp.c_fc.bias - torch.Size([3072]): 
The value is the same before and after calling `init_weights` of SegEarthSegmentation  

net.visual.transformer.resblocks.10.mlp.c_proj.weight - torch.Size([768, 3072]): 
The value is the same before and after calling `init_weights` of SegEarthSegmentation  

net.visual.transformer.resblocks.10.mlp.c_proj.bias - torch.Size([768]): 
The value is the same before and after calling `init_weights` of SegEarthSegmentation  

net.visual.transformer.resblocks.11.ln_1.weight - torch.Size([768]): 
The value is the same before and after calling `init_weights` of SegEarthSegmentation  

net.visual.transformer.resblocks.11.ln_1.bias - torch.Size([768]): 
The value is the same before and after calling `init_weights` of SegEarthSegmentation  

net.visual.transformer.resblocks.11.attn.in_proj_weight - torch.Size([2304, 768]): 
The value is the same before and after calling `init_weights` of SegEarthSegmentation  

net.visual.transformer.resblocks.11.attn.in_proj_bias - torch.Size([2304]): 
The value is the same before and after calling `init_weights` of SegEarthSegmentation  

net.visual.transformer.resblocks.11.attn.out_proj.weight - torch.Size([768, 768]): 
The value is the same before and after calling `init_weights` of SegEarthSegmentation  

net.visual.transformer.resblocks.11.attn.out_proj.bias - torch.Size([768]): 
The value is the same before and after calling `init_weights` of SegEarthSegmentation  

net.visual.transformer.resblocks.11.ln_2.weight - torch.Size([768]): 
The value is the same before and after calling `init_weights` of SegEarthSegmentation  

net.visual.transformer.resblocks.11.ln_2.bias - torch.Size([768]): 
The value is the same before and after calling `init_weights` of SegEarthSegmentation  

net.visual.transformer.resblocks.11.mlp.c_fc.weight - torch.Size([3072, 768]): 
The value is the same before and after calling `init_weights` of SegEarthSegmentation  

net.visual.transformer.resblocks.11.mlp.c_fc.bias - torch.Size([3072]): 
The value is the same before and after calling `init_weights` of SegEarthSegmentation  

net.visual.transformer.resblocks.11.mlp.c_proj.weight - torch.Size([768, 3072]): 
The value is the same before and after calling `init_weights` of SegEarthSegmentation  

net.visual.transformer.resblocks.11.mlp.c_proj.bias - torch.Size([768]): 
The value is the same before and after calling `init_weights` of SegEarthSegmentation  

net.visual.ln_post.weight - torch.Size([768]): 
The value is the same before and after calling `init_weights` of SegEarthSegmentation  

net.visual.ln_post.bias - torch.Size([768]): 
The value is the same before and after calling `init_weights` of SegEarthSegmentation  

net.visual.fusion.proj_intermediate.0.weight - torch.Size([768, 768]): 
The value is the same before and after calling `init_weights` of SegEarthSegmentation  

net.visual.fusion.proj_intermediate.0.bias - torch.Size([768]): 
The value is the same before and after calling `init_weights` of SegEarthSegmentation  

net.visual.fusion.proj_intermediate.1.weight - torch.Size([768, 768]): 
The value is the same before and after calling `init_weights` of SegEarthSegmentation  

net.visual.fusion.proj_intermediate.1.bias - torch.Size([768]): 
The value is the same before and after calling `init_weights` of SegEarthSegmentation  

net.visual.fusion.proj_intermediate.2.weight - torch.Size([768, 768]): 
The value is the same before and after calling `init_weights` of SegEarthSegmentation  

net.visual.fusion.proj_intermediate.2.bias - torch.Size([768]): 
The value is the same before and after calling `init_weights` of SegEarthSegmentation  

net.visual.fusion.proj_last.weight - torch.Size([768, 768]): 
The value is the same before and after calling `init_weights` of SegEarthSegmentation  

net.visual.fusion.proj_last.bias - torch.Size([768]): 
The value is the same before and after calling `init_weights` of SegEarthSegmentation  

net.visual.fusion.fusion_last.weight - torch.Size([768, 1536]): 
The value is the same before and after calling `init_weights` of SegEarthSegmentation  

net.visual.fusion.fusion_last.bias - torch.Size([768]): 
The value is the same before and after calling `init_weights` of SegEarthSegmentation  

net.visual.fusion.fusion_layer.weight - torch.Size([768, 768]): 
The value is the same before and after calling `init_weights` of SegEarthSegmentation  

net.visual.fusion.fusion_layer.bias - torch.Size([768]): 
The value is the same before and after calling `init_weights` of SegEarthSegmentation  

net.transformer.resblocks.0.ln_1.weight - torch.Size([512]): 
The value is the same before and after calling `init_weights` of SegEarthSegmentation  

net.transformer.resblocks.0.ln_1.bias - torch.Size([512]): 
The value is the same before and after calling `init_weights` of SegEarthSegmentation  

net.transformer.resblocks.0.attn.in_proj_weight - torch.Size([1536, 512]): 
The value is the same before and after calling `init_weights` of SegEarthSegmentation  

net.transformer.resblocks.0.attn.in_proj_bias - torch.Size([1536]): 
The value is the same before and after calling `init_weights` of SegEarthSegmentation  

net.transformer.resblocks.0.attn.out_proj.weight - torch.Size([512, 512]): 
The value is the same before and after calling `init_weights` of SegEarthSegmentation  

net.transformer.resblocks.0.attn.out_proj.bias - torch.Size([512]): 
The value is the same before and after calling `init_weights` of SegEarthSegmentation  

net.transformer.resblocks.0.ln_2.weight - torch.Size([512]): 
The value is the same before and after calling `init_weights` of SegEarthSegmentation  

net.transformer.resblocks.0.ln_2.bias - torch.Size([512]): 
The value is the same before and after calling `init_weights` of SegEarthSegmentation  

net.transformer.resblocks.0.mlp.c_fc.weight - torch.Size([2048, 512]): 
The value is the same before and after calling `init_weights` of SegEarthSegmentation  

net.transformer.resblocks.0.mlp.c_fc.bias - torch.Size([2048]): 
The value is the same before and after calling `init_weights` of SegEarthSegmentation  

net.transformer.resblocks.0.mlp.c_proj.weight - torch.Size([512, 2048]): 
The value is the same before and after calling `init_weights` of SegEarthSegmentation  

net.transformer.resblocks.0.mlp.c_proj.bias - torch.Size([512]): 
The value is the same before and after calling `init_weights` of SegEarthSegmentation  

net.transformer.resblocks.1.ln_1.weight - torch.Size([512]): 
The value is the same before and after calling `init_weights` of SegEarthSegmentation  

net.transformer.resblocks.1.ln_1.bias - torch.Size([512]): 
The value is the same before and after calling `init_weights` of SegEarthSegmentation  

net.transformer.resblocks.1.attn.in_proj_weight - torch.Size([1536, 512]): 
The value is the same before and after calling `init_weights` of SegEarthSegmentation  

net.transformer.resblocks.1.attn.in_proj_bias - torch.Size([1536]): 
The value is the same before and after calling `init_weights` of SegEarthSegmentation  

net.transformer.resblocks.1.attn.out_proj.weight - torch.Size([512, 512]): 
The value is the same before and after calling `init_weights` of SegEarthSegmentation  

net.transformer.resblocks.1.attn.out_proj.bias - torch.Size([512]): 
The value is the same before and after calling `init_weights` of SegEarthSegmentation  

net.transformer.resblocks.1.ln_2.weight - torch.Size([512]): 
The value is the same before and after calling `init_weights` of SegEarthSegmentation  

net.transformer.resblocks.1.ln_2.bias - torch.Size([512]): 
The value is the same before and after calling `init_weights` of SegEarthSegmentation  

net.transformer.resblocks.1.mlp.c_fc.weight - torch.Size([2048, 512]): 
The value is the same before and after calling `init_weights` of SegEarthSegmentation  

net.transformer.resblocks.1.mlp.c_fc.bias - torch.Size([2048]): 
The value is the same before and after calling `init_weights` of SegEarthSegmentation  

net.transformer.resblocks.1.mlp.c_proj.weight - torch.Size([512, 2048]): 
The value is the same before and after calling `init_weights` of SegEarthSegmentation  

net.transformer.resblocks.1.mlp.c_proj.bias - torch.Size([512]): 
The value is the same before and after calling `init_weights` of SegEarthSegmentation  

net.transformer.resblocks.2.ln_1.weight - torch.Size([512]): 
The value is the same before and after calling `init_weights` of SegEarthSegmentation  

net.transformer.resblocks.2.ln_1.bias - torch.Size([512]): 
The value is the same before and after calling `init_weights` of SegEarthSegmentation  

net.transformer.resblocks.2.attn.in_proj_weight - torch.Size([1536, 512]): 
The value is the same before and after calling `init_weights` of SegEarthSegmentation  

net.transformer.resblocks.2.attn.in_proj_bias - torch.Size([1536]): 
The value is the same before and after calling `init_weights` of SegEarthSegmentation  

net.transformer.resblocks.2.attn.out_proj.weight - torch.Size([512, 512]): 
The value is the same before and after calling `init_weights` of SegEarthSegmentation  

net.transformer.resblocks.2.attn.out_proj.bias - torch.Size([512]): 
The value is the same before and after calling `init_weights` of SegEarthSegmentation  

net.transformer.resblocks.2.ln_2.weight - torch.Size([512]): 
The value is the same before and after calling `init_weights` of SegEarthSegmentation  

net.transformer.resblocks.2.ln_2.bias - torch.Size([512]): 
The value is the same before and after calling `init_weights` of SegEarthSegmentation  

net.transformer.resblocks.2.mlp.c_fc.weight - torch.Size([2048, 512]): 
The value is the same before and after calling `init_weights` of SegEarthSegmentation  

net.transformer.resblocks.2.mlp.c_fc.bias - torch.Size([2048]): 
The value is the same before and after calling `init_weights` of SegEarthSegmentation  

net.transformer.resblocks.2.mlp.c_proj.weight - torch.Size([512, 2048]): 
The value is the same before and after calling `init_weights` of SegEarthSegmentation  

net.transformer.resblocks.2.mlp.c_proj.bias - torch.Size([512]): 
The value is the same before and after calling `init_weights` of SegEarthSegmentation  

net.transformer.resblocks.3.ln_1.weight - torch.Size([512]): 
The value is the same before and after calling `init_weights` of SegEarthSegmentation  

net.transformer.resblocks.3.ln_1.bias - torch.Size([512]): 
The value is the same before and after calling `init_weights` of SegEarthSegmentation  

net.transformer.resblocks.3.attn.in_proj_weight - torch.Size([1536, 512]): 
The value is the same before and after calling `init_weights` of SegEarthSegmentation  

net.transformer.resblocks.3.attn.in_proj_bias - torch.Size([1536]): 
The value is the same before and after calling `init_weights` of SegEarthSegmentation  

net.transformer.resblocks.3.attn.out_proj.weight - torch.Size([512, 512]): 
The value is the same before and after calling `init_weights` of SegEarthSegmentation  

net.transformer.resblocks.3.attn.out_proj.bias - torch.Size([512]): 
The value is the same before and after calling `init_weights` of SegEarthSegmentation  

net.transformer.resblocks.3.ln_2.weight - torch.Size([512]): 
The value is the same before and after calling `init_weights` of SegEarthSegmentation  

net.transformer.resblocks.3.ln_2.bias - torch.Size([512]): 
The value is the same before and after calling `init_weights` of SegEarthSegmentation  

net.transformer.resblocks.3.mlp.c_fc.weight - torch.Size([2048, 512]): 
The value is the same before and after calling `init_weights` of SegEarthSegmentation  

net.transformer.resblocks.3.mlp.c_fc.bias - torch.Size([2048]): 
The value is the same before and after calling `init_weights` of SegEarthSegmentation  

net.transformer.resblocks.3.mlp.c_proj.weight - torch.Size([512, 2048]): 
The value is the same before and after calling `init_weights` of SegEarthSegmentation  

net.transformer.resblocks.3.mlp.c_proj.bias - torch.Size([512]): 
The value is the same before and after calling `init_weights` of SegEarthSegmentation  

net.transformer.resblocks.4.ln_1.weight - torch.Size([512]): 
The value is the same before and after calling `init_weights` of SegEarthSegmentation  

net.transformer.resblocks.4.ln_1.bias - torch.Size([512]): 
The value is the same before and after calling `init_weights` of SegEarthSegmentation  

net.transformer.resblocks.4.attn.in_proj_weight - torch.Size([1536, 512]): 
The value is the same before and after calling `init_weights` of SegEarthSegmentation  

net.transformer.resblocks.4.attn.in_proj_bias - torch.Size([1536]): 
The value is the same before and after calling `init_weights` of SegEarthSegmentation  

net.transformer.resblocks.4.attn.out_proj.weight - torch.Size([512, 512]): 
The value is the same before and after calling `init_weights` of SegEarthSegmentation  

net.transformer.resblocks.4.attn.out_proj.bias - torch.Size([512]): 
The value is the same before and after calling `init_weights` of SegEarthSegmentation  

net.transformer.resblocks.4.ln_2.weight - torch.Size([512]): 
The value is the same before and after calling `init_weights` of SegEarthSegmentation  

net.transformer.resblocks.4.ln_2.bias - torch.Size([512]): 
The value is the same before and after calling `init_weights` of SegEarthSegmentation  

net.transformer.resblocks.4.mlp.c_fc.weight - torch.Size([2048, 512]): 
The value is the same before and after calling `init_weights` of SegEarthSegmentation  

net.transformer.resblocks.4.mlp.c_fc.bias - torch.Size([2048]): 
The value is the same before and after calling `init_weights` of SegEarthSegmentation  

net.transformer.resblocks.4.mlp.c_proj.weight - torch.Size([512, 2048]): 
The value is the same before and after calling `init_weights` of SegEarthSegmentation  

net.transformer.resblocks.4.mlp.c_proj.bias - torch.Size([512]): 
The value is the same before and after calling `init_weights` of SegEarthSegmentation  

net.transformer.resblocks.5.ln_1.weight - torch.Size([512]): 
The value is the same before and after calling `init_weights` of SegEarthSegmentation  

net.transformer.resblocks.5.ln_1.bias - torch.Size([512]): 
The value is the same before and after calling `init_weights` of SegEarthSegmentation  

net.transformer.resblocks.5.attn.in_proj_weight - torch.Size([1536, 512]): 
The value is the same before and after calling `init_weights` of SegEarthSegmentation  

net.transformer.resblocks.5.attn.in_proj_bias - torch.Size([1536]): 
The value is the same before and after calling `init_weights` of SegEarthSegmentation  

net.transformer.resblocks.5.attn.out_proj.weight - torch.Size([512, 512]): 
The value is the same before and after calling `init_weights` of SegEarthSegmentation  

net.transformer.resblocks.5.attn.out_proj.bias - torch.Size([512]): 
The value is the same before and after calling `init_weights` of SegEarthSegmentation  

net.transformer.resblocks.5.ln_2.weight - torch.Size([512]): 
The value is the same before and after calling `init_weights` of SegEarthSegmentation  

net.transformer.resblocks.5.ln_2.bias - torch.Size([512]): 
The value is the same before and after calling `init_weights` of SegEarthSegmentation  

net.transformer.resblocks.5.mlp.c_fc.weight - torch.Size([2048, 512]): 
The value is the same before and after calling `init_weights` of SegEarthSegmentation  

net.transformer.resblocks.5.mlp.c_fc.bias - torch.Size([2048]): 
The value is the same before and after calling `init_weights` of SegEarthSegmentation  

net.transformer.resblocks.5.mlp.c_proj.weight - torch.Size([512, 2048]): 
The value is the same before and after calling `init_weights` of SegEarthSegmentation  

net.transformer.resblocks.5.mlp.c_proj.bias - torch.Size([512]): 
The value is the same before and after calling `init_weights` of SegEarthSegmentation  

net.transformer.resblocks.6.ln_1.weight - torch.Size([512]): 
The value is the same before and after calling `init_weights` of SegEarthSegmentation  

net.transformer.resblocks.6.ln_1.bias - torch.Size([512]): 
The value is the same before and after calling `init_weights` of SegEarthSegmentation  

net.transformer.resblocks.6.attn.in_proj_weight - torch.Size([1536, 512]): 
The value is the same before and after calling `init_weights` of SegEarthSegmentation  

net.transformer.resblocks.6.attn.in_proj_bias - torch.Size([1536]): 
The value is the same before and after calling `init_weights` of SegEarthSegmentation  

net.transformer.resblocks.6.attn.out_proj.weight - torch.Size([512, 512]): 
The value is the same before and after calling `init_weights` of SegEarthSegmentation  

net.transformer.resblocks.6.attn.out_proj.bias - torch.Size([512]): 
The value is the same before and after calling `init_weights` of SegEarthSegmentation  

net.transformer.resblocks.6.ln_2.weight - torch.Size([512]): 
The value is the same before and after calling `init_weights` of SegEarthSegmentation  

net.transformer.resblocks.6.ln_2.bias - torch.Size([512]): 
The value is the same before and after calling `init_weights` of SegEarthSegmentation  

net.transformer.resblocks.6.mlp.c_fc.weight - torch.Size([2048, 512]): 
The value is the same before and after calling `init_weights` of SegEarthSegmentation  

net.transformer.resblocks.6.mlp.c_fc.bias - torch.Size([2048]): 
The value is the same before and after calling `init_weights` of SegEarthSegmentation  

net.transformer.resblocks.6.mlp.c_proj.weight - torch.Size([512, 2048]): 
The value is the same before and after calling `init_weights` of SegEarthSegmentation  

net.transformer.resblocks.6.mlp.c_proj.bias - torch.Size([512]): 
The value is the same before and after calling `init_weights` of SegEarthSegmentation  

net.transformer.resblocks.7.ln_1.weight - torch.Size([512]): 
The value is the same before and after calling `init_weights` of SegEarthSegmentation  

net.transformer.resblocks.7.ln_1.bias - torch.Size([512]): 
The value is the same before and after calling `init_weights` of SegEarthSegmentation  

net.transformer.resblocks.7.attn.in_proj_weight - torch.Size([1536, 512]): 
The value is the same before and after calling `init_weights` of SegEarthSegmentation  

net.transformer.resblocks.7.attn.in_proj_bias - torch.Size([1536]): 
The value is the same before and after calling `init_weights` of SegEarthSegmentation  

net.transformer.resblocks.7.attn.out_proj.weight - torch.Size([512, 512]): 
The value is the same before and after calling `init_weights` of SegEarthSegmentation  

net.transformer.resblocks.7.attn.out_proj.bias - torch.Size([512]): 
The value is the same before and after calling `init_weights` of SegEarthSegmentation  

net.transformer.resblocks.7.ln_2.weight - torch.Size([512]): 
The value is the same before and after calling `init_weights` of SegEarthSegmentation  

net.transformer.resblocks.7.ln_2.bias - torch.Size([512]): 
The value is the same before and after calling `init_weights` of SegEarthSegmentation  

net.transformer.resblocks.7.mlp.c_fc.weight - torch.Size([2048, 512]): 
The value is the same before and after calling `init_weights` of SegEarthSegmentation  

net.transformer.resblocks.7.mlp.c_fc.bias - torch.Size([2048]): 
The value is the same before and after calling `init_weights` of SegEarthSegmentation  

net.transformer.resblocks.7.mlp.c_proj.weight - torch.Size([512, 2048]): 
The value is the same before and after calling `init_weights` of SegEarthSegmentation  

net.transformer.resblocks.7.mlp.c_proj.bias - torch.Size([512]): 
The value is the same before and after calling `init_weights` of SegEarthSegmentation  

net.transformer.resblocks.8.ln_1.weight - torch.Size([512]): 
The value is the same before and after calling `init_weights` of SegEarthSegmentation  

net.transformer.resblocks.8.ln_1.bias - torch.Size([512]): 
The value is the same before and after calling `init_weights` of SegEarthSegmentation  

net.transformer.resblocks.8.attn.in_proj_weight - torch.Size([1536, 512]): 
The value is the same before and after calling `init_weights` of SegEarthSegmentation  

net.transformer.resblocks.8.attn.in_proj_bias - torch.Size([1536]): 
The value is the same before and after calling `init_weights` of SegEarthSegmentation  

net.transformer.resblocks.8.attn.out_proj.weight - torch.Size([512, 512]): 
The value is the same before and after calling `init_weights` of SegEarthSegmentation  

net.transformer.resblocks.8.attn.out_proj.bias - torch.Size([512]): 
The value is the same before and after calling `init_weights` of SegEarthSegmentation  

net.transformer.resblocks.8.ln_2.weight - torch.Size([512]): 
The value is the same before and after calling `init_weights` of SegEarthSegmentation  

net.transformer.resblocks.8.ln_2.bias - torch.Size([512]): 
The value is the same before and after calling `init_weights` of SegEarthSegmentation  

net.transformer.resblocks.8.mlp.c_fc.weight - torch.Size([2048, 512]): 
The value is the same before and after calling `init_weights` of SegEarthSegmentation  

net.transformer.resblocks.8.mlp.c_fc.bias - torch.Size([2048]): 
The value is the same before and after calling `init_weights` of SegEarthSegmentation  

net.transformer.resblocks.8.mlp.c_proj.weight - torch.Size([512, 2048]): 
The value is the same before and after calling `init_weights` of SegEarthSegmentation  

net.transformer.resblocks.8.mlp.c_proj.bias - torch.Size([512]): 
The value is the same before and after calling `init_weights` of SegEarthSegmentation  

net.transformer.resblocks.9.ln_1.weight - torch.Size([512]): 
The value is the same before and after calling `init_weights` of SegEarthSegmentation  

net.transformer.resblocks.9.ln_1.bias - torch.Size([512]): 
The value is the same before and after calling `init_weights` of SegEarthSegmentation  

net.transformer.resblocks.9.attn.in_proj_weight - torch.Size([1536, 512]): 
The value is the same before and after calling `init_weights` of SegEarthSegmentation  

net.transformer.resblocks.9.attn.in_proj_bias - torch.Size([1536]): 
The value is the same before and after calling `init_weights` of SegEarthSegmentation  

net.transformer.resblocks.9.attn.out_proj.weight - torch.Size([512, 512]): 
The value is the same before and after calling `init_weights` of SegEarthSegmentation  

net.transformer.resblocks.9.attn.out_proj.bias - torch.Size([512]): 
The value is the same before and after calling `init_weights` of SegEarthSegmentation  

net.transformer.resblocks.9.ln_2.weight - torch.Size([512]): 
The value is the same before and after calling `init_weights` of SegEarthSegmentation  

net.transformer.resblocks.9.ln_2.bias - torch.Size([512]): 
The value is the same before and after calling `init_weights` of SegEarthSegmentation  

net.transformer.resblocks.9.mlp.c_fc.weight - torch.Size([2048, 512]): 
The value is the same before and after calling `init_weights` of SegEarthSegmentation  

net.transformer.resblocks.9.mlp.c_fc.bias - torch.Size([2048]): 
The value is the same before and after calling `init_weights` of SegEarthSegmentation  

net.transformer.resblocks.9.mlp.c_proj.weight - torch.Size([512, 2048]): 
The value is the same before and after calling `init_weights` of SegEarthSegmentation  

net.transformer.resblocks.9.mlp.c_proj.bias - torch.Size([512]): 
The value is the same before and after calling `init_weights` of SegEarthSegmentation  

net.transformer.resblocks.10.ln_1.weight - torch.Size([512]): 
The value is the same before and after calling `init_weights` of SegEarthSegmentation  

net.transformer.resblocks.10.ln_1.bias - torch.Size([512]): 
The value is the same before and after calling `init_weights` of SegEarthSegmentation  

net.transformer.resblocks.10.attn.in_proj_weight - torch.Size([1536, 512]): 
The value is the same before and after calling `init_weights` of SegEarthSegmentation  

net.transformer.resblocks.10.attn.in_proj_bias - torch.Size([1536]): 
The value is the same before and after calling `init_weights` of SegEarthSegmentation  

net.transformer.resblocks.10.attn.out_proj.weight - torch.Size([512, 512]): 
The value is the same before and after calling `init_weights` of SegEarthSegmentation  

net.transformer.resblocks.10.attn.out_proj.bias - torch.Size([512]): 
The value is the same before and after calling `init_weights` of SegEarthSegmentation  

net.transformer.resblocks.10.ln_2.weight - torch.Size([512]): 
The value is the same before and after calling `init_weights` of SegEarthSegmentation  

net.transformer.resblocks.10.ln_2.bias - torch.Size([512]): 
The value is the same before and after calling `init_weights` of SegEarthSegmentation  

net.transformer.resblocks.10.mlp.c_fc.weight - torch.Size([2048, 512]): 
The value is the same before and after calling `init_weights` of SegEarthSegmentation  

net.transformer.resblocks.10.mlp.c_fc.bias - torch.Size([2048]): 
The value is the same before and after calling `init_weights` of SegEarthSegmentation  

net.transformer.resblocks.10.mlp.c_proj.weight - torch.Size([512, 2048]): 
The value is the same before and after calling `init_weights` of SegEarthSegmentation  

net.transformer.resblocks.10.mlp.c_proj.bias - torch.Size([512]): 
The value is the same before and after calling `init_weights` of SegEarthSegmentation  

net.transformer.resblocks.11.ln_1.weight - torch.Size([512]): 
The value is the same before and after calling `init_weights` of SegEarthSegmentation  

net.transformer.resblocks.11.ln_1.bias - torch.Size([512]): 
The value is the same before and after calling `init_weights` of SegEarthSegmentation  

net.transformer.resblocks.11.attn.in_proj_weight - torch.Size([1536, 512]): 
The value is the same before and after calling `init_weights` of SegEarthSegmentation  

net.transformer.resblocks.11.attn.in_proj_bias - torch.Size([1536]): 
The value is the same before and after calling `init_weights` of SegEarthSegmentation  

net.transformer.resblocks.11.attn.out_proj.weight - torch.Size([512, 512]): 
The value is the same before and after calling `init_weights` of SegEarthSegmentation  

net.transformer.resblocks.11.attn.out_proj.bias - torch.Size([512]): 
The value is the same before and after calling `init_weights` of SegEarthSegmentation  

net.transformer.resblocks.11.ln_2.weight - torch.Size([512]): 
The value is the same before and after calling `init_weights` of SegEarthSegmentation  

net.transformer.resblocks.11.ln_2.bias - torch.Size([512]): 
The value is the same before and after calling `init_weights` of SegEarthSegmentation  

net.transformer.resblocks.11.mlp.c_fc.weight - torch.Size([2048, 512]): 
The value is the same before and after calling `init_weights` of SegEarthSegmentation  

net.transformer.resblocks.11.mlp.c_fc.bias - torch.Size([2048]): 
The value is the same before and after calling `init_weights` of SegEarthSegmentation  

net.transformer.resblocks.11.mlp.c_proj.weight - torch.Size([512, 2048]): 
The value is the same before and after calling `init_weights` of SegEarthSegmentation  

net.transformer.resblocks.11.mlp.c_proj.bias - torch.Size([512]): 
The value is the same before and after calling `init_weights` of SegEarthSegmentation  

net.token_embedding.weight - torch.Size([49408, 512]): 
The value is the same before and after calling `init_weights` of SegEarthSegmentation  

net.ln_final.weight - torch.Size([512]): 
The value is the same before and after calling `init_weights` of SegEarthSegmentation  

net.ln_final.bias - torch.Size([512]): 
The value is the same before and after calling `init_weights` of SegEarthSegmentation  

upsampler.up.range_temp - torch.Size([]): 
The value is the same before and after calling `init_weights` of SegEarthSegmentation  

upsampler.up.sigma_spatial - torch.Size([]): 
The value is the same before and after calling `init_weights` of SegEarthSegmentation  

upsampler.up.range_proj.0.weight - torch.Size([32, 3, 1, 1]): 
The value is the same before and after calling `init_weights` of SegEarthSegmentation  

upsampler.up.range_proj.0.bias - torch.Size([32]): 
The value is the same before and after calling `init_weights` of SegEarthSegmentation  

upsampler.up.range_proj.3.weight - torch.Size([32, 32, 1, 1]): 
The value is the same before and after calling `init_weights` of SegEarthSegmentation  

upsampler.up.range_proj.3.bias - torch.Size([32]): 
The value is the same before and after calling `init_weights` of SegEarthSegmentation  

upsampler.up.fixup_proj.0.weight - torch.Size([121, 124, 1, 1]): 
The value is the same before and after calling `init_weights` of SegEarthSegmentation  

upsampler.up.fixup_proj.0.bias - torch.Size([121]): 
The value is the same before and after calling `init_weights` of SegEarthSegmentation  

upsampler.up.fixup_proj.3.weight - torch.Size([121, 121, 1, 1]): 
The value is the same before and after calling `init_weights` of SegEarthSegmentation  

upsampler.up.fixup_proj.3.bias - torch.Size([121]): 
The value is the same before and after calling `init_weights` of SegEarthSegmentation  

upsampler.fixup_proj.1.weight - torch.Size([512, 512, 1, 1]): 
The value is the same before and after calling `init_weights` of SegEarthSegmentation  

upsampler.fixup_proj.1.bias - torch.Size([512]): 
The value is the same before and after calling `init_weights` of SegEarthSegmentation  
2025/06/17 18:03:47 - mmengine - WARNING - "FileClient" will be deprecated in future. Please use io functions in https://mmengine.readthedocs.io/en/latest/api/fileio.html#file-io
2025/06/17 18:03:47 - mmengine - WARNING - "HardDiskBackend" is the alias of "LocalBackend" and the former will be deprecated in future.
2025/06/17 18:03:47 - mmengine - INFO - Checkpoints will be saved to /data/SegEarth-OV/train_logs.
2025/06/17 18:03:49 - mmengine - INFO - Iter(train) [    1/12000]  lr: 1.0000e-03  eta: 6:46:07  time: 2.0308  data_time: 0.4651  memory: 7132  loss: 1.6065  loss_ce: 1.6065
2025/06/17 18:03:49 - mmengine - INFO - Iter(train) [    2/12000]  lr: 1.0000e-03  eta: 4:19:48  time: 1.2992  data_time: 0.2345  memory: 7172  loss: 1.5908  loss_ce: 1.5908
2025/06/17 18:03:50 - mmengine - INFO - Iter(train) [    3/12000]  lr: 1.0000e-03  eta: 3:19:18  time: 0.9968  data_time: 0.1572  memory: 7172  loss: 1.5808  loss_ce: 1.5808
2025/06/17 18:03:50 - mmengine - INFO - Iter(train) [    4/12000]  lr: 1.0000e-03  eta: 2:54:19  time: 0.8720  data_time: 0.1185  memory: 7172  loss: 1.5782  loss_ce: 1.5782
2025/06/17 18:03:51 - mmengine - INFO - Iter(train) [    5/12000]  lr: 1.0000e-03  eta: 2:36:02  time: 0.7806  data_time: 0.0956  memory: 7172  loss: 1.5628  loss_ce: 1.5628
2025/06/17 18:03:51 - mmengine - INFO - Iter(train) [    6/12000]  lr: 1.0000e-03  eta: 2:22:57  time: 0.7151  data_time: 0.0802  memory: 7172  loss: 1.5550  loss_ce: 1.5550
2025/06/17 18:03:51 - mmengine - INFO - Iter(train) [    7/12000]  lr: 1.0000e-03  eta: 2:14:07  time: 0.6710  data_time: 0.0691  memory: 7172  loss: 1.5450  loss_ce: 1.5450
2025/06/17 18:03:52 - mmengine - INFO - Iter(train) [    8/12000]  lr: 1.0000e-03  eta: 2:09:40  time: 0.6488  data_time: 0.0608  memory: 7172  loss: 1.5388  loss_ce: 1.5388
2025/06/17 18:03:52 - mmengine - INFO - Iter(train) [    9/12000]  lr: 1.0000e-03  eta: 2:06:24  time: 0.6325  data_time: 0.0543  memory: 7172  loss: 1.5383  loss_ce: 1.5383
2025/06/17 18:03:53 - mmengine - INFO - Iter(train) [   10/12000]  lr: 1.0000e-03  eta: 2:01:50  time: 0.6097  data_time: 0.0491  memory: 7172  loss: 1.5323  loss_ce: 1.5323
2025/06/17 18:03:53 - mmengine - INFO - Iter(train) [   11/12000]  lr: 1.0000e-03  eta: 1:59:41  time: 0.4559  data_time: 0.0031  memory: 7172  loss: 1.5173  loss_ce: 1.5173
2025/06/17 18:03:54 - mmengine - INFO - Iter(train) [   12/12000]  lr: 1.0000e-03  eta: 1:57:54  time: 0.4483  data_time: 0.0030  memory: 7172  loss: 1.5078  loss_ce: 1.5078
2025/06/17 18:03:54 - mmengine - INFO - Iter(train) [   13/12000]  lr: 1.0000e-03  eta: 1:55:06  time: 0.4500  data_time: 0.0031  memory: 7172  loss: 1.4967  loss_ce: 1.4967
2025/06/17 18:03:55 - mmengine - INFO - Iter(train) [   14/12000]  lr: 1.0000e-03  eta: 1:52:34  time: 0.4401  data_time: 0.0033  memory: 7172  loss: 1.4836  loss_ce: 1.4836
2025/06/17 18:03:55 - mmengine - INFO - Iter(train) [   15/12000]  lr: 1.0000e-03  eta: 1:50:24  time: 0.4388  data_time: 0.0032  memory: 7172  loss: 1.4864  loss_ce: 1.4864
2025/06/17 18:03:55 - mmengine - INFO - Iter(train) [   16/12000]  lr: 1.0000e-03  eta: 1:48:29  time: 0.4400  data_time: 0.0031  memory: 7172  loss: 1.4877  loss_ce: 1.4877
2025/06/17 18:03:56 - mmengine - INFO - Iter(train) [   17/12000]  lr: 1.0000e-03  eta: 1:46:42  time: 0.4386  data_time: 0.0033  memory: 7172  loss: 1.4881  loss_ce: 1.4881
2025/06/17 18:03:56 - mmengine - INFO - Iter(train) [   18/12000]  lr: 1.0000e-03  eta: 1:45:13  time: 0.4294  data_time: 0.0035  memory: 7172  loss: 1.4918  loss_ce: 1.4918
2025/06/17 18:03:57 - mmengine - INFO - Iter(train) [   19/12000]  lr: 1.0000e-03  eta: 1:43:50  time: 0.4189  data_time: 0.0038  memory: 7172  loss: 1.4834  loss_ce: 1.4834
2025/06/17 18:03:57 - mmengine - INFO - Iter(train) [   20/12000]  lr: 1.0000e-03  eta: 1:42:46  time: 0.4198  data_time: 0.0041  memory: 7172  loss: 1.4868  loss_ce: 1.4868
2025/06/17 18:03:57 - mmengine - INFO - Iter(train) [   21/12000]  lr: 1.0000e-03  eta: 1:41:41  time: 0.4107  data_time: 0.0040  memory: 7172  loss: 1.4985  loss_ce: 1.4985
2025/06/17 18:03:58 - mmengine - INFO - Iter(train) [   22/12000]  lr: 1.0000e-03  eta: 1:40:37  time: 0.4008  data_time: 0.0042  memory: 7172  loss: 1.4903  loss_ce: 1.4903
2025/06/17 18:03:58 - mmengine - INFO - Iter(train) [   23/12000]  lr: 1.0000e-03  eta: 1:39:42  time: 0.3997  data_time: 0.0043  memory: 7172  loss: 1.4923  loss_ce: 1.4923
2025/06/17 18:03:59 - mmengine - INFO - Iter(train) [   24/12000]  lr: 1.0000e-03  eta: 1:38:57  time: 0.4009  data_time: 0.0044  memory: 7172  loss: 1.4967  loss_ce: 1.4967
2025/06/17 18:03:59 - mmengine - INFO - Iter(train) [   25/12000]  lr: 1.0000e-03  eta: 1:38:04  time: 0.3995  data_time: 0.0043  memory: 7172  loss: 1.4850  loss_ce: 1.4850
2025/06/17 18:03:59 - mmengine - INFO - Iter(train) [   26/12000]  lr: 1.0000e-03  eta: 1:37:22  time: 0.3996  data_time: 0.0044  memory: 7172  loss: 1.4727  loss_ce: 1.4727
2025/06/17 18:04:00 - mmengine - INFO - Iter(train) [   27/12000]  lr: 1.0000e-03  eta: 1:36:41  time: 0.3998  data_time: 0.0044  memory: 7172  loss: 1.4703  loss_ce: 1.4703
2025/06/17 18:04:00 - mmengine - INFO - Iter(train) [   28/12000]  lr: 1.0000e-03  eta: 1:36:48  time: 0.4100  data_time: 0.0044  memory: 7172  loss: 1.4640  loss_ce: 1.4640
2025/06/17 18:04:01 - mmengine - INFO - Iter(train) [   29/12000]  lr: 1.0000e-03  eta: 1:36:53  time: 0.4202  data_time: 0.0042  memory: 7172  loss: 1.4720  loss_ce: 1.4720
2025/06/17 18:04:01 - mmengine - INFO - Iter(train) [   30/12000]  lr: 1.0000e-03  eta: 1:37:10  time: 0.4318  data_time: 0.0039  memory: 7172  loss: 1.4659  loss_ce: 1.4659
2025/06/17 18:04:02 - mmengine - INFO - Iter(train) [   31/12000]  lr: 1.0000e-03  eta: 1:37:41  time: 0.4486  data_time: 0.0042  memory: 7172  loss: 1.4497  loss_ce: 1.4497
2025/06/17 18:04:02 - mmengine - INFO - Iter(train) [   32/12000]  lr: 1.0000e-03  eta: 1:37:52  time: 0.4611  data_time: 0.0041  memory: 7172  loss: 1.4612  loss_ce: 1.4612
2025/06/17 18:04:03 - mmengine - INFO - Iter(train) [   33/12000]  lr: 1.0000e-03  eta: 1:38:29  time: 0.4809  data_time: 0.0046  memory: 7172  loss: 1.4565  loss_ce: 1.4565
2025/06/17 18:04:03 - mmengine - INFO - Iter(train) [   34/12000]  lr: 1.0000e-03  eta: 1:37:59  time: 0.4806  data_time: 0.0046  memory: 7172  loss: 1.4466  loss_ce: 1.4466
2025/06/17 18:04:04 - mmengine - INFO - Iter(train) [   35/12000]  lr: 1.0000e-03  eta: 1:38:32  time: 0.5009  data_time: 0.0049  memory: 7172  loss: 1.4443  loss_ce: 1.4443
2025/06/17 18:04:05 - mmengine - INFO - Iter(train) [   36/12000]  lr: 1.0000e-03  eta: 1:38:33  time: 0.5108  data_time: 0.0049  memory: 7172  loss: 1.4508  loss_ce: 1.4508
2025/06/17 18:04:05 - mmengine - INFO - Iter(train) [   37/12000]  lr: 1.0000e-03  eta: 1:38:37  time: 0.5219  data_time: 0.0047  memory: 7172  loss: 1.4421  loss_ce: 1.4421
2025/06/17 18:04:05 - mmengine - INFO - Iter(train) [   38/12000]  lr: 1.0000e-03  eta: 1:38:31  time: 0.5195  data_time: 0.0046  memory: 7172  loss: 1.4406  loss_ce: 1.4406
2025/06/17 18:04:06 - mmengine - INFO - Iter(train) [   39/12000]  lr: 1.0000e-03  eta: 1:38:36  time: 0.5207  data_time: 0.0047  memory: 7172  loss: 1.4345  loss_ce: 1.4345
2025/06/17 18:04:07 - mmengine - INFO - Iter(train) [   40/12000]  lr: 1.0000e-03  eta: 1:38:45  time: 0.5204  data_time: 0.0047  memory: 7172  loss: 1.4431  loss_ce: 1.4431
2025/06/17 18:04:07 - mmengine - INFO - Iter(train) [   41/12000]  lr: 1.0000e-03  eta: 1:38:42  time: 0.5121  data_time: 0.0045  memory: 7172  loss: 1.4498  loss_ce: 1.4498
2025/06/17 18:04:08 - mmengine - INFO - Iter(train) [   42/12000]  lr: 1.0000e-03  eta: 1:39:04  time: 0.5178  data_time: 0.0046  memory: 7172  loss: 1.4446  loss_ce: 1.4446
2025/06/17 18:04:08 - mmengine - INFO - Iter(train) [   43/12000]  lr: 1.0000e-03  eta: 1:39:34  time: 0.5188  data_time: 0.0037  memory: 7172  loss: 1.4488  loss_ce: 1.4488
2025/06/17 18:04:09 - mmengine - INFO - Iter(train) [   44/12000]  lr: 1.0000e-03  eta: 1:39:36  time: 0.5288  data_time: 0.0037  memory: 7172  loss: 1.4525  loss_ce: 1.4525
2025/06/17 18:04:09 - mmengine - INFO - Iter(train) [   45/12000]  lr: 1.0000e-03  eta: 1:39:10  time: 0.5105  data_time: 0.0035  memory: 7172  loss: 1.4576  loss_ce: 1.4576
2025/06/17 18:04:10 - mmengine - INFO - Iter(train) [   46/12000]  lr: 1.0000e-03  eta: 1:39:00  time: 0.5065  data_time: 0.0034  memory: 7172  loss: 1.4520  loss_ce: 1.4520
2025/06/17 18:04:10 - mmengine - INFO - Iter(train) [   47/12000]  lr: 1.0000e-03  eta: 1:38:38  time: 0.4973  data_time: 0.0035  memory: 7172  loss: 1.4634  loss_ce: 1.4634
2025/06/17 18:04:10 - mmengine - INFO - Iter(train) [   48/12000]  lr: 1.0000e-03  eta: 1:38:21  time: 0.4920  data_time: 0.0036  memory: 7172  loss: 1.4632  loss_ce: 1.4632
2025/06/17 18:04:11 - mmengine - INFO - Iter(train) [   49/12000]  lr: 1.0000e-03  eta: 1:38:21  time: 0.4904  data_time: 0.0035  memory: 7172  loss: 1.4636  loss_ce: 1.4636
2025/06/17 18:04:11 - mmengine - INFO - Iter(train) [   50/12000]  lr: 1.0000e-03  eta: 1:38:42  time: 0.4964  data_time: 0.0036  memory: 7172  loss: 1.4600  loss_ce: 1.4600
2025/06/17 18:04:12 - mmengine - INFO - Iter(train) [   51/12000]  lr: 1.0000e-03  eta: 1:38:27  time: 0.4908  data_time: 0.0034  memory: 7172  loss: 1.4619  loss_ce: 1.4619
2025/06/17 18:04:12 - mmengine - INFO - Iter(train) [   52/12000]  lr: 1.0000e-03  eta: 1:38:30  time: 0.4845  data_time: 0.0033  memory: 7172  loss: 1.4530  loss_ce: 1.4530
2025/06/17 18:04:13 - mmengine - INFO - Iter(train) [   53/12000]  lr: 1.0000e-03  eta: 1:38:47  time: 0.4810  data_time: 0.0035  memory: 7172  loss: 1.4580  loss_ce: 1.4580
2025/06/17 18:04:13 - mmengine - INFO - Iter(train) [   54/12000]  lr: 1.0000e-03  eta: 1:38:43  time: 0.4782  data_time: 0.0034  memory: 7172  loss: 1.4651  loss_ce: 1.4651
2025/06/17 18:04:14 - mmengine - INFO - Iter(train) [   55/12000]  lr: 1.0000e-03  eta: 1:38:04  time: 0.4693  data_time: 0.0034  memory: 7172  loss: 1.4625  loss_ce: 1.4625
2025/06/17 18:04:14 - mmengine - INFO - Iter(train) [   56/12000]  lr: 1.0000e-03  eta: 1:37:44  time: 0.4634  data_time: 0.0035  memory: 7172  loss: 1.4790  loss_ce: 1.4790
2025/06/17 18:04:15 - mmengine - INFO - Iter(train) [   57/12000]  lr: 1.0000e-03  eta: 1:37:22  time: 0.4613  data_time: 0.0032  memory: 7172  loss: 1.4761  loss_ce: 1.4761
2025/06/17 18:04:15 - mmengine - INFO - Iter(train) [   58/12000]  lr: 1.0000e-03  eta: 1:37:22  time: 0.4678  data_time: 0.0031  memory: 7172  loss: 1.4723  loss_ce: 1.4723
2025/06/17 18:04:15 - mmengine - INFO - Iter(train) [   59/12000]  lr: 1.0000e-03  eta: 1:36:48  time: 0.4506  data_time: 0.0031  memory: 7172  loss: 1.4667  loss_ce: 1.4667
2025/06/17 18:04:16 - mmengine - INFO - Iter(train) [   60/12000]  lr: 1.0000e-03  eta: 1:36:45  time: 0.4391  data_time: 0.0030  memory: 7172  loss: 1.4585  loss_ce: 1.4585
2025/06/17 18:04:16 - mmengine - INFO - Iter(train) [   61/12000]  lr: 1.0000e-03  eta: 1:36:29  time: 0.4367  data_time: 0.0031  memory: 7172  loss: 1.4586  loss_ce: 1.4586
2025/06/17 18:04:17 - mmengine - INFO - Iter(train) [   62/12000]  lr: 1.0000e-03  eta: 1:35:56  time: 0.4173  data_time: 0.0030  memory: 7172  loss: 1.4640  loss_ce: 1.4640
2025/06/17 18:04:17 - mmengine - INFO - Iter(train) [   63/12000]  lr: 1.0000e-03  eta: 1:35:56  time: 0.4085  data_time: 0.0028  memory: 7172  loss: 1.4604  loss_ce: 1.4604
2025/06/17 18:04:18 - mmengine - INFO - Iter(train) [   64/12000]  lr: 1.0000e-03  eta: 1:35:42  time: 0.4017  data_time: 0.0030  memory: 7172  loss: 1.4508  loss_ce: 1.4508
2025/06/17 18:04:18 - mmengine - INFO - Iter(train) [   65/12000]  lr: 1.0000e-03  eta: 1:35:27  time: 0.4101  data_time: 0.0030  memory: 7172  loss: 1.4527  loss_ce: 1.4527
2025/06/17 18:04:18 - mmengine - INFO - Iter(train) [   66/12000]  lr: 1.0000e-03  eta: 1:35:30  time: 0.4199  data_time: 0.0030  memory: 7172  loss: 1.4422  loss_ce: 1.4422
2025/06/17 18:04:19 - mmengine - INFO - Iter(train) [   67/12000]  lr: 1.0000e-03  eta: 1:35:17  time: 0.4217  data_time: 0.0031  memory: 7172  loss: 1.4409  loss_ce: 1.4409
2025/06/17 18:04:19 - mmengine - INFO - Iter(train) [   68/12000]  lr: 1.0000e-03  eta: 1:35:01  time: 0.4117  data_time: 0.0032  memory: 7172  loss: 1.4447  loss_ce: 1.4447
2025/06/17 18:04:20 - mmengine - INFO - Iter(train) [   69/12000]  lr: 1.0000e-03  eta: 1:34:49  time: 0.4201  data_time: 0.0033  memory: 7172  loss: 1.4518  loss_ce: 1.4518
2025/06/17 18:04:20 - mmengine - INFO - Iter(train) [   70/12000]  lr: 1.0000e-03  eta: 1:34:34  time: 0.4123  data_time: 0.0032  memory: 7172  loss: 1.4480  loss_ce: 1.4480
2025/06/17 18:04:20 - mmengine - INFO - Iter(train) [   71/12000]  lr: 1.0000e-03  eta: 1:34:22  time: 0.4124  data_time: 0.0031  memory: 7172  loss: 1.4446  loss_ce: 1.4446
2025/06/17 18:04:21 - mmengine - INFO - Iter(train) [   72/12000]  lr: 1.0000e-03  eta: 1:34:08  time: 0.4200  data_time: 0.0032  memory: 7172  loss: 1.4492  loss_ce: 1.4492
2025/06/17 18:04:21 - mmengine - INFO - Iter(train) [   73/12000]  lr: 1.0000e-03  eta: 1:33:54  time: 0.4104  data_time: 0.0031  memory: 7172  loss: 1.4415  loss_ce: 1.4415
2025/06/17 18:04:22 - mmengine - INFO - Iter(train) [   74/12000]  lr: 1.0000e-03  eta: 1:33:41  time: 0.4092  data_time: 0.0030  memory: 7172  loss: 1.4420  loss_ce: 1.4420
2025/06/17 18:04:22 - mmengine - INFO - Iter(train) [   75/12000]  lr: 1.0000e-03  eta: 1:33:46  time: 0.4191  data_time: 0.0031  memory: 7172  loss: 1.4458  loss_ce: 1.4458
2025/06/17 18:04:23 - mmengine - INFO - Iter(train) [   76/12000]  lr: 1.0000e-03  eta: 1:33:49  time: 0.4191  data_time: 0.0031  memory: 7172  loss: 1.4411  loss_ce: 1.4411
2025/06/17 18:04:23 - mmengine - INFO - Iter(train) [   77/12000]  lr: 1.0000e-03  eta: 1:33:39  time: 0.4186  data_time: 0.0030  memory: 7172  loss: 1.4366  loss_ce: 1.4366
2025/06/17 18:04:24 - mmengine - INFO - Iter(train) [   78/12000]  lr: 1.0000e-03  eta: 1:33:43  time: 0.4299  data_time: 0.0030  memory: 7172  loss: 1.4375  loss_ce: 1.4375
2025/06/17 18:04:24 - mmengine - INFO - Iter(train) [   79/12000]  lr: 1.0000e-03  eta: 1:34:02  time: 0.4490  data_time: 0.0031  memory: 7172  loss: 1.4276  loss_ce: 1.4276
2025/06/17 18:04:25 - mmengine - INFO - Iter(train) [   80/12000]  lr: 1.0000e-03  eta: 1:34:21  time: 0.4701  data_time: 0.0033  memory: 7172  loss: 1.4353  loss_ce: 1.4353
2025/06/17 18:04:25 - mmengine - INFO - Iter(train) [   81/12000]  lr: 1.0000e-03  eta: 1:34:37  time: 0.4880  data_time: 0.0033  memory: 7172  loss: 1.4293  loss_ce: 1.4293
2025/06/17 18:04:26 - mmengine - INFO - Iter(train) [   82/12000]  lr: 1.0000e-03  eta: 1:34:25  time: 0.4883  data_time: 0.0034  memory: 7172  loss: 1.4235  loss_ce: 1.4235
2025/06/17 18:04:26 - mmengine - INFO - Iter(train) [   83/12000]  lr: 1.0000e-03  eta: 1:34:15  time: 0.4903  data_time: 0.0036  memory: 7172  loss: 1.4298  loss_ce: 1.4298
2025/06/17 18:04:27 - mmengine - INFO - Iter(train) [   84/12000]  lr: 1.0000e-03  eta: 1:34:32  time: 0.5102  data_time: 0.0037  memory: 7172  loss: 1.4259  loss_ce: 1.4259
2025/06/17 18:04:27 - mmengine - INFO - Iter(train) [   85/12000]  lr: 1.0000e-03  eta: 1:34:50  time: 0.5207  data_time: 0.0036  memory: 7172  loss: 1.4203  loss_ce: 1.4203
2025/06/17 18:04:28 - mmengine - INFO - Iter(train) [   86/12000]  lr: 1.0000e-03  eta: 1:34:52  time: 0.5206  data_time: 0.0036  memory: 7172  loss: 1.4128  loss_ce: 1.4128
2025/06/17 18:04:28 - mmengine - INFO - Iter(train) [   87/12000]  lr: 1.0000e-03  eta: 1:34:41  time: 0.5202  data_time: 0.0035  memory: 7172  loss: 1.4197  loss_ce: 1.4197
2025/06/17 18:04:29 - mmengine - INFO - Iter(train) [   88/12000]  lr: 1.0000e-03  eta: 1:34:58  time: 0.5300  data_time: 0.0036  memory: 7172  loss: 1.4153  loss_ce: 1.4153
2025/06/17 18:04:29 - mmengine - INFO - Iter(train) [   89/12000]  lr: 1.0000e-03  eta: 1:35:12  time: 0.5290  data_time: 0.0034  memory: 7172  loss: 1.4143  loss_ce: 1.4143
2025/06/17 18:04:30 - mmengine - INFO - Iter(train) [   90/12000]  lr: 1.0000e-03  eta: 1:35:15  time: 0.5192  data_time: 0.0033  memory: 7172  loss: 1.4083  loss_ce: 1.4083
2025/06/17 18:04:30 - mmengine - INFO - Iter(train) [   91/12000]  lr: 1.0000e-03  eta: 1:35:03  time: 0.5001  data_time: 0.0032  memory: 7172  loss: 1.4046  loss_ce: 1.4046
2025/06/17 18:04:31 - mmengine - INFO - Iter(train) [   92/12000]  lr: 1.0000e-03  eta: 1:34:55  time: 0.5026  data_time: 0.0032  memory: 7172  loss: 1.4039  loss_ce: 1.4039
2025/06/17 18:04:31 - mmengine - INFO - Iter(train) [   93/12000]  lr: 1.0000e-03  eta: 1:34:43  time: 0.5004  data_time: 0.0031  memory: 7172  loss: 1.4000  loss_ce: 1.4000
2025/06/17 18:04:32 - mmengine - INFO - Iter(train) [   94/12000]  lr: 1.0000e-03  eta: 1:34:45  time: 0.4900  data_time: 0.0031  memory: 7172  loss: 1.4041  loss_ce: 1.4041
2025/06/17 18:04:32 - mmengine - INFO - Iter(train) [   95/12000]  lr: 1.0000e-03  eta: 1:34:34  time: 0.4692  data_time: 0.0031  memory: 7172  loss: 1.4014  loss_ce: 1.4014
2025/06/17 18:04:32 - mmengine - INFO - Iter(train) [   96/12000]  lr: 1.0000e-03  eta: 1:34:26  time: 0.4605  data_time: 0.0033  memory: 7172  loss: 1.4013  loss_ce: 1.4013
2025/06/17 18:04:33 - mmengine - INFO - Iter(train) [   97/12000]  lr: 1.0000e-03  eta: 1:34:16  time: 0.4604  data_time: 0.0033  memory: 7172  loss: 1.4018  loss_ce: 1.4018
2025/06/17 18:04:33 - mmengine - INFO - Iter(train) [   98/12000]  lr: 1.0000e-03  eta: 1:34:07  time: 0.4409  data_time: 0.0033  memory: 7172  loss: 1.4059  loss_ce: 1.4059
2025/06/17 18:04:34 - mmengine - INFO - Iter(train) [   99/12000]  lr: 1.0000e-03  eta: 1:33:56  time: 0.4206  data_time: 0.0033  memory: 7172  loss: 1.4170  loss_ce: 1.4170
2025/06/17 18:04:34 - mmengine - INFO - Iter(train) [  100/12000]  lr: 1.0000e-03  eta: 1:33:46  time: 0.4091  data_time: 0.0033  memory: 7172  loss: 1.4240  loss_ce: 1.4240
2025/06/17 18:04:34 - mmengine - INFO - Iter(train) [  101/12000]  lr: 1.0000e-03  eta: 1:33:38  time: 0.4107  data_time: 0.0032  memory: 7172  loss: 1.4290  loss_ce: 1.4290
2025/06/17 18:04:35 - mmengine - INFO - Iter(train) [  102/12000]  lr: 1.0000e-03  eta: 1:33:29  time: 0.4085  data_time: 0.0032  memory: 7172  loss: 1.4225  loss_ce: 1.4225
2025/06/17 18:04:35 - mmengine - INFO - Iter(train) [  103/12000]  lr: 1.0000e-03  eta: 1:33:21  time: 0.4108  data_time: 0.0031  memory: 7172  loss: 1.4221  loss_ce: 1.4221
2025/06/17 18:04:36 - mmengine - INFO - Iter(train) [  104/12000]  lr: 1.0000e-03  eta: 1:33:23  time: 0.4103  data_time: 0.0031  memory: 7172  loss: 1.4238  loss_ce: 1.4238
2025/06/17 18:04:36 - mmengine - INFO - Iter(train) [  105/12000]  lr: 1.0000e-03  eta: 1:33:16  time: 0.4116  data_time: 0.0032  memory: 7172  loss: 1.4266  loss_ce: 1.4266
2025/06/17 18:04:37 - mmengine - INFO - Iter(train) [  106/12000]  lr: 1.0000e-03  eta: 1:33:08  time: 0.4108  data_time: 0.0031  memory: 7172  loss: 1.4287  loss_ce: 1.4287
2025/06/17 18:04:37 - mmengine - INFO - Iter(train) [  107/12000]  lr: 1.0000e-03  eta: 1:32:57  time: 0.4084  data_time: 0.0032  memory: 7172  loss: 1.4176  loss_ce: 1.4176
2025/06/17 18:04:37 - mmengine - INFO - Iter(train) [  108/12000]  lr: 1.0000e-03  eta: 1:32:49  time: 0.4075  data_time: 0.0033  memory: 7172  loss: 1.4192  loss_ce: 1.4192
2025/06/17 18:04:38 - mmengine - INFO - Iter(train) [  109/12000]  lr: 1.0000e-03  eta: 1:32:32  time: 0.4005  data_time: 0.0035  memory: 7172  loss: 1.4093  loss_ce: 1.4093
2025/06/17 18:04:38 - mmengine - INFO - Iter(train) [  110/12000]  lr: 1.0000e-03  eta: 1:32:45  time: 0.4208  data_time: 0.0037  memory: 7172  loss: 1.3981  loss_ce: 1.3981
2025/06/17 18:04:39 - mmengine - INFO - Iter(train) [  111/12000]  lr: 1.0000e-03  eta: 1:32:48  time: 0.4295  data_time: 0.0038  memory: 7172  loss: 1.3973  loss_ce: 1.3973
2025/06/17 18:04:39 - mmengine - INFO - Iter(train) [  112/12000]  lr: 1.0000e-03  eta: 1:32:51  time: 0.4398  data_time: 0.0038  memory: 7172  loss: 1.4009  loss_ce: 1.4009
2025/06/17 18:04:40 - mmengine - INFO - Iter(train) [  113/12000]  lr: 1.0000e-03  eta: 1:32:43  time: 0.4389  data_time: 0.0038  memory: 7172  loss: 1.3986  loss_ce: 1.3986
2025/06/17 18:04:40 - mmengine - INFO - Iter(train) [  114/12000]  lr: 1.0000e-03  eta: 1:32:36  time: 0.4304  data_time: 0.0038  memory: 7172  loss: 1.3977  loss_ce: 1.3977
2025/06/17 18:04:40 - mmengine - INFO - Iter(train) [  115/12000]  lr: 1.0000e-03  eta: 1:32:38  time: 0.4382  data_time: 0.0036  memory: 7172  loss: 1.3966  loss_ce: 1.3966
2025/06/17 18:04:41 - mmengine - INFO - Iter(train) [  116/12000]  lr: 1.0000e-03  eta: 1:32:30  time: 0.4373  data_time: 0.0037  memory: 7172  loss: 1.3996  loss_ce: 1.3996
2025/06/17 18:04:41 - mmengine - INFO - Iter(train) [  117/12000]  lr: 1.0000e-03  eta: 1:32:15  time: 0.4320  data_time: 0.0037  memory: 7172  loss: 1.4078  loss_ce: 1.4078
2025/06/17 18:04:42 - mmengine - INFO - Iter(train) [  118/12000]  lr: 1.0000e-03  eta: 1:32:14  time: 0.4380  data_time: 0.0036  memory: 7172  loss: 1.4076  loss_ce: 1.4076
2025/06/17 18:04:42 - mmengine - INFO - Iter(train) [  119/12000]  lr: 1.0000e-03  eta: 1:31:59  time: 0.4389  data_time: 0.0036  memory: 7172  loss: 1.4142  loss_ce: 1.4142
2025/06/17 18:04:42 - mmengine - INFO - Exp name: cfg_udd5_20250617_180340
2025/06/17 18:04:42 - mmengine - INFO - Iter(train) [  120/12000]  lr: 1.0000e-03  eta: 1:32:01  time: 0.4285  data_time: 0.0035  memory: 7172  loss: 1.4163  loss_ce: 1.4163
2025/06/17 18:04:42 - mmengine - INFO - Saving checkpoint at 1 epochs
2025/06/17 18:04:44 - mmengine - INFO - Iter(train) [  121/12000]  lr: 1.0000e-03  eta: 1:32:19  time: 0.4440  data_time: 0.0257  memory: 7172  loss: 1.4095  loss_ce: 1.4095
2025/06/17 18:04:45 - mmengine - INFO - Iter(train) [  122/12000]  lr: 1.0000e-03  eta: 1:32:12  time: 0.4338  data_time: 0.0256  memory: 7172  loss: 1.4157  loss_ce: 1.4157
2025/06/17 18:04:45 - mmengine - INFO - Iter(train) [  123/12000]  lr: 1.0000e-03  eta: 1:32:14  time: 0.4426  data_time: 0.0256  memory: 7172  loss: 1.4129  loss_ce: 1.4129
2025/06/17 18:04:46 - mmengine - INFO - Iter(train) [  124/12000]  lr: 1.0000e-03  eta: 1:32:07  time: 0.4420  data_time: 0.0256  memory: 7172  loss: 1.4168  loss_ce: 1.4168
2025/06/17 18:04:46 - mmengine - INFO - Iter(train) [  125/12000]  lr: 1.0000e-03  eta: 1:31:52  time: 0.4242  data_time: 0.0258  memory: 7172  loss: 1.4219  loss_ce: 1.4219
2025/06/17 18:04:46 - mmengine - INFO - Iter(train) [  126/12000]  lr: 1.0000e-03  eta: 1:31:46  time: 0.4256  data_time: 0.0258  memory: 7172  loss: 1.4235  loss_ce: 1.4235
2025/06/17 18:04:47 - mmengine - INFO - Iter(train) [  127/12000]  lr: 1.0000e-03  eta: 1:31:39  time: 0.4321  data_time: 0.0256  memory: 7172  loss: 1.4185  loss_ce: 1.4185
2025/06/17 18:04:47 - mmengine - INFO - Iter(train) [  128/12000]  lr: 1.0000e-03  eta: 1:31:32  time: 0.4256  data_time: 0.0254  memory: 7172  loss: 1.4143  loss_ce: 1.4143
2025/06/17 18:04:48 - mmengine - INFO - Iter(train) [  129/12000]  lr: 1.0000e-03  eta: 1:31:25  time: 0.4330  data_time: 0.0255  memory: 7172  loss: 1.4097  loss_ce: 1.4097
2025/06/17 18:04:48 - mmengine - INFO - Iter(train) [  130/12000]  lr: 1.0000e-03  eta: 1:31:19  time: 0.4240  data_time: 0.0254  memory: 7172  loss: 1.4191  loss_ce: 1.4191
2025/06/17 18:04:48 - mmengine - INFO - Iter(train) [  131/12000]  lr: 1.0000e-03  eta: 1:31:14  time: 0.3995  data_time: 0.0032  memory: 7172  loss: 1.4275  loss_ce: 1.4275
2025/06/17 18:04:49 - mmengine - INFO - Iter(train) [  132/12000]  lr: 1.0000e-03  eta: 1:31:16  time: 0.4088  data_time: 0.0033  memory: 7172  loss: 1.4209  loss_ce: 1.4209
2025/06/17 18:04:49 - mmengine - INFO - Iter(train) [  133/12000]  lr: 1.0000e-03  eta: 1:31:10  time: 0.3993  data_time: 0.0034  memory: 7172  loss: 1.4311  loss_ce: 1.4311
2025/06/17 18:04:50 - mmengine - INFO - Iter(train) [  134/12000]  lr: 1.0000e-03  eta: 1:30:56  time: 0.3909  data_time: 0.0034  memory: 7172  loss: 1.4247  loss_ce: 1.4247
2025/06/17 18:04:50 - mmengine - INFO - Iter(train) [  135/12000]  lr: 1.0000e-03  eta: 1:31:07  time: 0.4191  data_time: 0.0031  memory: 7172  loss: 1.4231  loss_ce: 1.4231
2025/06/17 18:04:51 - mmengine - INFO - Iter(train) [  136/12000]  lr: 1.0000e-03  eta: 1:31:02  time: 0.4189  data_time: 0.0033  memory: 7172  loss: 1.4255  loss_ce: 1.4255
2025/06/17 18:04:51 - mmengine - INFO - Iter(train) [  137/12000]  lr: 1.0000e-03  eta: 1:30:57  time: 0.4202  data_time: 0.0032  memory: 7172  loss: 1.4298  loss_ce: 1.4298
2025/06/17 18:04:51 - mmengine - INFO - Iter(train) [  138/12000]  lr: 1.0000e-03  eta: 1:30:51  time: 0.4206  data_time: 0.0034  memory: 7172  loss: 1.4227  loss_ce: 1.4227
2025/06/17 18:04:52 - mmengine - INFO - Iter(train) [  139/12000]  lr: 1.0000e-03  eta: 1:30:45  time: 0.4207  data_time: 0.0034  memory: 7172  loss: 1.4147  loss_ce: 1.4147
2025/06/17 18:04:52 - mmengine - INFO - Iter(train) [  140/12000]  lr: 1.0000e-03  eta: 1:30:39  time: 0.4201  data_time: 0.0035  memory: 7172  loss: 1.4087  loss_ce: 1.4087
2025/06/17 18:04:53 - mmengine - INFO - Iter(train) [  141/12000]  lr: 1.0000e-03  eta: 1:30:35  time: 0.4203  data_time: 0.0035  memory: 7172  loss: 1.4087  loss_ce: 1.4087
2025/06/17 18:04:53 - mmengine - INFO - Iter(train) [  142/12000]  lr: 1.0000e-03  eta: 1:30:38  time: 0.4210  data_time: 0.0035  memory: 7172  loss: 1.4144  loss_ce: 1.4144
2025/06/17 18:04:54 - mmengine - INFO - Iter(train) [  143/12000]  lr: 1.0000e-03  eta: 1:30:48  time: 0.4406  data_time: 0.0034  memory: 7172  loss: 1.4093  loss_ce: 1.4093
2025/06/17 18:04:54 - mmengine - INFO - Iter(train) [  144/12000]  lr: 1.0000e-03  eta: 1:30:44  time: 0.4504  data_time: 0.0034  memory: 7172  loss: 1.4088  loss_ce: 1.4088
2025/06/17 18:04:55 - mmengine - INFO - Iter(train) [  145/12000]  lr: 1.0000e-03  eta: 1:30:46  time: 0.4401  data_time: 0.0034  memory: 7172  loss: 1.4040  loss_ce: 1.4040
2025/06/17 18:04:55 - mmengine - INFO - Iter(train) [  146/12000]  lr: 1.0000e-03  eta: 1:30:40  time: 0.4391  data_time: 0.0032  memory: 7172  loss: 1.4031  loss_ce: 1.4031
2025/06/17 18:04:55 - mmengine - INFO - Iter(train) [  147/12000]  lr: 1.0000e-03  eta: 1:30:36  time: 0.4399  data_time: 0.0033  memory: 7172  loss: 1.3989  loss_ce: 1.3989
2025/06/17 18:04:56 - mmengine - INFO - Iter(train) [  148/12000]  lr: 1.0000e-03  eta: 1:30:31  time: 0.4400  data_time: 0.0031  memory: 7172  loss: 1.4097  loss_ce: 1.4097
2025/06/17 18:04:56 - mmengine - INFO - Iter(train) [  149/12000]  lr: 1.0000e-03  eta: 1:30:26  time: 0.4400  data_time: 0.0031  memory: 7172  loss: 1.4169  loss_ce: 1.4169
2025/06/17 18:04:57 - mmengine - INFO - Iter(train) [  150/12000]  lr: 1.0000e-03  eta: 1:30:21  time: 0.4406  data_time: 0.0031  memory: 7172  loss: 1.4219  loss_ce: 1.4219
2025/06/17 18:04:57 - mmengine - INFO - Iter(train) [  151/12000]  lr: 1.0000e-03  eta: 1:30:15  time: 0.4391  data_time: 0.0031  memory: 7172  loss: 1.4238  loss_ce: 1.4238
2025/06/17 18:04:57 - mmengine - INFO - Iter(train) [  152/12000]  lr: 1.0000e-03  eta: 1:30:11  time: 0.4301  data_time: 0.0032  memory: 7172  loss: 1.4214  loss_ce: 1.4214
2025/06/17 18:04:58 - mmengine - INFO - Iter(train) [  153/12000]  lr: 1.0000e-03  eta: 1:30:21  time: 0.4299  data_time: 0.0032  memory: 7172  loss: 1.4237  loss_ce: 1.4237
2025/06/17 18:04:58 - mmengine - INFO - Iter(train) [  154/12000]  lr: 1.0000e-03  eta: 1:30:16  time: 0.4284  data_time: 0.0032  memory: 7172  loss: 1.4257  loss_ce: 1.4257
2025/06/17 18:04:59 - mmengine - INFO - Iter(train) [  155/12000]  lr: 1.0000e-03  eta: 1:30:20  time: 0.4312  data_time: 0.0033  memory: 7172  loss: 1.4350  loss_ce: 1.4350
2025/06/17 18:04:59 - mmengine - INFO - Iter(train) [  156/12000]  lr: 1.0000e-03  eta: 1:30:22  time: 0.4404  data_time: 0.0033  memory: 7172  loss: 1.4310  loss_ce: 1.4310
2025/06/17 18:05:00 - mmengine - INFO - Iter(train) [  157/12000]  lr: 1.0000e-03  eta: 1:30:18  time: 0.4405  data_time: 0.0033  memory: 7172  loss: 1.4347  loss_ce: 1.4347
2025/06/17 18:05:00 - mmengine - INFO - Iter(train) [  158/12000]  lr: 1.0000e-03  eta: 1:30:12  time: 0.4393  data_time: 0.0033  memory: 7172  loss: 1.4313  loss_ce: 1.4313
2025/06/17 18:05:01 - mmengine - INFO - Iter(train) [  159/12000]  lr: 1.0000e-03  eta: 1:30:07  time: 0.4390  data_time: 0.0033  memory: 7172  loss: 1.4305  loss_ce: 1.4305
2025/06/17 18:05:01 - mmengine - INFO - Iter(train) [  160/12000]  lr: 1.0000e-03  eta: 1:30:04  time: 0.4415  data_time: 0.0032  memory: 7172  loss: 1.4262  loss_ce: 1.4262
2025/06/17 18:05:01 - mmengine - INFO - Iter(train) [  161/12000]  lr: 1.0000e-03  eta: 1:29:57  time: 0.4392  data_time: 0.0031  memory: 7172  loss: 1.4176  loss_ce: 1.4176
2025/06/17 18:05:02 - mmengine - INFO - Iter(train) [  162/12000]  lr: 1.0000e-03  eta: 1:30:01  time: 0.4494  data_time: 0.0032  memory: 7172  loss: 1.4171  loss_ce: 1.4171
2025/06/17 18:05:02 - mmengine - INFO - Iter(train) [  163/12000]  lr: 1.0000e-03  eta: 1:30:03  time: 0.4403  data_time: 0.0034  memory: 7172  loss: 1.4193  loss_ce: 1.4193
2025/06/17 18:05:03 - mmengine - INFO - Iter(train) [  164/12000]  lr: 1.0000e-03  eta: 1:30:00  time: 0.4419  data_time: 0.0033  memory: 7172  loss: 1.4143  loss_ce: 1.4143
2025/06/17 18:05:03 - mmengine - INFO - Iter(train) [  165/12000]  lr: 1.0000e-03  eta: 1:30:02  time: 0.4393  data_time: 0.0035  memory: 7172  loss: 1.4053  loss_ce: 1.4053
2025/06/17 18:05:04 - mmengine - INFO - Iter(train) [  166/12000]  lr: 1.0000e-03  eta: 1:29:59  time: 0.4318  data_time: 0.0036  memory: 7172  loss: 1.4116  loss_ce: 1.4116
2025/06/17 18:05:04 - mmengine - INFO - Iter(train) [  167/12000]  lr: 1.0000e-03  eta: 1:30:14  time: 0.4594  data_time: 0.0037  memory: 7172  loss: 1.4096  loss_ce: 1.4096
2025/06/17 18:05:05 - mmengine - INFO - Iter(train) [  168/12000]  lr: 1.0000e-03  eta: 1:30:31  time: 0.4903  data_time: 0.0037  memory: 7172  loss: 1.4066  loss_ce: 1.4066
2025/06/17 18:05:06 - mmengine - INFO - Iter(train) [  169/12000]  lr: 1.0000e-03  eta: 1:30:39  time: 0.5095  data_time: 0.0036  memory: 7172  loss: 1.4035  loss_ce: 1.4035
2025/06/17 18:05:06 - mmengine - INFO - Iter(train) [  170/12000]  lr: 1.0000e-03  eta: 1:30:42  time: 0.5172  data_time: 0.0038  memory: 7172  loss: 1.4014  loss_ce: 1.4014
2025/06/17 18:05:07 - mmengine - INFO - Iter(train) [  171/12000]  lr: 1.0000e-03  eta: 1:30:44  time: 0.5306  data_time: 0.0039  memory: 7172  loss: 1.4114  loss_ce: 1.4114
2025/06/17 18:05:07 - mmengine - INFO - Iter(train) [  172/12000]  lr: 1.0000e-03  eta: 1:30:41  time: 0.5213  data_time: 0.0038  memory: 7172  loss: 1.4091  loss_ce: 1.4091
2025/06/17 18:05:08 - mmengine - INFO - Iter(train) [  173/12000]  lr: 1.0000e-03  eta: 1:30:43  time: 0.5217  data_time: 0.0038  memory: 7172  loss: 1.3971  loss_ce: 1.3971
2025/06/17 18:05:08 - mmengine - INFO - Iter(train) [  174/12000]  lr: 1.0000e-03  eta: 1:30:39  time: 0.5204  data_time: 0.0038  memory: 7172  loss: 1.4055  loss_ce: 1.4055
2025/06/17 18:05:08 - mmengine - INFO - Iter(train) [  175/12000]  lr: 1.0000e-03  eta: 1:30:33  time: 0.5096  data_time: 0.0036  memory: 7172  loss: 1.4048  loss_ce: 1.4048
2025/06/17 18:05:09 - mmengine - INFO - Iter(train) [  176/12000]  lr: 1.0000e-03  eta: 1:30:35  time: 0.5170  data_time: 0.0036  memory: 7172  loss: 1.3973  loss_ce: 1.3973
2025/06/17 18:05:09 - mmengine - INFO - Iter(train) [  177/12000]  lr: 1.0000e-03  eta: 1:30:25  time: 0.4803  data_time: 0.0036  memory: 7172  loss: 1.3951  loss_ce: 1.3951
2025/06/17 18:05:10 - mmengine - INFO - Iter(train) [  178/12000]  lr: 1.0000e-03  eta: 1:30:21  time: 0.4508  data_time: 0.0035  memory: 7172  loss: 1.3966  loss_ce: 1.3966
2025/06/17 18:05:10 - mmengine - INFO - Iter(train) [  179/12000]  lr: 1.0000e-03  eta: 1:30:16  time: 0.4321  data_time: 0.0034  memory: 7172  loss: 1.4012  loss_ce: 1.4012
2025/06/17 18:05:10 - mmengine - INFO - Iter(train) [  180/12000]  lr: 1.0000e-03  eta: 1:30:12  time: 0.4223  data_time: 0.0033  memory: 7172  loss: 1.4050  loss_ce: 1.4050
2025/06/17 18:05:11 - mmengine - INFO - Iter(train) [  181/12000]  lr: 1.0000e-03  eta: 1:30:08  time: 0.4114  data_time: 0.0032  memory: 7172  loss: 1.4061  loss_ce: 1.4061
2025/06/17 18:05:11 - mmengine - INFO - Iter(train) [  182/12000]  lr: 1.0000e-03  eta: 1:30:04  time: 0.4094  data_time: 0.0032  memory: 7172  loss: 1.4081  loss_ce: 1.4081
2025/06/17 18:05:12 - mmengine - INFO - Iter(train) [  183/12000]  lr: 1.0000e-03  eta: 1:29:59  time: 0.3990  data_time: 0.0031  memory: 7172  loss: 1.4212  loss_ce: 1.4212
2025/06/17 18:05:12 - mmengine - INFO - Iter(train) [  184/12000]  lr: 1.0000e-03  eta: 1:30:08  time: 0.4189  data_time: 0.0032  memory: 7172  loss: 1.4249  loss_ce: 1.4249
2025/06/17 18:05:13 - mmengine - INFO - Iter(train) [  185/12000]  lr: 1.0000e-03  eta: 1:30:09  time: 0.4294  data_time: 0.0032  memory: 7172  loss: 1.4244  loss_ce: 1.4244
2025/06/17 18:05:13 - mmengine - INFO - Iter(train) [  186/12000]  lr: 1.0000e-03  eta: 1:30:06  time: 0.4213  data_time: 0.0032  memory: 7172  loss: 1.4272  loss_ce: 1.4272
2025/06/17 18:05:14 - mmengine - INFO - Iter(train) [  187/12000]  lr: 1.0000e-03  eta: 1:30:08  time: 0.4384  data_time: 0.0032  memory: 7172  loss: 1.4354  loss_ce: 1.4354
2025/06/17 18:05:14 - mmengine - INFO - Iter(train) [  188/12000]  lr: 1.0000e-03  eta: 1:30:03  time: 0.4385  data_time: 0.0032  memory: 7172  loss: 1.4293  loss_ce: 1.4293
2025/06/17 18:05:14 - mmengine - INFO - Iter(train) [  189/12000]  lr: 1.0000e-03  eta: 1:30:00  time: 0.4388  data_time: 0.0033  memory: 7172  loss: 1.4346  loss_ce: 1.4346
2025/06/17 18:05:15 - mmengine - INFO - Iter(train) [  190/12000]  lr: 1.0000e-03  eta: 1:29:55  time: 0.4377  data_time: 0.0033  memory: 7172  loss: 1.4343  loss_ce: 1.4343
2025/06/17 18:05:15 - mmengine - INFO - Iter(train) [  191/12000]  lr: 1.0000e-03  eta: 1:29:46  time: 0.4295  data_time: 0.0033  memory: 7172  loss: 1.4223  loss_ce: 1.4223
2025/06/17 18:05:16 - mmengine - INFO - Iter(train) [  192/12000]  lr: 1.0000e-03  eta: 1:29:47  time: 0.4383  data_time: 0.0032  memory: 7172  loss: 1.4198  loss_ce: 1.4198
2025/06/17 18:05:16 - mmengine - INFO - Iter(train) [  193/12000]  lr: 1.0000e-03  eta: 1:29:50  time: 0.4489  data_time: 0.0033  memory: 7172  loss: 1.4057  loss_ce: 1.4057
2025/06/17 18:05:17 - mmengine - INFO - Iter(train) [  194/12000]  lr: 1.0000e-03  eta: 1:29:52  time: 0.4396  data_time: 0.0031  memory: 7172  loss: 1.3920  loss_ce: 1.3920
2025/06/17 18:05:17 - mmengine - INFO - Iter(train) [  195/12000]  lr: 1.0000e-03  eta: 1:29:55  time: 0.4408  data_time: 0.0032  memory: 7172  loss: 1.3939  loss_ce: 1.3939
2025/06/17 18:05:18 - mmengine - INFO - Iter(train) [  196/12000]  lr: 1.0000e-03  eta: 1:29:57  time: 0.4504  data_time: 0.0030  memory: 7172  loss: 1.3983  loss_ce: 1.3983
2025/06/17 18:05:18 - mmengine - INFO - Iter(train) [  197/12000]  lr: 1.0000e-03  eta: 1:29:58  time: 0.4502  data_time: 0.0030  memory: 7172  loss: 1.3897  loss_ce: 1.3897
2025/06/17 18:05:19 - mmengine - INFO - Iter(train) [  198/12000]  lr: 1.0000e-03  eta: 1:29:55  time: 0.4509  data_time: 0.0030  memory: 7172  loss: 1.3913  loss_ce: 1.3913
2025/06/17 18:05:19 - mmengine - INFO - Iter(train) [  199/12000]  lr: 1.0000e-03  eta: 1:29:57  time: 0.4600  data_time: 0.0029  memory: 7172  loss: 1.3834  loss_ce: 1.3834
2025/06/17 18:05:19 - mmengine - INFO - Iter(train) [  200/12000]  lr: 1.0000e-03  eta: 1:29:59  time: 0.4705  data_time: 0.0029  memory: 7172  loss: 1.3841  loss_ce: 1.3841
2025/06/17 18:05:20 - mmengine - INFO - Iter(train) [  201/12000]  lr: 1.0000e-03  eta: 1:29:55  time: 0.4796  data_time: 0.0029  memory: 7172  loss: 1.3865  loss_ce: 1.3865
2025/06/17 18:05:20 - mmengine - INFO - Iter(train) [  202/12000]  lr: 1.0000e-03  eta: 1:29:57  time: 0.4807  data_time: 0.0028  memory: 7172  loss: 1.3927  loss_ce: 1.3927
2025/06/17 18:05:21 - mmengine - INFO - Iter(train) [  203/12000]  lr: 1.0000e-03  eta: 1:30:05  time: 0.4900  data_time: 0.0028  memory: 7172  loss: 1.4019  loss_ce: 1.4019
2025/06/17 18:05:21 - mmengine - INFO - Iter(train) [  204/12000]  lr: 1.0000e-03  eta: 1:29:56  time: 0.4711  data_time: 0.0027  memory: 7172  loss: 1.4041  loss_ce: 1.4041
2025/06/17 18:05:22 - mmengine - INFO - Iter(train) [  205/12000]  lr: 1.0000e-03  eta: 1:30:03  time: 0.4794  data_time: 0.0029  memory: 7172  loss: 1.4093  loss_ce: 1.4093
2025/06/17 18:05:22 - mmengine - INFO - Iter(train) [  206/12000]  lr: 1.0000e-03  eta: 1:30:06  time: 0.4808  data_time: 0.0031  memory: 7172  loss: 1.4018  loss_ce: 1.4018
2025/06/17 18:05:23 - mmengine - INFO - Iter(train) [  207/12000]  lr: 1.0000e-03  eta: 1:30:13  time: 0.4912  data_time: 0.0032  memory: 7172  loss: 1.4044  loss_ce: 1.4044
2025/06/17 18:05:24 - mmengine - INFO - Iter(train) [  208/12000]  lr: 1.0000e-03  eta: 1:30:20  time: 0.5099  data_time: 0.0032  memory: 7172  loss: 1.4048  loss_ce: 1.4048
2025/06/17 18:05:24 - mmengine - INFO - Iter(train) [  209/12000]  lr: 1.0000e-03  eta: 1:30:17  time: 0.5014  data_time: 0.0033  memory: 7172  loss: 1.4048  loss_ce: 1.4048
2025/06/17 18:05:24 - mmengine - INFO - Iter(train) [  210/12000]  lr: 1.0000e-03  eta: 1:30:13  time: 0.4915  data_time: 0.0033  memory: 7172  loss: 1.3972  loss_ce: 1.3972
2025/06/17 18:05:25 - mmengine - INFO - Iter(train) [  211/12000]  lr: 1.0000e-03  eta: 1:30:15  time: 0.5006  data_time: 0.0035  memory: 7172  loss: 1.3991  loss_ce: 1.3991
2025/06/17 18:05:25 - mmengine - INFO - Iter(train) [  212/12000]  lr: 1.0000e-03  eta: 1:30:16  time: 0.4999  data_time: 0.0036  memory: 7172  loss: 1.3949  loss_ce: 1.3949
2025/06/17 18:05:26 - mmengine - INFO - Iter(train) [  213/12000]  lr: 1.0000e-03  eta: 1:30:17  time: 0.4894  data_time: 0.0037  memory: 7172  loss: 1.3905  loss_ce: 1.3905
2025/06/17 18:05:26 - mmengine - INFO - Iter(train) [  214/12000]  lr: 1.0000e-03  eta: 1:30:09  time: 0.4898  data_time: 0.0037  memory: 7172  loss: 1.3996  loss_ce: 1.3996
2025/06/17 18:05:27 - mmengine - INFO - Iter(train) [  215/12000]  lr: 1.0000e-03  eta: 1:30:06  time: 0.4726  data_time: 0.0035  memory: 7172  loss: 1.3989  loss_ce: 1.3989
2025/06/17 18:05:27 - mmengine - INFO - Iter(train) [  216/12000]  lr: 1.0000e-03  eta: 1:30:02  time: 0.4599  data_time: 0.0035  memory: 7172  loss: 1.4014  loss_ce: 1.4014
2025/06/17 18:05:27 - mmengine - INFO - Iter(train) [  217/12000]  lr: 1.0000e-03  eta: 1:29:58  time: 0.4404  data_time: 0.0034  memory: 7172  loss: 1.3968  loss_ce: 1.3968
2025/06/17 18:05:28 - mmengine - INFO - Iter(train) [  218/12000]  lr: 1.0000e-03  eta: 1:29:59  time: 0.4287  data_time: 0.0035  memory: 7172  loss: 1.4023  loss_ce: 1.4023
2025/06/17 18:05:28 - mmengine - INFO - Iter(train) [  219/12000]  lr: 1.0000e-03  eta: 1:29:55  time: 0.4274  data_time: 0.0035  memory: 7172  loss: 1.3991  loss_ce: 1.3991
2025/06/17 18:05:29 - mmengine - INFO - Iter(train) [  220/12000]  lr: 1.0000e-03  eta: 1:29:57  time: 0.4374  data_time: 0.0035  memory: 7172  loss: 1.3990  loss_ce: 1.3990
2025/06/17 18:05:29 - mmengine - INFO - Iter(train) [  221/12000]  lr: 1.0000e-03  eta: 1:29:54  time: 0.4293  data_time: 0.0035  memory: 7172  loss: 1.3978  loss_ce: 1.3978
2025/06/17 18:05:30 - mmengine - INFO - Iter(train) [  222/12000]  lr: 1.0000e-03  eta: 1:29:56  time: 0.4308  data_time: 0.0034  memory: 7172  loss: 1.4132  loss_ce: 1.4132
2025/06/17 18:05:30 - mmengine - INFO - Iter(train) [  223/12000]  lr: 1.0000e-03  eta: 1:29:53  time: 0.4221  data_time: 0.0033  memory: 7172  loss: 1.4168  loss_ce: 1.4168
2025/06/17 18:05:31 - mmengine - INFO - Iter(train) [  224/12000]  lr: 1.0000e-03  eta: 1:29:54  time: 0.4392  data_time: 0.0034  memory: 7172  loss: 1.4088  loss_ce: 1.4088
2025/06/17 18:05:31 - mmengine - INFO - Iter(train) [  225/12000]  lr: 1.0000e-03  eta: 1:29:51  time: 0.4392  data_time: 0.0034  memory: 7172  loss: 1.3996  loss_ce: 1.3996
2025/06/17 18:05:31 - mmengine - INFO - Iter(train) [  226/12000]  lr: 1.0000e-03  eta: 1:29:48  time: 0.4398  data_time: 0.0033  memory: 7172  loss: 1.4034  loss_ce: 1.4034
2025/06/17 18:05:32 - mmengine - INFO - Iter(train) [  227/12000]  lr: 1.0000e-03  eta: 1:29:49  time: 0.4492  data_time: 0.0033  memory: 7172  loss: 1.4070  loss_ce: 1.4070
2025/06/17 18:05:32 - mmengine - INFO - Iter(train) [  228/12000]  lr: 1.0000e-03  eta: 1:29:51  time: 0.4525  data_time: 0.0034  memory: 7172  loss: 1.4042  loss_ce: 1.4042
2025/06/17 18:05:33 - mmengine - INFO - Iter(train) [  229/12000]  lr: 1.0000e-03  eta: 1:29:53  time: 0.4619  data_time: 0.0034  memory: 7172  loss: 1.4073  loss_ce: 1.4073
2025/06/17 18:05:33 - mmengine - INFO - Iter(train) [  230/12000]  lr: 1.0000e-03  eta: 1:29:54  time: 0.4611  data_time: 0.0034  memory: 7172  loss: 1.4127  loss_ce: 1.4127
2025/06/17 18:05:34 - mmengine - INFO - Iter(train) [  231/12000]  lr: 1.0000e-03  eta: 1:29:55  time: 0.4687  data_time: 0.0034  memory: 7172  loss: 1.4154  loss_ce: 1.4154
2025/06/17 18:05:34 - mmengine - INFO - Iter(train) [  232/12000]  lr: 1.0000e-03  eta: 1:29:56  time: 0.4677  data_time: 0.0034  memory: 7172  loss: 1.3959  loss_ce: 1.3959
2025/06/17 18:05:35 - mmengine - INFO - Iter(train) [  233/12000]  lr: 1.0000e-03  eta: 1:29:54  time: 0.4684  data_time: 0.0035  memory: 7172  loss: 1.3932  loss_ce: 1.3932
2025/06/17 18:05:35 - mmengine - INFO - Iter(train) [  234/12000]  lr: 1.0000e-03  eta: 1:29:46  time: 0.4514  data_time: 0.0033  memory: 7172  loss: 1.3927  loss_ce: 1.3927
2025/06/17 18:05:36 - mmengine - INFO - Iter(train) [  235/12000]  lr: 1.0000e-03  eta: 1:29:47  time: 0.4586  data_time: 0.0033  memory: 7172  loss: 1.3937  loss_ce: 1.3937
2025/06/17 18:05:36 - mmengine - INFO - Iter(train) [  236/12000]  lr: 1.0000e-03  eta: 1:29:44  time: 0.4595  data_time: 0.0032  memory: 7172  loss: 1.3920  loss_ce: 1.3920
2025/06/17 18:05:36 - mmengine - INFO - Iter(train) [  237/12000]  lr: 1.0000e-03  eta: 1:29:45  time: 0.4584  data_time: 0.0032  memory: 7172  loss: 1.3891  loss_ce: 1.3891
2025/06/17 18:05:37 - mmengine - INFO - Iter(train) [  238/12000]  lr: 1.0000e-03  eta: 1:29:42  time: 0.4485  data_time: 0.0032  memory: 7172  loss: 1.3936  loss_ce: 1.3936
2025/06/17 18:05:37 - mmengine - INFO - Iter(train) [  239/12000]  lr: 1.0000e-03  eta: 1:29:44  time: 0.4497  data_time: 0.0030  memory: 7172  loss: 1.3906  loss_ce: 1.3906
2025/06/17 18:05:38 - mmengine - INFO - Exp name: cfg_udd5_20250617_180340
2025/06/17 18:05:38 - mmengine - INFO - Iter(train) [  240/12000]  lr: 1.0000e-03  eta: 1:29:40  time: 0.4390  data_time: 0.0030  memory: 7172  loss: 1.3932  loss_ce: 1.3932
2025/06/17 18:05:38 - mmengine - INFO - Saving checkpoint at 2 epochs
2025/06/17 18:05:40 - mmengine - INFO - Iter(train) [  241/12000]  lr: 1.0000e-03  eta: 1:29:55  time: 0.4675  data_time: 0.0232  memory: 7172  loss: 1.3949  loss_ce: 1.3949
2025/06/17 18:05:40 - mmengine - INFO - Iter(train) [  242/12000]  lr: 1.0000e-03  eta: 1:30:01  time: 0.4777  data_time: 0.0233  memory: 7172  loss: 1.3986  loss_ce: 1.3986
2025/06/17 18:05:41 - mmengine - INFO - Iter(train) [  243/12000]  lr: 1.0000e-03  eta: 1:29:58  time: 0.4772  data_time: 0.0232  memory: 7172  loss: 1.4070  loss_ce: 1.4070
2025/06/17 18:05:41 - mmengine - INFO - Iter(train) [  244/12000]  lr: 1.0000e-03  eta: 1:29:59  time: 0.4931  data_time: 0.0231  memory: 7172  loss: 1.4073  loss_ce: 1.4073
2025/06/17 18:05:42 - mmengine - INFO - Iter(train) [  245/12000]  lr: 1.0000e-03  eta: 1:29:56  time: 0.4864  data_time: 0.0230  memory: 7172  loss: 1.4100  loss_ce: 1.4100
2025/06/17 18:05:42 - mmengine - INFO - Iter(train) [  246/12000]  lr: 1.0000e-03  eta: 1:29:53  time: 0.4856  data_time: 0.0231  memory: 7172  loss: 1.4048  loss_ce: 1.4048
2025/06/17 18:05:43 - mmengine - INFO - Iter(train) [  247/12000]  lr: 1.0000e-03  eta: 1:29:55  time: 0.4888  data_time: 0.0230  memory: 7172  loss: 1.4117  loss_ce: 1.4117
2025/06/17 18:05:43 - mmengine - INFO - Iter(train) [  248/12000]  lr: 1.0000e-03  eta: 1:30:00  time: 0.5053  data_time: 0.0229  memory: 7172  loss: 1.4051  loss_ce: 1.4051
2025/06/17 18:05:44 - mmengine - INFO - Iter(train) [  249/12000]  lr: 1.0000e-03  eta: 1:29:57  time: 0.4955  data_time: 0.0229  memory: 7172  loss: 1.4074  loss_ce: 1.4074
2025/06/17 18:05:44 - mmengine - INFO - Iter(train) [  250/12000]  lr: 1.0000e-03  eta: 1:29:54  time: 0.4971  data_time: 0.0231  memory: 7172  loss: 1.3996  loss_ce: 1.3996
2025/06/17 18:05:44 - mmengine - INFO - Iter(train) [  251/12000]  lr: 1.0000e-03  eta: 1:29:55  time: 0.4680  data_time: 0.0028  memory: 7172  loss: 1.3931  loss_ce: 1.3931
2025/06/17 18:05:45 - mmengine - INFO - Iter(train) [  252/12000]  lr: 1.0000e-03  eta: 1:29:48  time: 0.4414  data_time: 0.0028  memory: 7172  loss: 1.3955  loss_ce: 1.3955
2025/06/17 18:05:45 - mmengine - INFO - Iter(train) [  253/12000]  lr: 1.0000e-03  eta: 1:29:49  time: 0.4492  data_time: 0.0029  memory: 7172  loss: 1.3917  loss_ce: 1.3917
2025/06/17 18:05:46 - mmengine - INFO - Iter(train) [  254/12000]  lr: 1.0000e-03  eta: 1:29:45  time: 0.4396  data_time: 0.0032  memory: 7172  loss: 1.3891  loss_ce: 1.3891
2025/06/17 18:05:46 - mmengine - INFO - Iter(train) [  255/12000]  lr: 1.0000e-03  eta: 1:29:39  time: 0.4310  data_time: 0.0033  memory: 7172  loss: 1.3846  loss_ce: 1.3846
2025/06/17 18:05:46 - mmengine - INFO - Iter(train) [  256/12000]  lr: 1.0000e-03  eta: 1:29:39  time: 0.4380  data_time: 0.0033  memory: 7172  loss: 1.3827  loss_ce: 1.3827
2025/06/17 18:05:47 - mmengine - INFO - Iter(train) [  257/12000]  lr: 1.0000e-03  eta: 1:29:32  time: 0.4181  data_time: 0.0034  memory: 7172  loss: 1.3703  loss_ce: 1.3703
2025/06/17 18:05:47 - mmengine - INFO - Iter(train) [  258/12000]  lr: 1.0000e-03  eta: 1:29:29  time: 0.4004  data_time: 0.0034  memory: 7172  loss: 1.3713  loss_ce: 1.3713
2025/06/17 18:05:48 - mmengine - INFO - Iter(train) [  259/12000]  lr: 1.0000e-03  eta: 1:29:26  time: 0.4004  data_time: 0.0034  memory: 7172  loss: 1.3797  loss_ce: 1.3797
2025/06/17 18:05:48 - mmengine - INFO - Iter(train) [  260/12000]  lr: 1.0000e-03  eta: 1:29:27  time: 0.4098  data_time: 0.0032  memory: 7172  loss: 1.3776  loss_ce: 1.3776
2025/06/17 18:05:49 - mmengine - INFO - Iter(train) [  261/12000]  lr: 1.0000e-03  eta: 1:29:29  time: 0.4112  data_time: 0.0032  memory: 7172  loss: 1.3817  loss_ce: 1.3817
2025/06/17 18:05:49 - mmengine - INFO - Iter(train) [  262/12000]  lr: 1.0000e-03  eta: 1:29:30  time: 0.4274  data_time: 0.0033  memory: 7172  loss: 1.3833  loss_ce: 1.3833
2025/06/17 18:05:50 - mmengine - INFO - Iter(train) [  263/12000]  lr: 1.0000e-03  eta: 1:29:32  time: 0.4301  data_time: 0.0032  memory: 7172  loss: 1.3774  loss_ce: 1.3774
2025/06/17 18:05:50 - mmengine - INFO - Iter(train) [  264/12000]  lr: 1.0000e-03  eta: 1:29:28  time: 0.4300  data_time: 0.0032  memory: 7172  loss: 1.3883  loss_ce: 1.3883
2025/06/17 18:05:50 - mmengine - INFO - Iter(train) [  265/12000]  lr: 1.0000e-03  eta: 1:29:25  time: 0.4379  data_time: 0.0030  memory: 7172  loss: 1.3902  loss_ce: 1.3902
2025/06/17 18:05:51 - mmengine - INFO - Iter(train) [  266/12000]  lr: 1.0000e-03  eta: 1:29:31  time: 0.4512  data_time: 0.0032  memory: 7172  loss: 1.3882  loss_ce: 1.3882
2025/06/17 18:05:52 - mmengine - INFO - Iter(train) [  267/12000]  lr: 1.0000e-03  eta: 1:29:33  time: 0.4702  data_time: 0.0033  memory: 7172  loss: 1.4013  loss_ce: 1.4013
2025/06/17 18:05:52 - mmengine - INFO - Iter(train) [  268/12000]  lr: 1.0000e-03  eta: 1:29:34  time: 0.4798  data_time: 0.0033  memory: 7172  loss: 1.4053  loss_ce: 1.4053
2025/06/17 18:05:53 - mmengine - INFO - Iter(train) [  269/12000]  lr: 1.0000e-03  eta: 1:29:36  time: 0.4917  data_time: 0.0034  memory: 7172  loss: 1.3944  loss_ce: 1.3944
2025/06/17 18:05:53 - mmengine - INFO - Iter(train) [  270/12000]  lr: 1.0000e-03  eta: 1:29:33  time: 0.4816  data_time: 0.0036  memory: 7172  loss: 1.4036  loss_ce: 1.4036
2025/06/17 18:05:53 - mmengine - INFO - Iter(train) [  271/12000]  lr: 1.0000e-03  eta: 1:29:38  time: 0.4887  data_time: 0.0036  memory: 7172  loss: 1.4084  loss_ce: 1.4084
2025/06/17 18:05:54 - mmengine - INFO - Iter(train) [  272/12000]  lr: 1.0000e-03  eta: 1:29:31  time: 0.4717  data_time: 0.0036  memory: 7172  loss: 1.4038  loss_ce: 1.4038
2025/06/17 18:05:54 - mmengine - INFO - Iter(train) [  273/12000]  lr: 1.0000e-03  eta: 1:29:28  time: 0.4597  data_time: 0.0037  memory: 7172  loss: 1.4127  loss_ce: 1.4127
2025/06/17 18:05:55 - mmengine - INFO - Iter(train) [  274/12000]  lr: 1.0000e-03  eta: 1:29:25  time: 0.4608  data_time: 0.0038  memory: 7172  loss: 1.4049  loss_ce: 1.4049
2025/06/17 18:05:55 - mmengine - INFO - Iter(train) [  275/12000]  lr: 1.0000e-03  eta: 1:29:22  time: 0.4600  data_time: 0.0038  memory: 7172  loss: 1.4166  loss_ce: 1.4166
2025/06/17 18:05:55 - mmengine - INFO - Iter(train) [  276/12000]  lr: 1.0000e-03  eta: 1:29:19  time: 0.4406  data_time: 0.0038  memory: 7172  loss: 1.4229  loss_ce: 1.4229
2025/06/17 18:05:56 - mmengine - INFO - Iter(train) [  277/12000]  lr: 1.0000e-03  eta: 1:29:18  time: 0.4330  data_time: 0.0037  memory: 7172  loss: 1.4139  loss_ce: 1.4139
2025/06/17 18:05:56 - mmengine - INFO - Iter(train) [  278/12000]  lr: 1.0000e-03  eta: 1:29:14  time: 0.4207  data_time: 0.0038  memory: 7172  loss: 1.4138  loss_ce: 1.4138
2025/06/17 18:05:57 - mmengine - INFO - Iter(train) [  279/12000]  lr: 1.0000e-03  eta: 1:29:15  time: 0.4182  data_time: 0.0038  memory: 7172  loss: 1.4167  loss_ce: 1.4167
2025/06/17 18:05:57 - mmengine - INFO - Iter(train) [  280/12000]  lr: 1.0000e-03  eta: 1:29:16  time: 0.4279  data_time: 0.0036  memory: 7172  loss: 1.4130  loss_ce: 1.4130
2025/06/17 18:05:58 - mmengine - INFO - Iter(train) [  281/12000]  lr: 1.0000e-03  eta: 1:29:09  time: 0.4020  data_time: 0.0037  memory: 7172  loss: 1.4033  loss_ce: 1.4033
2025/06/17 18:05:58 - mmengine - INFO - Iter(train) [  282/12000]  lr: 1.0000e-03  eta: 1:29:06  time: 0.4088  data_time: 0.0036  memory: 7172  loss: 1.4073  loss_ce: 1.4073
2025/06/17 18:05:58 - mmengine - INFO - Iter(train) [  283/12000]  lr: 1.0000e-03  eta: 1:29:03  time: 0.4085  data_time: 0.0034  memory: 7172  loss: 1.4062  loss_ce: 1.4062
2025/06/17 18:05:59 - mmengine - INFO - Iter(train) [  284/12000]  lr: 1.0000e-03  eta: 1:28:57  time: 0.4009  data_time: 0.0032  memory: 7172  loss: 1.4119  loss_ce: 1.4119
2025/06/17 18:05:59 - mmengine - INFO - Iter(train) [  285/12000]  lr: 1.0000e-03  eta: 1:28:54  time: 0.4002  data_time: 0.0033  memory: 7172  loss: 1.4012  loss_ce: 1.4012
2025/06/17 18:05:59 - mmengine - INFO - Iter(train) [  286/12000]  lr: 1.0000e-03  eta: 1:28:51  time: 0.3995  data_time: 0.0033  memory: 7172  loss: 1.3966  loss_ce: 1.3966
2025/06/17 18:06:00 - mmengine - INFO - Iter(train) [  287/12000]  lr: 1.0000e-03  eta: 1:28:45  time: 0.3882  data_time: 0.0033  memory: 7172  loss: 1.3984  loss_ce: 1.3984
2025/06/17 18:06:00 - mmengine - INFO - Iter(train) [  288/12000]  lr: 1.0000e-03  eta: 1:28:45  time: 0.3990  data_time: 0.0032  memory: 7172  loss: 1.3994  loss_ce: 1.3994
2025/06/17 18:06:01 - mmengine - INFO - Iter(train) [  289/12000]  lr: 1.0000e-03  eta: 1:28:51  time: 0.4102  data_time: 0.0033  memory: 7172  loss: 1.4005  loss_ce: 1.4005
2025/06/17 18:06:01 - mmengine - INFO - Iter(train) [  290/12000]  lr: 1.0000e-03  eta: 1:28:56  time: 0.4192  data_time: 0.0033  memory: 7172  loss: 1.3964  loss_ce: 1.3964
2025/06/17 18:06:02 - mmengine - INFO - Iter(train) [  291/12000]  lr: 1.0000e-03  eta: 1:28:54  time: 0.4303  data_time: 0.0035  memory: 7172  loss: 1.3997  loss_ce: 1.3997
2025/06/17 18:06:02 - mmengine - INFO - Iter(train) [  292/12000]  lr: 1.0000e-03  eta: 1:28:55  time: 0.4392  data_time: 0.0039  memory: 7172  loss: 1.3996  loss_ce: 1.3996
2025/06/17 18:06:03 - mmengine - INFO - Iter(train) [  293/12000]  lr: 1.0000e-03  eta: 1:28:56  time: 0.4514  data_time: 0.0039  memory: 7172  loss: 1.3932  loss_ce: 1.3932
2025/06/17 18:06:03 - mmengine - INFO - Iter(train) [  294/12000]  lr: 1.0000e-03  eta: 1:29:02  time: 0.4799  data_time: 0.0041  memory: 7172  loss: 1.3888  loss_ce: 1.3888
2025/06/17 18:06:04 - mmengine - INFO - Iter(train) [  295/12000]  lr: 1.0000e-03  eta: 1:29:02  time: 0.4888  data_time: 0.0040  memory: 7172  loss: 1.3908  loss_ce: 1.3908
2025/06/17 18:06:04 - mmengine - INFO - Iter(train) [  296/12000]  lr: 1.0000e-03  eta: 1:29:01  time: 0.4918  data_time: 0.0040  memory: 7172  loss: 1.3934  loss_ce: 1.3934
2025/06/17 18:06:05 - mmengine - INFO - Iter(train) [  297/12000]  lr: 1.0000e-03  eta: 1:29:01  time: 0.5072  data_time: 0.0042  memory: 7172  loss: 1.4000  loss_ce: 1.4000
2025/06/17 18:06:05 - mmengine - INFO - Iter(train) [  298/12000]  lr: 1.0000e-03  eta: 1:29:03  time: 0.5105  data_time: 0.0043  memory: 7172  loss: 1.3919  loss_ce: 1.3919
2025/06/17 18:06:06 - mmengine - INFO - Iter(train) [  299/12000]  lr: 1.0000e-03  eta: 1:29:04  time: 0.5001  data_time: 0.0042  memory: 7172  loss: 1.3887  loss_ce: 1.3887
2025/06/17 18:06:06 - mmengine - INFO - Iter(train) [  300/12000]  lr: 1.0000e-03  eta: 1:29:06  time: 0.4921  data_time: 0.0046  memory: 7172  loss: 1.3912  loss_ce: 1.3912
2025/06/17 18:06:07 - mmengine - INFO - Iter(train) [  301/12000]  lr: 1.0000e-03  eta: 1:29:11  time: 0.5104  data_time: 0.0045  memory: 7172  loss: 1.3861  loss_ce: 1.3861
2025/06/17 18:06:07 - mmengine - INFO - Iter(train) [  302/12000]  lr: 1.0000e-03  eta: 1:29:15  time: 0.5197  data_time: 0.0042  memory: 7172  loss: 1.3844  loss_ce: 1.3844
2025/06/17 18:06:08 - mmengine - INFO - Iter(train) [  303/12000]  lr: 1.0000e-03  eta: 1:29:13  time: 0.5096  data_time: 0.0042  memory: 7172  loss: 1.3832  loss_ce: 1.3832
2025/06/17 18:06:08 - mmengine - INFO - Iter(train) [  304/12000]  lr: 1.0000e-03  eta: 1:29:14  time: 0.4991  data_time: 0.0042  memory: 7172  loss: 1.3860  loss_ce: 1.3860
2025/06/17 18:06:09 - mmengine - INFO - Iter(train) [  305/12000]  lr: 1.0000e-03  eta: 1:29:11  time: 0.4912  data_time: 0.0042  memory: 7172  loss: 1.3985  loss_ce: 1.3985
2025/06/17 18:06:09 - mmengine - INFO - Iter(train) [  306/12000]  lr: 1.0000e-03  eta: 1:29:08  time: 0.4868  data_time: 0.0041  memory: 7172  loss: 1.4027  loss_ce: 1.4027
2025/06/17 18:06:10 - mmengine - INFO - Iter(train) [  307/12000]  lr: 1.0000e-03  eta: 1:29:09  time: 0.4905  data_time: 0.0040  memory: 7172  loss: 1.3962  loss_ce: 1.3962
2025/06/17 18:06:10 - mmengine - INFO - Iter(train) [  308/12000]  lr: 1.0000e-03  eta: 1:29:07  time: 0.4806  data_time: 0.0041  memory: 7172  loss: 1.3961  loss_ce: 1.3961
2025/06/17 18:06:11 - mmengine - INFO - Iter(train) [  309/12000]  lr: 1.0000e-03  eta: 1:29:05  time: 0.4699  data_time: 0.0038  memory: 7172  loss: 1.4003  loss_ce: 1.4003
2025/06/17 18:06:11 - mmengine - INFO - Iter(train) [  310/12000]  lr: 1.0000e-03  eta: 1:29:02  time: 0.4603  data_time: 0.0036  memory: 7172  loss: 1.4075  loss_ce: 1.4075
2025/06/17 18:06:11 - mmengine - INFO - Iter(train) [  311/12000]  lr: 1.0000e-03  eta: 1:28:59  time: 0.4383  data_time: 0.0036  memory: 7172  loss: 1.4116  loss_ce: 1.4116
2025/06/17 18:06:12 - mmengine - INFO - Iter(train) [  312/12000]  lr: 1.0000e-03  eta: 1:28:57  time: 0.4230  data_time: 0.0036  memory: 7172  loss: 1.4160  loss_ce: 1.4160
2025/06/17 18:06:12 - mmengine - INFO - Iter(train) [  313/12000]  lr: 1.0000e-03  eta: 1:28:58  time: 0.4310  data_time: 0.0036  memory: 7172  loss: 1.4154  loss_ce: 1.4154
2025/06/17 18:06:13 - mmengine - INFO - Iter(train) [  314/12000]  lr: 1.0000e-03  eta: 1:28:59  time: 0.4312  data_time: 0.0037  memory: 7172  loss: 1.4111  loss_ce: 1.4111
2025/06/17 18:06:13 - mmengine - INFO - Iter(train) [  315/12000]  lr: 1.0000e-03  eta: 1:29:00  time: 0.4388  data_time: 0.0035  memory: 7172  loss: 1.3923  loss_ce: 1.3923
2025/06/17 18:06:14 - mmengine - INFO - Iter(train) [  316/12000]  lr: 1.0000e-03  eta: 1:28:58  time: 0.4418  data_time: 0.0035  memory: 7172  loss: 1.3930  loss_ce: 1.3930
2025/06/17 18:06:14 - mmengine - INFO - Iter(train) [  317/12000]  lr: 1.0000e-03  eta: 1:28:56  time: 0.4323  data_time: 0.0034  memory: 7172  loss: 1.3950  loss_ce: 1.3950
2025/06/17 18:06:14 - mmengine - INFO - Iter(train) [  318/12000]  lr: 1.0000e-03  eta: 1:28:53  time: 0.4312  data_time: 0.0032  memory: 7172  loss: 1.3965  loss_ce: 1.3965
2025/06/17 18:06:15 - mmengine - INFO - Iter(train) [  319/12000]  lr: 1.0000e-03  eta: 1:28:50  time: 0.4295  data_time: 0.0033  memory: 7172  loss: 1.3918  loss_ce: 1.3918
2025/06/17 18:06:15 - mmengine - INFO - Iter(train) [  320/12000]  lr: 1.0000e-03  eta: 1:28:47  time: 0.4284  data_time: 0.0034  memory: 7172  loss: 1.3886  loss_ce: 1.3886
2025/06/17 18:06:16 - mmengine - INFO - Iter(train) [  321/12000]  lr: 1.0000e-03  eta: 1:28:45  time: 0.4304  data_time: 0.0034  memory: 7172  loss: 1.3992  loss_ce: 1.3992
2025/06/17 18:06:16 - mmengine - INFO - Iter(train) [  322/12000]  lr: 1.0000e-03  eta: 1:28:46  time: 0.4395  data_time: 0.0034  memory: 7172  loss: 1.3918  loss_ce: 1.3918
2025/06/17 18:06:17 - mmengine - INFO - Iter(train) [  323/12000]  lr: 1.0000e-03  eta: 1:28:47  time: 0.4379  data_time: 0.0034  memory: 7172  loss: 1.3985  loss_ce: 1.3985
2025/06/17 18:06:17 - mmengine - INFO - Iter(train) [  324/12000]  lr: 1.0000e-03  eta: 1:28:45  time: 0.4288  data_time: 0.0032  memory: 7172  loss: 1.3984  loss_ce: 1.3984
2025/06/17 18:06:17 - mmengine - INFO - Iter(train) [  325/12000]  lr: 1.0000e-03  eta: 1:28:45  time: 0.4301  data_time: 0.0033  memory: 7172  loss: 1.4028  loss_ce: 1.4028
2025/06/17 18:06:18 - mmengine - INFO - Iter(train) [  326/12000]  lr: 1.0000e-03  eta: 1:28:40  time: 0.4197  data_time: 0.0034  memory: 7172  loss: 1.3965  loss_ce: 1.3965
2025/06/17 18:06:18 - mmengine - INFO - Iter(train) [  327/12000]  lr: 1.0000e-03  eta: 1:28:37  time: 0.4184  data_time: 0.0034  memory: 7172  loss: 1.4004  loss_ce: 1.4004
2025/06/17 18:06:19 - mmengine - INFO - Iter(train) [  328/12000]  lr: 1.0000e-03  eta: 1:28:35  time: 0.4174  data_time: 0.0035  memory: 7172  loss: 1.4054  loss_ce: 1.4054
2025/06/17 18:06:19 - mmengine - INFO - Iter(train) [  329/12000]  lr: 1.0000e-03  eta: 1:28:33  time: 0.4200  data_time: 0.0036  memory: 7172  loss: 1.4144  loss_ce: 1.4144
2025/06/17 18:06:20 - mmengine - INFO - Iter(train) [  330/12000]  lr: 1.0000e-03  eta: 1:28:34  time: 0.4300  data_time: 0.0034  memory: 7172  loss: 1.4109  loss_ce: 1.4109
2025/06/17 18:06:20 - mmengine - INFO - Iter(train) [  331/12000]  lr: 1.0000e-03  eta: 1:28:28  time: 0.4207  data_time: 0.0033  memory: 7172  loss: 1.4004  loss_ce: 1.4004
2025/06/17 18:06:20 - mmengine - INFO - Iter(train) [  332/12000]  lr: 1.0000e-03  eta: 1:28:32  time: 0.4283  data_time: 0.0033  memory: 7172  loss: 1.3995  loss_ce: 1.3995
2025/06/17 18:06:21 - mmengine - INFO - Iter(train) [  333/12000]  lr: 1.0000e-03  eta: 1:28:33  time: 0.4311  data_time: 0.0032  memory: 7172  loss: 1.3939  loss_ce: 1.3939
2025/06/17 18:06:21 - mmengine - INFO - Iter(train) [  334/12000]  lr: 1.0000e-03  eta: 1:28:35  time: 0.4417  data_time: 0.0032  memory: 7172  loss: 1.4009  loss_ce: 1.4009
2025/06/17 18:06:22 - mmengine - INFO - Iter(train) [  335/12000]  lr: 1.0000e-03  eta: 1:28:39  time: 0.4521  data_time: 0.0032  memory: 7172  loss: 1.3971  loss_ce: 1.3971
2025/06/17 18:06:23 - mmengine - INFO - Iter(train) [  336/12000]  lr: 1.0000e-03  eta: 1:28:44  time: 0.4802  data_time: 0.0033  memory: 7172  loss: 1.4024  loss_ce: 1.4024
2025/06/17 18:06:23 - mmengine - INFO - Iter(train) [  337/12000]  lr: 1.0000e-03  eta: 1:28:45  time: 0.4918  data_time: 0.0034  memory: 7172  loss: 1.3966  loss_ce: 1.3966
2025/06/17 18:06:24 - mmengine - INFO - Iter(train) [  338/12000]  lr: 1.0000e-03  eta: 1:28:43  time: 0.4917  data_time: 0.0034  memory: 7172  loss: 1.3945  loss_ce: 1.3945
2025/06/17 18:06:24 - mmengine - INFO - Iter(train) [  339/12000]  lr: 1.0000e-03  eta: 1:28:43  time: 0.4991  data_time: 0.0033  memory: 7172  loss: 1.3884  loss_ce: 1.3884
2025/06/17 18:06:24 - mmengine - INFO - Iter(train) [  340/12000]  lr: 1.0000e-03  eta: 1:28:41  time: 0.4904  data_time: 0.0032  memory: 7172  loss: 1.3845  loss_ce: 1.3845
2025/06/17 18:06:25 - mmengine - INFO - Iter(train) [  341/12000]  lr: 1.0000e-03  eta: 1:28:41  time: 0.5075  data_time: 0.0034  memory: 7172  loss: 1.3907  loss_ce: 1.3907
2025/06/17 18:06:25 - mmengine - INFO - Iter(train) [  342/12000]  lr: 1.0000e-03  eta: 1:28:43  time: 0.5000  data_time: 0.0033  memory: 7172  loss: 1.3864  loss_ce: 1.3864
2025/06/17 18:06:26 - mmengine - INFO - Iter(train) [  343/12000]  lr: 1.0000e-03  eta: 1:28:44  time: 0.5003  data_time: 0.0033  memory: 7172  loss: 1.3901  loss_ce: 1.3901
2025/06/17 18:06:26 - mmengine - INFO - Iter(train) [  344/12000]  lr: 1.0000e-03  eta: 1:28:45  time: 0.4976  data_time: 0.0034  memory: 7172  loss: 1.3820  loss_ce: 1.3820
2025/06/17 18:06:27 - mmengine - INFO - Iter(train) [  345/12000]  lr: 1.0000e-03  eta: 1:28:42  time: 0.4784  data_time: 0.0034  memory: 7172  loss: 1.3848  loss_ce: 1.3848
2025/06/17 18:06:27 - mmengine - INFO - Iter(train) [  346/12000]  lr: 1.0000e-03  eta: 1:28:40  time: 0.4591  data_time: 0.0034  memory: 7172  loss: 1.3817  loss_ce: 1.3817
2025/06/17 18:06:28 - mmengine - INFO - Iter(train) [  347/12000]  lr: 1.0000e-03  eta: 1:28:37  time: 0.4470  data_time: 0.0034  memory: 7172  loss: 1.3871  loss_ce: 1.3871
2025/06/17 18:06:28 - mmengine - INFO - Iter(train) [  348/12000]  lr: 1.0000e-03  eta: 1:28:35  time: 0.4478  data_time: 0.0033  memory: 7172  loss: 1.3820  loss_ce: 1.3820
2025/06/17 18:06:28 - mmengine - INFO - Iter(train) [  349/12000]  lr: 1.0000e-03  eta: 1:28:30  time: 0.4319  data_time: 0.0034  memory: 7172  loss: 1.3861  loss_ce: 1.3861
2025/06/17 18:06:29 - mmengine - INFO - Iter(train) [  350/12000]  lr: 1.0000e-03  eta: 1:28:27  time: 0.4294  data_time: 0.0034  memory: 7172  loss: 1.3885  loss_ce: 1.3885
2025/06/17 18:06:29 - mmengine - INFO - Iter(train) [  351/12000]  lr: 1.0000e-03  eta: 1:28:25  time: 0.4215  data_time: 0.0033  memory: 7172  loss: 1.3870  loss_ce: 1.3870
2025/06/17 18:06:30 - mmengine - INFO - Iter(train) [  352/12000]  lr: 1.0000e-03  eta: 1:28:23  time: 0.4108  data_time: 0.0033  memory: 7172  loss: 1.3981  loss_ce: 1.3981
2025/06/17 18:06:30 - mmengine - INFO - Iter(train) [  353/12000]  lr: 1.0000e-03  eta: 1:28:20  time: 0.3986  data_time: 0.0034  memory: 7172  loss: 1.3918  loss_ce: 1.3918
2025/06/17 18:06:30 - mmengine - INFO - Iter(train) [  354/12000]  lr: 1.0000e-03  eta: 1:28:15  time: 0.3813  data_time: 0.0034  memory: 7172  loss: 1.3947  loss_ce: 1.3947
2025/06/17 18:06:31 - mmengine - INFO - Iter(train) [  355/12000]  lr: 1.0000e-03  eta: 1:28:13  time: 0.3811  data_time: 0.0033  memory: 7172  loss: 1.4008  loss_ce: 1.4008
2025/06/17 18:06:31 - mmengine - INFO - Iter(train) [  356/12000]  lr: 1.0000e-03  eta: 1:28:10  time: 0.3799  data_time: 0.0031  memory: 7172  loss: 1.4045  loss_ce: 1.4045
2025/06/17 18:06:31 - mmengine - INFO - Iter(train) [  357/12000]  lr: 1.0000e-03  eta: 1:28:08  time: 0.3800  data_time: 0.0031  memory: 7172  loss: 1.4093  loss_ce: 1.4093
2025/06/17 18:06:32 - mmengine - INFO - Iter(train) [  358/12000]  lr: 1.0000e-03  eta: 1:28:04  time: 0.3729  data_time: 0.0031  memory: 7172  loss: 1.4186  loss_ce: 1.4186
2025/06/17 18:06:32 - mmengine - INFO - Iter(train) [  359/12000]  lr: 1.0000e-03  eta: 1:28:01  time: 0.3785  data_time: 0.0032  memory: 7172  loss: 1.4192  loss_ce: 1.4192
2025/06/17 18:06:32 - mmengine - INFO - Exp name: cfg_udd5_20250617_180340
2025/06/17 18:06:32 - mmengine - INFO - Iter(train) [  360/12000]  lr: 1.0000e-03  eta: 1:27:58  time: 0.3789  data_time: 0.0032  memory: 7172  loss: 1.4245  loss_ce: 1.4245
2025/06/17 18:06:32 - mmengine - INFO - Saving checkpoint at 3 epochs
2025/06/17 18:06:35 - mmengine - INFO - Iter(train) [  361/12000]  lr: 1.0000e-03  eta: 1:28:09  time: 0.4193  data_time: 0.0400  memory: 7172  loss: 1.4194  loss_ce: 1.4194
2025/06/17 18:06:35 - mmengine - INFO - Iter(train) [  362/12000]  lr: 1.0000e-03  eta: 1:28:13  time: 0.4391  data_time: 0.0400  memory: 7172  loss: 1.4092  loss_ce: 1.4092
2025/06/17 18:06:35 - mmengine - INFO - Iter(train) [  363/12000]  lr: 1.0000e-03  eta: 1:28:09  time: 0.4325  data_time: 0.0398  memory: 7172  loss: 1.4177  loss_ce: 1.4177
2025/06/17 18:06:36 - mmengine - INFO - Iter(train) [  364/12000]  lr: 1.0000e-03  eta: 1:28:06  time: 0.4386  data_time: 0.0397  memory: 7172  loss: 1.4160  loss_ce: 1.4160
2025/06/17 18:06:36 - mmengine - INFO - Iter(train) [  365/12000]  lr: 1.0000e-03  eta: 1:28:04  time: 0.4393  data_time: 0.0401  memory: 7172  loss: 1.4141  loss_ce: 1.4141
2025/06/17 18:06:37 - mmengine - INFO - Iter(train) [  366/12000]  lr: 1.0000e-03  eta: 1:28:01  time: 0.4402  data_time: 0.0400  memory: 7172  loss: 1.4177  loss_ce: 1.4177
2025/06/17 18:06:37 - mmengine - INFO - Iter(train) [  367/12000]  lr: 1.0000e-03  eta: 1:28:02  time: 0.4511  data_time: 0.0399  memory: 7172  loss: 1.4055  loss_ce: 1.4055
2025/06/17 18:06:38 - mmengine - INFO - Iter(train) [  368/12000]  lr: 1.0000e-03  eta: 1:28:06  time: 0.4772  data_time: 0.0398  memory: 7172  loss: 1.4046  loss_ce: 1.4046
2025/06/17 18:06:38 - mmengine - INFO - Iter(train) [  369/12000]  lr: 1.0000e-03  eta: 1:28:05  time: 0.4811  data_time: 0.0397  memory: 7172  loss: 1.3996  loss_ce: 1.3996
2025/06/17 18:06:39 - mmengine - INFO - Iter(train) [  370/12000]  lr: 1.0000e-03  eta: 1:28:08  time: 0.5008  data_time: 0.0398  memory: 7172  loss: 1.3940  loss_ce: 1.3940
2025/06/17 18:06:39 - mmengine - INFO - Iter(train) [  371/12000]  lr: 1.0000e-03  eta: 1:28:06  time: 0.4598  data_time: 0.0030  memory: 7172  loss: 1.3957  loss_ce: 1.3957
2025/06/17 18:06:40 - mmengine - INFO - Iter(train) [  372/12000]  lr: 1.0000e-03  eta: 1:28:07  time: 0.4493  data_time: 0.0030  memory: 7172  loss: 1.4031  loss_ce: 1.4031
2025/06/17 18:06:40 - mmengine - INFO - Iter(train) [  373/12000]  lr: 1.0000e-03  eta: 1:28:05  time: 0.4583  data_time: 0.0033  memory: 7172  loss: 1.3963  loss_ce: 1.3963
2025/06/17 18:06:40 - mmengine - INFO - Iter(train) [  374/12000]  lr: 1.0000e-03  eta: 1:28:03  time: 0.4611  data_time: 0.0033  memory: 7172  loss: 1.4035  loss_ce: 1.4035
2025/06/17 18:06:41 - mmengine - INFO - Iter(train) [  375/12000]  lr: 1.0000e-03  eta: 1:28:04  time: 0.4695  data_time: 0.0028  memory: 7172  loss: 1.4023  loss_ce: 1.4023
2025/06/17 18:06:41 - mmengine - INFO - Iter(train) [  376/12000]  lr: 1.0000e-03  eta: 1:28:08  time: 0.4889  data_time: 0.0029  memory: 7172  loss: 1.3965  loss_ce: 1.3965
2025/06/17 18:06:42 - mmengine - INFO - Iter(train) [  377/12000]  lr: 1.0000e-03  eta: 1:28:09  time: 0.4903  data_time: 0.0029  memory: 7172  loss: 1.3987  loss_ce: 1.3987
2025/06/17 18:06:43 - mmengine - INFO - Iter(train) [  378/12000]  lr: 1.0000e-03  eta: 1:28:10  time: 0.4805  data_time: 0.0031  memory: 7172  loss: 1.3942  loss_ce: 1.3942
2025/06/17 18:06:43 - mmengine - INFO - Iter(train) [  379/12000]  lr: 1.0000e-03  eta: 1:28:11  time: 0.4894  data_time: 0.0031  memory: 7172  loss: 1.3880  loss_ce: 1.3880
2025/06/17 18:06:44 - mmengine - INFO - Iter(train) [  380/12000]  lr: 1.0000e-03  eta: 1:28:12  time: 0.4806  data_time: 0.0031  memory: 7172  loss: 1.3909  loss_ce: 1.3909
2025/06/17 18:06:44 - mmengine - INFO - Iter(train) [  381/12000]  lr: 1.0000e-03  eta: 1:28:13  time: 0.4904  data_time: 0.0031  memory: 7172  loss: 1.3995  loss_ce: 1.3995
2025/06/17 18:06:44 - mmengine - INFO - Iter(train) [  382/12000]  lr: 1.0000e-03  eta: 1:28:11  time: 0.4813  data_time: 0.0030  memory: 7172  loss: 1.4027  loss_ce: 1.4027
2025/06/17 18:06:45 - mmengine - INFO - Iter(train) [  383/12000]  lr: 1.0000e-03  eta: 1:28:08  time: 0.4803  data_time: 0.0029  memory: 7172  loss: 1.4031  loss_ce: 1.4031
2025/06/17 18:06:45 - mmengine - INFO - Iter(train) [  384/12000]  lr: 1.0000e-03  eta: 1:28:09  time: 0.4882  data_time: 0.0029  memory: 7172  loss: 1.3961  loss_ce: 1.3961
2025/06/17 18:06:46 - mmengine - INFO - Iter(train) [  385/12000]  lr: 1.0000e-03  eta: 1:28:04  time: 0.4713  data_time: 0.0029  memory: 7172  loss: 1.3895  loss_ce: 1.3895
2025/06/17 18:06:46 - mmengine - INFO - Iter(train) [  386/12000]  lr: 1.0000e-03  eta: 1:28:02  time: 0.4526  data_time: 0.0029  memory: 7172  loss: 1.3930  loss_ce: 1.3930
2025/06/17 18:06:46 - mmengine - INFO - Iter(train) [  387/12000]  lr: 1.0000e-03  eta: 1:28:03  time: 0.4485  data_time: 0.0030  memory: 7172  loss: 1.3954  loss_ce: 1.3954
2025/06/17 18:06:47 - mmengine - INFO - Iter(train) [  388/12000]  lr: 1.0000e-03  eta: 1:28:03  time: 0.4484  data_time: 0.0028  memory: 7172  loss: 1.3948  loss_ce: 1.3948
2025/06/17 18:06:47 - mmengine - INFO - Iter(train) [  389/12000]  lr: 1.0000e-03  eta: 1:28:02  time: 0.4400  data_time: 0.0028  memory: 7172  loss: 1.4019  loss_ce: 1.4019
2025/06/17 18:06:48 - mmengine - INFO - Iter(train) [  390/12000]  lr: 1.0000e-03  eta: 1:28:00  time: 0.4315  data_time: 0.0027  memory: 7172  loss: 1.3961  loss_ce: 1.3961
2025/06/17 18:06:48 - mmengine - INFO - Iter(train) [  391/12000]  lr: 1.0000e-03  eta: 1:28:03  time: 0.4393  data_time: 0.0027  memory: 7172  loss: 1.3819  loss_ce: 1.3819
2025/06/17 18:06:49 - mmengine - INFO - Iter(train) [  392/12000]  lr: 1.0000e-03  eta: 1:28:01  time: 0.4403  data_time: 0.0027  memory: 7172  loss: 1.3737  loss_ce: 1.3737
2025/06/17 18:06:49 - mmengine - INFO - Iter(train) [  393/12000]  lr: 1.0000e-03  eta: 1:28:05  time: 0.4600  data_time: 0.0029  memory: 7172  loss: 1.3711  loss_ce: 1.3711
2025/06/17 18:06:50 - mmengine - INFO - Iter(train) [  394/12000]  lr: 1.0000e-03  eta: 1:28:09  time: 0.4717  data_time: 0.0029  memory: 7172  loss: 1.3681  loss_ce: 1.3681
2025/06/17 18:06:50 - mmengine - INFO - Iter(train) [  395/12000]  lr: 1.0000e-03  eta: 1:28:09  time: 0.4875  data_time: 0.0029  memory: 7172  loss: 1.3681  loss_ce: 1.3681
2025/06/17 18:06:51 - mmengine - INFO - Iter(train) [  396/12000]  lr: 1.0000e-03  eta: 1:28:07  time: 0.4869  data_time: 0.0028  memory: 7172  loss: 1.3701  loss_ce: 1.3701
2025/06/17 18:06:51 - mmengine - INFO - Iter(train) [  397/12000]  lr: 1.0000e-03  eta: 1:28:03  time: 0.4709  data_time: 0.0028  memory: 7172  loss: 1.3659  loss_ce: 1.3659
2025/06/17 18:06:52 - mmengine - INFO - Iter(train) [  398/12000]  lr: 1.0000e-03  eta: 1:28:01  time: 0.4622  data_time: 0.0029  memory: 7172  loss: 1.3669  loss_ce: 1.3669
2025/06/17 18:06:52 - mmengine - INFO - Iter(train) [  399/12000]  lr: 1.0000e-03  eta: 1:28:01  time: 0.4695  data_time: 0.0030  memory: 7172  loss: 1.3706  loss_ce: 1.3706
2025/06/17 18:06:53 - mmengine - INFO - Iter(train) [  400/12000]  lr: 1.0000e-03  eta: 1:28:02  time: 0.4781  data_time: 0.0031  memory: 7172  loss: 1.3740  loss_ce: 1.3740
2025/06/17 18:06:53 - mmengine - INFO - Iter(train) [  401/12000]  lr: 1.0000e-03  eta: 1:28:03  time: 0.4694  data_time: 0.0031  memory: 7172  loss: 1.3810  loss_ce: 1.3810
2025/06/17 18:06:53 - mmengine - INFO - Iter(train) [  402/12000]  lr: 1.0000e-03  eta: 1:28:01  time: 0.4681  data_time: 0.0031  memory: 7172  loss: 1.3799  loss_ce: 1.3799
2025/06/17 18:06:54 - mmengine - INFO - Iter(train) [  403/12000]  lr: 1.0000e-03  eta: 1:28:02  time: 0.4583  data_time: 0.0031  memory: 7172  loss: 1.3827  loss_ce: 1.3827
2025/06/17 18:06:54 - mmengine - INFO - Iter(train) [  404/12000]  lr: 1.0000e-03  eta: 1:28:00  time: 0.4398  data_time: 0.0031  memory: 7172  loss: 1.3870  loss_ce: 1.3870
2025/06/17 18:06:55 - mmengine - INFO - Iter(train) [  405/12000]  lr: 1.0000e-03  eta: 1:27:58  time: 0.4313  data_time: 0.0031  memory: 7172  loss: 1.3993  loss_ce: 1.3993
2025/06/17 18:06:55 - mmengine - INFO - Iter(train) [  406/12000]  lr: 1.0000e-03  eta: 1:27:56  time: 0.4308  data_time: 0.0032  memory: 7172  loss: 1.4067  loss_ce: 1.4067
2025/06/17 18:06:56 - mmengine - INFO - Iter(train) [  407/12000]  lr: 1.0000e-03  eta: 1:27:56  time: 0.4488  data_time: 0.0033  memory: 7172  loss: 1.4147  loss_ce: 1.4147
2025/06/17 18:06:56 - mmengine - INFO - Iter(train) [  408/12000]  lr: 1.0000e-03  eta: 1:27:57  time: 0.4573  data_time: 0.0032  memory: 7172  loss: 1.4161  loss_ce: 1.4161
2025/06/17 18:06:57 - mmengine - INFO - Iter(train) [  409/12000]  lr: 1.0000e-03  eta: 1:27:53  time: 0.4399  data_time: 0.0032  memory: 7172  loss: 1.4163  loss_ce: 1.4163
2025/06/17 18:06:57 - mmengine - INFO - Iter(train) [  410/12000]  lr: 1.0000e-03  eta: 1:27:50  time: 0.4287  data_time: 0.0031  memory: 7172  loss: 1.4208  loss_ce: 1.4208
2025/06/17 18:06:57 - mmengine - INFO - Iter(train) [  411/12000]  lr: 1.0000e-03  eta: 1:27:48  time: 0.4200  data_time: 0.0031  memory: 7172  loss: 1.4151  loss_ce: 1.4151
2025/06/17 18:06:58 - mmengine - INFO - Iter(train) [  412/12000]  lr: 1.0000e-03  eta: 1:27:44  time: 0.4124  data_time: 0.0032  memory: 7172  loss: 1.4256  loss_ce: 1.4256
2025/06/17 18:06:58 - mmengine - INFO - Iter(train) [  413/12000]  lr: 1.0000e-03  eta: 1:27:42  time: 0.4006  data_time: 0.0031  memory: 7172  loss: 1.4246  loss_ce: 1.4246
2025/06/17 18:06:58 - mmengine - INFO - Iter(train) [  414/12000]  lr: 1.0000e-03  eta: 1:27:40  time: 0.3995  data_time: 0.0031  memory: 7172  loss: 1.4225  loss_ce: 1.4225
2025/06/17 18:06:59 - mmengine - INFO - Iter(train) [  415/12000]  lr: 1.0000e-03  eta: 1:27:38  time: 0.3990  data_time: 0.0033  memory: 7172  loss: 1.4207  loss_ce: 1.4207
2025/06/17 18:06:59 - mmengine - INFO - Iter(train) [  416/12000]  lr: 1.0000e-03  eta: 1:27:33  time: 0.3911  data_time: 0.0033  memory: 7172  loss: 1.4005  loss_ce: 1.4005
2025/06/17 18:07:00 - mmengine - INFO - Iter(train) [  417/12000]  lr: 1.0000e-03  eta: 1:27:34  time: 0.3903  data_time: 0.0033  memory: 7172  loss: 1.3974  loss_ce: 1.3974
2025/06/17 18:07:00 - mmengine - INFO - Iter(train) [  418/12000]  lr: 1.0000e-03  eta: 1:27:29  time: 0.3730  data_time: 0.0034  memory: 7172  loss: 1.3942  loss_ce: 1.3942
2025/06/17 18:07:00 - mmengine - INFO - Iter(train) [  419/12000]  lr: 1.0000e-03  eta: 1:27:30  time: 0.3900  data_time: 0.0036  memory: 7172  loss: 1.3948  loss_ce: 1.3948
2025/06/17 18:07:01 - mmengine - INFO - Iter(train) [  420/12000]  lr: 1.0000e-03  eta: 1:27:29  time: 0.3930  data_time: 0.0036  memory: 7172  loss: 1.3877  loss_ce: 1.3877
2025/06/17 18:07:01 - mmengine - INFO - Iter(train) [  421/12000]  lr: 1.0000e-03  eta: 1:27:29  time: 0.4011  data_time: 0.0039  memory: 7172  loss: 1.3906  loss_ce: 1.3906
2025/06/17 18:07:02 - mmengine - INFO - Iter(train) [  422/12000]  lr: 1.0000e-03  eta: 1:27:30  time: 0.4183  data_time: 0.0038  memory: 7172  loss: 1.3831  loss_ce: 1.3831
2025/06/17 18:07:02 - mmengine - INFO - Iter(train) [  423/12000]  lr: 1.0000e-03  eta: 1:27:34  time: 0.4415  data_time: 0.0040  memory: 7172  loss: 1.3891  loss_ce: 1.3891
2025/06/17 18:07:03 - mmengine - INFO - Iter(train) [  424/12000]  lr: 1.0000e-03  eta: 1:27:37  time: 0.4597  data_time: 0.0040  memory: 7172  loss: 1.3984  loss_ce: 1.3984
2025/06/17 18:07:04 - mmengine - INFO - Iter(train) [  425/12000]  lr: 1.0000e-03  eta: 1:27:40  time: 0.4805  data_time: 0.0040  memory: 7172  loss: 1.3933  loss_ce: 1.3933
2025/06/17 18:07:04 - mmengine - INFO - Iter(train) [  426/12000]  lr: 1.0000e-03  eta: 1:27:44  time: 0.5093  data_time: 0.0040  memory: 7172  loss: 1.3966  loss_ce: 1.3966
2025/06/17 18:07:05 - mmengine - INFO - Iter(train) [  427/12000]  lr: 1.0000e-03  eta: 1:27:47  time: 0.5211  data_time: 0.0039  memory: 7172  loss: 1.3887  loss_ce: 1.3887
2025/06/17 18:07:05 - mmengine - INFO - Iter(train) [  428/12000]  lr: 1.0000e-03  eta: 1:27:51  time: 0.5496  data_time: 0.0038  memory: 7172  loss: 1.3927  loss_ce: 1.3927
2025/06/17 18:07:06 - mmengine - INFO - Iter(train) [  429/12000]  lr: 1.0000e-03  eta: 1:27:54  time: 0.5604  data_time: 0.0036  memory: 7172  loss: 1.3823  loss_ce: 1.3823
2025/06/17 18:07:07 - mmengine - INFO - Iter(train) [  430/12000]  lr: 1.0000e-03  eta: 1:27:58  time: 0.5789  data_time: 0.0036  memory: 7172  loss: 1.3871  loss_ce: 1.3871
2025/06/17 18:07:07 - mmengine - INFO - Iter(train) [  431/12000]  lr: 1.0000e-03  eta: 1:28:01  time: 0.5900  data_time: 0.0034  memory: 7172  loss: 1.3825  loss_ce: 1.3825
2025/06/17 18:07:08 - mmengine - INFO - Iter(train) [  432/12000]  lr: 1.0000e-03  eta: 1:28:05  time: 0.6009  data_time: 0.0036  memory: 7172  loss: 1.3814  loss_ce: 1.3814
2025/06/17 18:07:08 - mmengine - INFO - Iter(train) [  433/12000]  lr: 1.0000e-03  eta: 1:28:03  time: 0.5802  data_time: 0.0033  memory: 7172  loss: 1.3780  loss_ce: 1.3780
2025/06/17 18:07:09 - mmengine - INFO - Iter(train) [  434/12000]  lr: 1.0000e-03  eta: 1:28:00  time: 0.5602  data_time: 0.0033  memory: 7172  loss: 1.3745  loss_ce: 1.3745
2025/06/17 18:07:09 - mmengine - INFO - Iter(train) [  435/12000]  lr: 1.0000e-03  eta: 1:28:01  time: 0.5503  data_time: 0.0031  memory: 7172  loss: 1.3800  loss_ce: 1.3800
2025/06/17 18:07:10 - mmengine - INFO - Iter(train) [  436/12000]  lr: 1.0000e-03  eta: 1:28:05  time: 0.5503  data_time: 0.0031  memory: 7172  loss: 1.3844  loss_ce: 1.3844
2025/06/17 18:07:10 - mmengine - INFO - Iter(train) [  437/12000]  lr: 1.0000e-03  eta: 1:28:03  time: 0.5310  data_time: 0.0031  memory: 7172  loss: 1.3831  loss_ce: 1.3831
2025/06/17 18:07:11 - mmengine - INFO - Iter(train) [  438/12000]  lr: 1.0000e-03  eta: 1:28:04  time: 0.5212  data_time: 0.0031  memory: 7172  loss: 1.3775  loss_ce: 1.3775
2025/06/17 18:07:11 - mmengine - INFO - Iter(train) [  439/12000]  lr: 1.0000e-03  eta: 1:28:02  time: 0.5017  data_time: 0.0031  memory: 7172  loss: 1.3795  loss_ce: 1.3795
2025/06/17 18:07:11 - mmengine - INFO - Iter(train) [  440/12000]  lr: 1.0000e-03  eta: 1:28:00  time: 0.4800  data_time: 0.0030  memory: 7172  loss: 1.3747  loss_ce: 1.3747
2025/06/17 18:07:12 - mmengine - INFO - Iter(train) [  441/12000]  lr: 1.0000e-03  eta: 1:27:58  time: 0.4605  data_time: 0.0030  memory: 7172  loss: 1.3854  loss_ce: 1.3854
2025/06/17 18:07:12 - mmengine - INFO - Iter(train) [  442/12000]  lr: 1.0000e-03  eta: 1:27:56  time: 0.4404  data_time: 0.0029  memory: 7172  loss: 1.3857  loss_ce: 1.3857
2025/06/17 18:07:13 - mmengine - INFO - Iter(train) [  443/12000]  lr: 1.0000e-03  eta: 1:27:54  time: 0.4404  data_time: 0.0030  memory: 7172  loss: 1.3809  loss_ce: 1.3809
2025/06/17 18:07:13 - mmengine - INFO - Iter(train) [  444/12000]  lr: 1.0000e-03  eta: 1:27:52  time: 0.4413  data_time: 0.0032  memory: 7172  loss: 1.3770  loss_ce: 1.3770
2025/06/17 18:07:13 - mmengine - INFO - Iter(train) [  445/12000]  lr: 1.0000e-03  eta: 1:27:50  time: 0.4300  data_time: 0.0032  memory: 7172  loss: 1.3718  loss_ce: 1.3718
2025/06/17 18:07:14 - mmengine - INFO - Iter(train) [  446/12000]  lr: 1.0000e-03  eta: 1:27:48  time: 0.4096  data_time: 0.0032  memory: 7172  loss: 1.3695  loss_ce: 1.3695
2025/06/17 18:07:14 - mmengine - INFO - Iter(train) [  447/12000]  lr: 1.0000e-03  eta: 1:27:46  time: 0.4074  data_time: 0.0033  memory: 7172  loss: 1.3757  loss_ce: 1.3757
2025/06/17 18:07:15 - mmengine - INFO - Iter(train) [  448/12000]  lr: 1.0000e-03  eta: 1:27:41  time: 0.3882  data_time: 0.0034  memory: 7172  loss: 1.3753  loss_ce: 1.3753
2025/06/17 18:07:15 - mmengine - INFO - Iter(train) [  449/12000]  lr: 1.0000e-03  eta: 1:27:39  time: 0.3864  data_time: 0.0034  memory: 7172  loss: 1.3784  loss_ce: 1.3784
2025/06/17 18:07:15 - mmengine - INFO - Iter(train) [  450/12000]  lr: 1.0000e-03  eta: 1:27:40  time: 0.3987  data_time: 0.0035  memory: 7172  loss: 1.3801  loss_ce: 1.3801
2025/06/17 18:07:16 - mmengine - INFO - Iter(train) [  451/12000]  lr: 1.0000e-03  eta: 1:27:36  time: 0.3903  data_time: 0.0034  memory: 7172  loss: 1.3744  loss_ce: 1.3744
2025/06/17 18:07:16 - mmengine - INFO - Iter(train) [  452/12000]  lr: 1.0000e-03  eta: 1:27:34  time: 0.3886  data_time: 0.0033  memory: 7172  loss: 1.3796  loss_ce: 1.3796
2025/06/17 18:07:17 - mmengine - INFO - Iter(train) [  453/12000]  lr: 1.0000e-03  eta: 1:27:32  time: 0.3884  data_time: 0.0032  memory: 7172  loss: 1.3873  loss_ce: 1.3873
2025/06/17 18:07:17 - mmengine - INFO - Iter(train) [  454/12000]  lr: 1.0000e-03  eta: 1:27:30  time: 0.3877  data_time: 0.0033  memory: 7172  loss: 1.3950  loss_ce: 1.3950
2025/06/17 18:07:17 - mmengine - INFO - Iter(train) [  455/12000]  lr: 1.0000e-03  eta: 1:27:26  time: 0.3801  data_time: 0.0033  memory: 7172  loss: 1.3955  loss_ce: 1.3955
2025/06/17 18:07:18 - mmengine - INFO - Iter(train) [  456/12000]  lr: 1.0000e-03  eta: 1:27:24  time: 0.3793  data_time: 0.0031  memory: 7172  loss: 1.3952  loss_ce: 1.3952
2025/06/17 18:07:18 - mmengine - INFO - Iter(train) [  457/12000]  lr: 1.0000e-03  eta: 1:27:22  time: 0.3802  data_time: 0.0032  memory: 7172  loss: 1.3993  loss_ce: 1.3993
2025/06/17 18:07:18 - mmengine - INFO - Iter(train) [  458/12000]  lr: 1.0000e-03  eta: 1:27:20  time: 0.3885  data_time: 0.0032  memory: 7172  loss: 1.4073  loss_ce: 1.4073
2025/06/17 18:07:19 - mmengine - INFO - Iter(train) [  459/12000]  lr: 1.0000e-03  eta: 1:27:16  time: 0.3811  data_time: 0.0034  memory: 7172  loss: 1.4068  loss_ce: 1.4068
2025/06/17 18:07:19 - mmengine - INFO - Iter(train) [  460/12000]  lr: 1.0000e-03  eta: 1:27:14  time: 0.3692  data_time: 0.0034  memory: 7172  loss: 1.4085  loss_ce: 1.4085
2025/06/17 18:07:19 - mmengine - INFO - Iter(train) [  461/12000]  lr: 1.0000e-03  eta: 1:27:10  time: 0.3706  data_time: 0.0035  memory: 7172  loss: 1.4056  loss_ce: 1.4056
2025/06/17 18:07:20 - mmengine - INFO - Iter(train) [  462/12000]  lr: 1.0000e-03  eta: 1:27:08  time: 0.3689  data_time: 0.0037  memory: 7172  loss: 1.4076  loss_ce: 1.4076
2025/06/17 18:07:20 - mmengine - INFO - Iter(train) [  463/12000]  lr: 1.0000e-03  eta: 1:27:04  time: 0.3602  data_time: 0.0038  memory: 7172  loss: 1.4046  loss_ce: 1.4046
2025/06/17 18:07:21 - mmengine - INFO - Iter(train) [  464/12000]  lr: 1.0000e-03  eta: 1:27:02  time: 0.3611  data_time: 0.0038  memory: 7172  loss: 1.3970  loss_ce: 1.3970
2025/06/17 18:07:21 - mmengine - INFO - Iter(train) [  465/12000]  lr: 1.0000e-03  eta: 1:27:00  time: 0.3693  data_time: 0.0040  memory: 7172  loss: 1.3950  loss_ce: 1.3950
2025/06/17 18:07:21 - mmengine - INFO - Iter(train) [  466/12000]  lr: 1.0000e-03  eta: 1:26:58  time: 0.3703  data_time: 0.0042  memory: 7172  loss: 1.3967  loss_ce: 1.3967
2025/06/17 18:07:22 - mmengine - INFO - Iter(train) [  467/12000]  lr: 1.0000e-03  eta: 1:26:57  time: 0.3698  data_time: 0.0040  memory: 7172  loss: 1.3951  loss_ce: 1.3951
2025/06/17 18:07:22 - mmengine - INFO - Iter(train) [  468/12000]  lr: 1.0000e-03  eta: 1:26:55  time: 0.3717  data_time: 0.0040  memory: 7172  loss: 1.3913  loss_ce: 1.3913
2025/06/17 18:07:23 - mmengine - INFO - Iter(train) [  469/12000]  lr: 1.0000e-03  eta: 1:26:54  time: 0.3816  data_time: 0.0040  memory: 7172  loss: 1.3931  loss_ce: 1.3931
2025/06/17 18:07:23 - mmengine - INFO - Iter(train) [  470/12000]  lr: 1.0000e-03  eta: 1:26:52  time: 0.3808  data_time: 0.0038  memory: 7172  loss: 1.3988  loss_ce: 1.3988
2025/06/17 18:07:23 - mmengine - INFO - Iter(train) [  471/12000]  lr: 1.0000e-03  eta: 1:26:50  time: 0.3886  data_time: 0.0038  memory: 7172  loss: 1.4071  loss_ce: 1.4071
2025/06/17 18:07:24 - mmengine - INFO - Iter(train) [  472/12000]  lr: 1.0000e-03  eta: 1:26:48  time: 0.3906  data_time: 0.0038  memory: 7172  loss: 1.4042  loss_ce: 1.4042
2025/06/17 18:07:24 - mmengine - INFO - Iter(train) [  473/12000]  lr: 1.0000e-03  eta: 1:26:44  time: 0.3904  data_time: 0.0037  memory: 7172  loss: 1.4067  loss_ce: 1.4067
2025/06/17 18:07:24 - mmengine - INFO - Iter(train) [  474/12000]  lr: 1.0000e-03  eta: 1:26:42  time: 0.3901  data_time: 0.0036  memory: 7172  loss: 1.4032  loss_ce: 1.4032
2025/06/17 18:07:25 - mmengine - INFO - Iter(train) [  475/12000]  lr: 1.0000e-03  eta: 1:26:41  time: 0.3909  data_time: 0.0033  memory: 7172  loss: 1.3999  loss_ce: 1.3999
2025/06/17 18:07:25 - mmengine - INFO - Iter(train) [  476/12000]  lr: 1.0000e-03  eta: 1:26:39  time: 0.3892  data_time: 0.0033  memory: 7172  loss: 1.4059  loss_ce: 1.4059
2025/06/17 18:07:26 - mmengine - INFO - Iter(train) [  477/12000]  lr: 1.0000e-03  eta: 1:26:35  time: 0.3808  data_time: 0.0034  memory: 7172  loss: 1.4071  loss_ce: 1.4071
2025/06/17 18:07:26 - mmengine - INFO - Iter(train) [  478/12000]  lr: 1.0000e-03  eta: 1:26:31  time: 0.3706  data_time: 0.0033  memory: 7172  loss: 1.4113  loss_ce: 1.4113
2025/06/17 18:07:26 - mmengine - INFO - Iter(train) [  479/12000]  lr: 1.0000e-03  eta: 1:26:29  time: 0.3672  data_time: 0.0031  memory: 7172  loss: 1.4100  loss_ce: 1.4100
2025/06/17 18:07:26 - mmengine - INFO - Exp name: cfg_udd5_20250617_180340
2025/06/17 18:07:26 - mmengine - INFO - Iter(train) [  480/12000]  lr: 1.0000e-03  eta: 1:26:25  time: 0.3598  data_time: 0.0032  memory: 7172  loss: 1.4083  loss_ce: 1.4083
2025/06/17 18:07:27 - mmengine - INFO - Saving checkpoint at 4 epochs
2025/06/17 18:07:28 - mmengine - INFO - Iter(train) [  481/12000]  lr: 1.0000e-03  eta: 1:26:27  time: 0.3767  data_time: 0.0164  memory: 7172  loss: 1.4068  loss_ce: 1.4068
2025/06/17 18:07:29 - mmengine - INFO - Iter(train) [  482/12000]  lr: 1.0000e-03  eta: 1:26:26  time: 0.3778  data_time: 0.0163  memory: 7172  loss: 1.4088  loss_ce: 1.4088
2025/06/17 18:07:29 - mmengine - INFO - Iter(train) [  483/12000]  lr: 1.0000e-03  eta: 1:26:24  time: 0.3862  data_time: 0.0163  memory: 7172  loss: 1.4033  loss_ce: 1.4033
2025/06/17 18:07:30 - mmengine - INFO - Iter(train) [  484/12000]  lr: 1.0000e-03  eta: 1:26:22  time: 0.3866  data_time: 0.0164  memory: 7172  loss: 1.4030  loss_ce: 1.4030
2025/06/17 18:07:30 - mmengine - INFO - Iter(train) [  485/12000]  lr: 1.0000e-03  eta: 1:26:21  time: 0.3863  data_time: 0.0165  memory: 7172  loss: 1.4116  loss_ce: 1.4116
2025/06/17 18:07:30 - mmengine - INFO - Iter(train) [  486/12000]  lr: 1.0000e-03  eta: 1:26:21  time: 0.3974  data_time: 0.0164  memory: 7172  loss: 1.4002  loss_ce: 1.4002
2025/06/17 18:07:31 - mmengine - INFO - Iter(train) [  487/12000]  lr: 1.0000e-03  eta: 1:26:20  time: 0.4073  data_time: 0.0169  memory: 7172  loss: 1.3920  loss_ce: 1.3920
2025/06/17 18:07:31 - mmengine - INFO - Iter(train) [  488/12000]  lr: 1.0000e-03  eta: 1:26:18  time: 0.4143  data_time: 0.0169  memory: 7172  loss: 1.3968  loss_ce: 1.3968
2025/06/17 18:07:32 - mmengine - INFO - Iter(train) [  489/12000]  lr: 1.0000e-03  eta: 1:26:15  time: 0.4095  data_time: 0.0169  memory: 7172  loss: 1.4017  loss_ce: 1.4017
2025/06/17 18:07:32 - mmengine - INFO - Iter(train) [  490/12000]  lr: 1.0000e-03  eta: 1:26:15  time: 0.4258  data_time: 0.0170  memory: 7172  loss: 1.3960  loss_ce: 1.3960
2025/06/17 18:07:33 - mmengine - INFO - Iter(train) [  491/12000]  lr: 1.0000e-03  eta: 1:26:16  time: 0.4194  data_time: 0.0038  memory: 7172  loss: 1.3905  loss_ce: 1.3905
2025/06/17 18:07:33 - mmengine - INFO - Iter(train) [  492/12000]  lr: 1.0000e-03  eta: 1:26:14  time: 0.4191  data_time: 0.0039  memory: 7172  loss: 1.3844  loss_ce: 1.3844
2025/06/17 18:07:33 - mmengine - INFO - Iter(train) [  493/12000]  lr: 1.0000e-03  eta: 1:26:15  time: 0.4293  data_time: 0.0039  memory: 7172  loss: 1.3914  loss_ce: 1.3914
2025/06/17 18:07:34 - mmengine - INFO - Iter(train) [  494/12000]  lr: 1.0000e-03  eta: 1:26:12  time: 0.4266  data_time: 0.0038  memory: 7172  loss: 1.3975  loss_ce: 1.3975
2025/06/17 18:07:34 - mmengine - INFO - Iter(train) [  495/12000]  lr: 1.0000e-03  eta: 1:26:09  time: 0.4200  data_time: 0.0037  memory: 7172  loss: 1.3974  loss_ce: 1.3974
2025/06/17 18:07:34 - mmengine - INFO - Iter(train) [  496/12000]  lr: 1.0000e-03  eta: 1:26:08  time: 0.4100  data_time: 0.0038  memory: 7172  loss: 1.4058  loss_ce: 1.4058
2025/06/17 18:07:35 - mmengine - INFO - Iter(train) [  497/12000]  lr: 1.0000e-03  eta: 1:26:06  time: 0.4079  data_time: 0.0033  memory: 7172  loss: 1.4079  loss_ce: 1.4079
2025/06/17 18:07:35 - mmengine - INFO - Iter(train) [  498/12000]  lr: 1.0000e-03  eta: 1:26:02  time: 0.4014  data_time: 0.0033  memory: 7172  loss: 1.3936  loss_ce: 1.3936
2025/06/17 18:07:36 - mmengine - INFO - Iter(train) [  499/12000]  lr: 1.0000e-03  eta: 1:26:00  time: 0.4078  data_time: 0.0033  memory: 7172  loss: 1.3875  loss_ce: 1.3875
2025/06/17 18:07:36 - mmengine - INFO - Iter(train) [  500/12000]  lr: 1.0000e-03  eta: 1:25:59  time: 0.4005  data_time: 0.0034  memory: 7172  loss: 1.3907  loss_ce: 1.3907
2025/06/17 18:07:36 - mmengine - INFO - Iter(train) [  501/12000]  lr: 1.0000e-03  eta: 1:25:58  time: 0.3906  data_time: 0.0033  memory: 7172  loss: 1.3913  loss_ce: 1.3913
2025/06/17 18:07:37 - mmengine - INFO - Iter(train) [  502/12000]  lr: 1.0000e-03  eta: 1:25:58  time: 0.4000  data_time: 0.0032  memory: 7172  loss: 1.3923  loss_ce: 1.3923
2025/06/17 18:07:37 - mmengine - INFO - Iter(train) [  503/12000]  lr: 1.0000e-03  eta: 1:26:01  time: 0.4099  data_time: 0.0033  memory: 7172  loss: 1.3938  loss_ce: 1.3938
2025/06/17 18:07:38 - mmengine - INFO - Iter(train) [  504/12000]  lr: 1.0000e-03  eta: 1:26:03  time: 0.4262  data_time: 0.0035  memory: 7172  loss: 1.3912  loss_ce: 1.3912
2025/06/17 18:07:38 - mmengine - INFO - Iter(train) [  505/12000]  lr: 1.0000e-03  eta: 1:26:01  time: 0.4311  data_time: 0.0035  memory: 7172  loss: 1.3921  loss_ce: 1.3921
2025/06/17 18:07:39 - mmengine - INFO - Iter(train) [  506/12000]  lr: 1.0000e-03  eta: 1:25:59  time: 0.4318  data_time: 0.0033  memory: 7172  loss: 1.3890  loss_ce: 1.3890
2025/06/17 18:07:39 - mmengine - INFO - Iter(train) [  507/12000]  lr: 1.0000e-03  eta: 1:25:57  time: 0.4327  data_time: 0.0035  memory: 7172  loss: 1.3969  loss_ce: 1.3969
2025/06/17 18:07:40 - mmengine - INFO - Iter(train) [  508/12000]  lr: 1.0000e-03  eta: 1:25:58  time: 0.4486  data_time: 0.0035  memory: 7172  loss: 1.4042  loss_ce: 1.4042
2025/06/17 18:07:40 - mmengine - INFO - Iter(train) [  509/12000]  lr: 1.0000e-03  eta: 1:25:54  time: 0.4413  data_time: 0.0035  memory: 7172  loss: 1.4048  loss_ce: 1.4048
2025/06/17 18:07:40 - mmengine - INFO - Iter(train) [  510/12000]  lr: 1.0000e-03  eta: 1:25:53  time: 0.4418  data_time: 0.0034  memory: 7172  loss: 1.4080  loss_ce: 1.4080
2025/06/17 18:07:41 - mmengine - INFO - Iter(train) [  511/12000]  lr: 1.0000e-03  eta: 1:25:51  time: 0.4394  data_time: 0.0034  memory: 7172  loss: 1.4179  loss_ce: 1.4179
2025/06/17 18:07:41 - mmengine - INFO - Iter(train) [  512/12000]  lr: 1.0000e-03  eta: 1:25:52  time: 0.4394  data_time: 0.0034  memory: 7172  loss: 1.4222  loss_ce: 1.4222
2025/06/17 18:07:42 - mmengine - INFO - Iter(train) [  513/12000]  lr: 1.0000e-03  eta: 1:25:50  time: 0.4205  data_time: 0.0034  memory: 7172  loss: 1.4140  loss_ce: 1.4140
2025/06/17 18:07:42 - mmengine - INFO - Iter(train) [  514/12000]  lr: 1.0000e-03  eta: 1:25:51  time: 0.4159  data_time: 0.0033  memory: 7172  loss: 1.4187  loss_ce: 1.4187
2025/06/17 18:07:43 - mmengine - INFO - Iter(train) [  515/12000]  lr: 1.0000e-03  eta: 1:25:50  time: 0.4200  data_time: 0.0033  memory: 7172  loss: 1.4167  loss_ce: 1.4167
2025/06/17 18:07:43 - mmengine - INFO - Iter(train) [  516/12000]  lr: 1.0000e-03  eta: 1:25:50  time: 0.4286  data_time: 0.0033  memory: 7172  loss: 1.4126  loss_ce: 1.4126
2025/06/17 18:07:44 - mmengine - INFO - Iter(train) [  517/12000]  lr: 1.0000e-03  eta: 1:25:51  time: 0.4404  data_time: 0.0032  memory: 7172  loss: 1.4018  loss_ce: 1.4018
2025/06/17 18:07:44 - mmengine - INFO - Iter(train) [  518/12000]  lr: 1.0000e-03  eta: 1:25:50  time: 0.4326  data_time: 0.0032  memory: 7172  loss: 1.3935  loss_ce: 1.3935
2025/06/17 18:07:45 - mmengine - INFO - Iter(train) [  519/12000]  lr: 1.0000e-03  eta: 1:25:50  time: 0.4499  data_time: 0.0032  memory: 7172  loss: 1.3988  loss_ce: 1.3988
2025/06/17 18:07:45 - mmengine - INFO - Iter(train) [  520/12000]  lr: 1.0000e-03  eta: 1:25:53  time: 0.4684  data_time: 0.0034  memory: 7172  loss: 1.3943  loss_ce: 1.3943
2025/06/17 18:07:46 - mmengine - INFO - Iter(train) [  521/12000]  lr: 1.0000e-03  eta: 1:25:53  time: 0.4797  data_time: 0.0033  memory: 7172  loss: 1.3817  loss_ce: 1.3817
2025/06/17 18:07:46 - mmengine - INFO - Iter(train) [  522/12000]  lr: 1.0000e-03  eta: 1:25:54  time: 0.4802  data_time: 0.0033  memory: 7172  loss: 1.3756  loss_ce: 1.3756
2025/06/17 18:07:47 - mmengine - INFO - Iter(train) [  523/12000]  lr: 1.0000e-03  eta: 1:25:55  time: 0.4913  data_time: 0.0034  memory: 7172  loss: 1.3815  loss_ce: 1.3815
2025/06/17 18:07:47 - mmengine - INFO - Iter(train) [  524/12000]  lr: 1.0000e-03  eta: 1:25:55  time: 0.4895  data_time: 0.0033  memory: 7172  loss: 1.3828  loss_ce: 1.3828
2025/06/17 18:07:47 - mmengine - INFO - Iter(train) [  525/12000]  lr: 1.0000e-03  eta: 1:25:52  time: 0.4800  data_time: 0.0033  memory: 7172  loss: 1.3794  loss_ce: 1.3794
2025/06/17 18:07:48 - mmengine - INFO - Iter(train) [  526/12000]  lr: 1.0000e-03  eta: 1:25:50  time: 0.4683  data_time: 0.0033  memory: 7172  loss: 1.3770  loss_ce: 1.3770
2025/06/17 18:07:48 - mmengine - INFO - Iter(train) [  527/12000]  lr: 1.0000e-03  eta: 1:25:47  time: 0.4496  data_time: 0.0033  memory: 7172  loss: 1.3820  loss_ce: 1.3820
2025/06/17 18:07:48 - mmengine - INFO - Iter(train) [  528/12000]  lr: 1.0000e-03  eta: 1:25:45  time: 0.4479  data_time: 0.0035  memory: 7172  loss: 1.3890  loss_ce: 1.3890
2025/06/17 18:07:49 - mmengine - INFO - Iter(train) [  529/12000]  lr: 1.0000e-03  eta: 1:25:42  time: 0.4303  data_time: 0.0035  memory: 7172  loss: 1.3850  loss_ce: 1.3850
2025/06/17 18:07:49 - mmengine - INFO - Iter(train) [  530/12000]  lr: 1.0000e-03  eta: 1:25:40  time: 0.4105  data_time: 0.0033  memory: 7172  loss: 1.3805  loss_ce: 1.3805
2025/06/17 18:07:50 - mmengine - INFO - Iter(train) [  531/12000]  lr: 1.0000e-03  eta: 1:25:39  time: 0.4018  data_time: 0.0033  memory: 7172  loss: 1.3880  loss_ce: 1.3880
2025/06/17 18:07:50 - mmengine - INFO - Iter(train) [  532/12000]  lr: 1.0000e-03  eta: 1:25:37  time: 0.3903  data_time: 0.0033  memory: 7172  loss: 1.3903  loss_ce: 1.3903
2025/06/17 18:07:50 - mmengine - INFO - Iter(train) [  533/12000]  lr: 1.0000e-03  eta: 1:25:36  time: 0.3802  data_time: 0.0031  memory: 7172  loss: 1.3871  loss_ce: 1.3871
2025/06/17 18:07:51 - mmengine - INFO - Iter(train) [  534/12000]  lr: 1.0000e-03  eta: 1:25:34  time: 0.3715  data_time: 0.0032  memory: 7172  loss: 1.3804  loss_ce: 1.3804
2025/06/17 18:07:51 - mmengine - INFO - Iter(train) [  535/12000]  lr: 1.0000e-03  eta: 1:25:35  time: 0.3885  data_time: 0.0031  memory: 7172  loss: 1.3817  loss_ce: 1.3817
2025/06/17 18:07:52 - mmengine - INFO - Iter(train) [  536/12000]  lr: 1.0000e-03  eta: 1:25:33  time: 0.3917  data_time: 0.0032  memory: 7172  loss: 1.3889  loss_ce: 1.3889
2025/06/17 18:07:52 - mmengine - INFO - Iter(train) [  537/12000]  lr: 1.0000e-03  eta: 1:25:32  time: 0.3993  data_time: 0.0030  memory: 7172  loss: 1.3887  loss_ce: 1.3887
2025/06/17 18:07:53 - mmengine - INFO - Iter(train) [  538/12000]  lr: 1.0000e-03  eta: 1:25:35  time: 0.4215  data_time: 0.0029  memory: 7172  loss: 1.3917  loss_ce: 1.3917
2025/06/17 18:07:53 - mmengine - INFO - Iter(train) [  539/12000]  lr: 1.0000e-03  eta: 1:25:37  time: 0.4489  data_time: 0.0031  memory: 7172  loss: 1.3955  loss_ce: 1.3955
2025/06/17 18:07:54 - mmengine - INFO - Iter(train) [  540/12000]  lr: 1.0000e-03  eta: 1:25:38  time: 0.4603  data_time: 0.0030  memory: 7172  loss: 1.3970  loss_ce: 1.3970
2025/06/17 18:07:54 - mmengine - INFO - Iter(train) [  541/12000]  lr: 1.0000e-03  eta: 1:25:38  time: 0.4668  data_time: 0.0031  memory: 7172  loss: 1.3928  loss_ce: 1.3928
2025/06/17 18:07:55 - mmengine - INFO - Iter(train) [  542/12000]  lr: 1.0000e-03  eta: 1:25:37  time: 0.4704  data_time: 0.0030  memory: 7172  loss: 1.3984  loss_ce: 1.3984
2025/06/17 18:07:55 - mmengine - INFO - Iter(train) [  543/12000]  lr: 1.0000e-03  eta: 1:25:40  time: 0.4895  data_time: 0.0030  memory: 7172  loss: 1.3936  loss_ce: 1.3936
2025/06/17 18:07:56 - mmengine - INFO - Iter(train) [  544/12000]  lr: 1.0000e-03  eta: 1:25:38  time: 0.4900  data_time: 0.0030  memory: 7172  loss: 1.3914  loss_ce: 1.3914
2025/06/17 18:07:56 - mmengine - INFO - Iter(train) [  545/12000]  lr: 1.0000e-03  eta: 1:25:37  time: 0.4805  data_time: 0.0030  memory: 7172  loss: 1.3956  loss_ce: 1.3956
2025/06/17 18:07:57 - mmengine - INFO - Iter(train) [  546/12000]  lr: 1.0000e-03  eta: 1:25:36  time: 0.4812  data_time: 0.0030  memory: 7172  loss: 1.3953  loss_ce: 1.3953
2025/06/17 18:07:57 - mmengine - INFO - Iter(train) [  547/12000]  lr: 1.0000e-03  eta: 1:25:34  time: 0.4794  data_time: 0.0031  memory: 7172  loss: 1.3984  loss_ce: 1.3984
2025/06/17 18:07:57 - mmengine - INFO - Iter(train) [  548/12000]  lr: 1.0000e-03  eta: 1:25:35  time: 0.4686  data_time: 0.0029  memory: 7172  loss: 1.3978  loss_ce: 1.3978
2025/06/17 18:07:58 - mmengine - INFO - Iter(train) [  549/12000]  lr: 1.0000e-03  eta: 1:25:33  time: 0.4487  data_time: 0.0028  memory: 7172  loss: 1.3888  loss_ce: 1.3888
2025/06/17 18:07:58 - mmengine - INFO - Iter(train) [  550/12000]  lr: 1.0000e-03  eta: 1:25:32  time: 0.4386  data_time: 0.0028  memory: 7172  loss: 1.3853  loss_ce: 1.3853
2025/06/17 18:07:59 - mmengine - INFO - Iter(train) [  551/12000]  lr: 1.0000e-03  eta: 1:25:30  time: 0.4322  data_time: 0.0028  memory: 7172  loss: 1.3829  loss_ce: 1.3829
2025/06/17 18:07:59 - mmengine - INFO - Iter(train) [  552/12000]  lr: 1.0000e-03  eta: 1:25:29  time: 0.4305  data_time: 0.0028  memory: 7172  loss: 1.3782  loss_ce: 1.3782
2025/06/17 18:07:59 - mmengine - INFO - Iter(train) [  553/12000]  lr: 1.0000e-03  eta: 1:25:28  time: 0.4098  data_time: 0.0028  memory: 7172  loss: 1.3757  loss_ce: 1.3757
2025/06/17 18:08:00 - mmengine - INFO - Iter(train) [  554/12000]  lr: 1.0000e-03  eta: 1:25:28  time: 0.4190  data_time: 0.0029  memory: 7172  loss: 1.3813  loss_ce: 1.3813
2025/06/17 18:08:00 - mmengine - INFO - Iter(train) [  555/12000]  lr: 1.0000e-03  eta: 1:25:29  time: 0.4294  data_time: 0.0031  memory: 7172  loss: 1.3768  loss_ce: 1.3768
2025/06/17 18:08:01 - mmengine - INFO - Iter(train) [  556/12000]  lr: 1.0000e-03  eta: 1:25:27  time: 0.4294  data_time: 0.0032  memory: 7172  loss: 1.3756  loss_ce: 1.3756
2025/06/17 18:08:01 - mmengine - INFO - Iter(train) [  557/12000]  lr: 1.0000e-03  eta: 1:25:26  time: 0.4310  data_time: 0.0031  memory: 7172  loss: 1.3702  loss_ce: 1.3702
2025/06/17 18:08:02 - mmengine - INFO - Iter(train) [  558/12000]  lr: 1.0000e-03  eta: 1:25:27  time: 0.4318  data_time: 0.0032  memory: 7172  loss: 1.3738  loss_ce: 1.3738
2025/06/17 18:08:02 - mmengine - INFO - Iter(train) [  559/12000]  lr: 1.0000e-03  eta: 1:25:29  time: 0.4522  data_time: 0.0032  memory: 7172  loss: 1.3776  loss_ce: 1.3776
2025/06/17 18:08:03 - mmengine - INFO - Iter(train) [  560/12000]  lr: 1.0000e-03  eta: 1:25:34  time: 0.4798  data_time: 0.0035  memory: 7172  loss: 1.3882  loss_ce: 1.3882
2025/06/17 18:08:04 - mmengine - INFO - Iter(train) [  561/12000]  lr: 1.0000e-03  eta: 1:25:36  time: 0.4991  data_time: 0.0035  memory: 7172  loss: 1.3899  loss_ce: 1.3899
2025/06/17 18:08:04 - mmengine - INFO - Iter(train) [  562/12000]  lr: 1.0000e-03  eta: 1:25:37  time: 0.5106  data_time: 0.0035  memory: 7172  loss: 1.3897  loss_ce: 1.3897
2025/06/17 18:08:05 - mmengine - INFO - Iter(train) [  563/12000]  lr: 1.0000e-03  eta: 1:25:38  time: 0.5193  data_time: 0.0037  memory: 7172  loss: 1.3951  loss_ce: 1.3951
2025/06/17 18:08:05 - mmengine - INFO - Iter(train) [  564/12000]  lr: 1.0000e-03  eta: 1:25:38  time: 0.5217  data_time: 0.0037  memory: 7172  loss: 1.3877  loss_ce: 1.3877
2025/06/17 18:08:06 - mmengine - INFO - Iter(train) [  565/12000]  lr: 1.0000e-03  eta: 1:25:41  time: 0.5318  data_time: 0.0036  memory: 7172  loss: 1.3864  loss_ce: 1.3864
2025/06/17 18:08:06 - mmengine - INFO - Iter(train) [  566/12000]  lr: 1.0000e-03  eta: 1:25:44  time: 0.5510  data_time: 0.0036  memory: 7172  loss: 1.3843  loss_ce: 1.3843
2025/06/17 18:08:07 - mmengine - INFO - Iter(train) [  567/12000]  lr: 1.0000e-03  eta: 1:25:44  time: 0.5598  data_time: 0.0038  memory: 7172  loss: 1.3903  loss_ce: 1.3903
2025/06/17 18:08:07 - mmengine - INFO - Iter(train) [  568/12000]  lr: 1.0000e-03  eta: 1:25:45  time: 0.5598  data_time: 0.0039  memory: 7172  loss: 1.3833  loss_ce: 1.3833
2025/06/17 18:08:08 - mmengine - INFO - Iter(train) [  569/12000]  lr: 1.0000e-03  eta: 1:25:45  time: 0.5494  data_time: 0.0041  memory: 7172  loss: 1.3828  loss_ce: 1.3828
2025/06/17 18:08:08 - mmengine - INFO - Iter(train) [  570/12000]  lr: 1.0000e-03  eta: 1:25:48  time: 0.5417  data_time: 0.0040  memory: 7172  loss: 1.3771  loss_ce: 1.3771
2025/06/17 18:08:09 - mmengine - INFO - Iter(train) [  571/12000]  lr: 1.0000e-03  eta: 1:25:46  time: 0.5210  data_time: 0.0040  memory: 7172  loss: 1.3804  loss_ce: 1.3804
2025/06/17 18:08:09 - mmengine - INFO - Iter(train) [  572/12000]  lr: 1.0000e-03  eta: 1:25:46  time: 0.5179  data_time: 0.0041  memory: 7172  loss: 1.3770  loss_ce: 1.3770
2025/06/17 18:08:10 - mmengine - INFO - Iter(train) [  573/12000]  lr: 1.0000e-03  eta: 1:25:45  time: 0.5083  data_time: 0.0040  memory: 7172  loss: 1.3813  loss_ce: 1.3813
2025/06/17 18:08:10 - mmengine - INFO - Iter(train) [  574/12000]  lr: 1.0000e-03  eta: 1:25:46  time: 0.5097  data_time: 0.0040  memory: 7172  loss: 1.3857  loss_ce: 1.3857
2025/06/17 18:08:11 - mmengine - INFO - Iter(train) [  575/12000]  lr: 1.0000e-03  eta: 1:25:46  time: 0.4983  data_time: 0.0038  memory: 7172  loss: 1.3867  loss_ce: 1.3867
2025/06/17 18:08:11 - mmengine - INFO - Iter(train) [  576/12000]  lr: 1.0000e-03  eta: 1:25:45  time: 0.4810  data_time: 0.0037  memory: 7172  loss: 1.3830  loss_ce: 1.3830
2025/06/17 18:08:12 - mmengine - INFO - Iter(train) [  577/12000]  lr: 1.0000e-03  eta: 1:25:45  time: 0.4796  data_time: 0.0037  memory: 7172  loss: 1.3816  loss_ce: 1.3816
2025/06/17 18:08:12 - mmengine - INFO - Iter(train) [  578/12000]  lr: 1.0000e-03  eta: 1:25:46  time: 0.4793  data_time: 0.0036  memory: 7172  loss: 1.3859  loss_ce: 1.3859
2025/06/17 18:08:13 - mmengine - INFO - Iter(train) [  579/12000]  lr: 1.0000e-03  eta: 1:25:47  time: 0.4813  data_time: 0.0035  memory: 7172  loss: 1.3855  loss_ce: 1.3855
2025/06/17 18:08:13 - mmengine - INFO - Iter(train) [  580/12000]  lr: 1.0000e-03  eta: 1:25:45  time: 0.4613  data_time: 0.0035  memory: 7172  loss: 1.3919  loss_ce: 1.3919
2025/06/17 18:08:13 - mmengine - INFO - Iter(train) [  581/12000]  lr: 1.0000e-03  eta: 1:25:45  time: 0.4685  data_time: 0.0037  memory: 7172  loss: 1.3841  loss_ce: 1.3841
2025/06/17 18:08:14 - mmengine - INFO - Iter(train) [  582/12000]  lr: 1.0000e-03  eta: 1:25:44  time: 0.4617  data_time: 0.0037  memory: 7172  loss: 1.3839  loss_ce: 1.3839
2025/06/17 18:08:14 - mmengine - INFO - Iter(train) [  583/12000]  lr: 1.0000e-03  eta: 1:25:45  time: 0.4719  data_time: 0.0039  memory: 7172  loss: 1.3791  loss_ce: 1.3791
2025/06/17 18:08:15 - mmengine - INFO - Iter(train) [  584/12000]  lr: 1.0000e-03  eta: 1:25:43  time: 0.4606  data_time: 0.0038  memory: 7172  loss: 1.3769  loss_ce: 1.3769
2025/06/17 18:08:15 - mmengine - INFO - Iter(train) [  585/12000]  lr: 1.0000e-03  eta: 1:25:42  time: 0.4515  data_time: 0.0038  memory: 7172  loss: 1.3738  loss_ce: 1.3738
2025/06/17 18:08:16 - mmengine - INFO - Iter(train) [  586/12000]  lr: 1.0000e-03  eta: 1:25:44  time: 0.4671  data_time: 0.0040  memory: 7172  loss: 1.3775  loss_ce: 1.3775
2025/06/17 18:08:16 - mmengine - INFO - Iter(train) [  587/12000]  lr: 1.0000e-03  eta: 1:25:43  time: 0.4611  data_time: 0.0039  memory: 7172  loss: 1.3740  loss_ce: 1.3740
2025/06/17 18:08:17 - mmengine - INFO - Iter(train) [  588/12000]  lr: 1.0000e-03  eta: 1:25:45  time: 0.4695  data_time: 0.0039  memory: 7172  loss: 1.3643  loss_ce: 1.3643
2025/06/17 18:08:17 - mmengine - INFO - Iter(train) [  589/12000]  lr: 1.0000e-03  eta: 1:25:48  time: 0.4788  data_time: 0.0037  memory: 7172  loss: 1.3631  loss_ce: 1.3631
2025/06/17 18:08:18 - mmengine - INFO - Iter(train) [  590/12000]  lr: 1.0000e-03  eta: 1:25:48  time: 0.4881  data_time: 0.0036  memory: 7172  loss: 1.3535  loss_ce: 1.3535
2025/06/17 18:08:18 - mmengine - INFO - Iter(train) [  591/12000]  lr: 1.0000e-03  eta: 1:25:49  time: 0.4911  data_time: 0.0034  memory: 7172  loss: 1.3549  loss_ce: 1.3549
2025/06/17 18:08:19 - mmengine - INFO - Iter(train) [  592/12000]  lr: 1.0000e-03  eta: 1:25:49  time: 0.4978  data_time: 0.0033  memory: 7172  loss: 1.3626  loss_ce: 1.3626
2025/06/17 18:08:19 - mmengine - INFO - Iter(train) [  593/12000]  lr: 1.0000e-03  eta: 1:25:46  time: 0.4801  data_time: 0.0031  memory: 7172  loss: 1.3586  loss_ce: 1.3586
2025/06/17 18:08:20 - mmengine - INFO - Iter(train) [  594/12000]  lr: 1.0000e-03  eta: 1:25:44  time: 0.4785  data_time: 0.0030  memory: 7172  loss: 1.3612  loss_ce: 1.3612
2025/06/17 18:08:20 - mmengine - INFO - Iter(train) [  595/12000]  lr: 1.0000e-03  eta: 1:25:43  time: 0.4790  data_time: 0.0033  memory: 7172  loss: 1.3636  loss_ce: 1.3636
2025/06/17 18:08:20 - mmengine - INFO - Iter(train) [  596/12000]  lr: 1.0000e-03  eta: 1:25:41  time: 0.4602  data_time: 0.0032  memory: 7172  loss: 1.3741  loss_ce: 1.3741
2025/06/17 18:08:21 - mmengine - INFO - Iter(train) [  597/12000]  lr: 1.0000e-03  eta: 1:25:40  time: 0.4583  data_time: 0.0033  memory: 7172  loss: 1.3734  loss_ce: 1.3734
2025/06/17 18:08:21 - mmengine - INFO - Iter(train) [  598/12000]  lr: 1.0000e-03  eta: 1:25:39  time: 0.4406  data_time: 0.0035  memory: 7172  loss: 1.3787  loss_ce: 1.3787
2025/06/17 18:08:22 - mmengine - INFO - Iter(train) [  599/12000]  lr: 1.0000e-03  eta: 1:25:39  time: 0.4311  data_time: 0.0037  memory: 7172  loss: 1.3789  loss_ce: 1.3789
2025/06/17 18:08:22 - mmengine - INFO - Exp name: cfg_udd5_20250617_180340
2025/06/17 18:08:22 - mmengine - INFO - Iter(train) [  600/12000]  lr: 1.0000e-03  eta: 1:25:38  time: 0.4204  data_time: 0.0037  memory: 7172  loss: 1.3899  loss_ce: 1.3899
2025/06/17 18:08:22 - mmengine - INFO - Saving checkpoint at 5 epochs
2025/06/17 18:08:24 - mmengine - INFO - Iter(val) [ 1/40]    eta: 0:00:37  time: 0.9686  data_time: 0.4816  memory: 2264  
2025/06/17 18:08:25 - mmengine - INFO - Iter(val) [ 2/40]    eta: 0:00:23  time: 0.6218  data_time: 0.2473  memory: 2264  
2025/06/17 18:08:25 - mmengine - INFO - Iter(val) [ 3/40]    eta: 0:00:18  time: 0.5129  data_time: 0.1683  memory: 2264  
2025/06/17 18:08:25 - mmengine - INFO - Iter(val) [ 4/40]    eta: 0:00:17  time: 0.4846  data_time: 0.1291  memory: 2264  
2025/06/17 18:08:26 - mmengine - INFO - Iter(val) [ 5/40]    eta: 0:00:15  time: 0.4476  data_time: 0.1062  memory: 2264  
2025/06/17 18:08:26 - mmengine - INFO - Iter(val) [ 6/40]    eta: 0:00:15  time: 0.4576  data_time: 0.0899  memory: 2264  
2025/06/17 18:08:27 - mmengine - INFO - Iter(val) [ 7/40]    eta: 0:00:14  time: 0.4340  data_time: 0.0783  memory: 2264  
2025/06/17 18:08:27 - mmengine - INFO - Iter(val) [ 8/40]    eta: 0:00:13  time: 0.4197  data_time: 0.0695  memory: 2264  
2025/06/17 18:08:27 - mmengine - INFO - Iter(val) [ 9/40]    eta: 0:00:13  time: 0.4352  data_time: 0.0629  memory: 2260  
2025/06/17 18:08:28 - mmengine - INFO - Iter(val) [10/40]    eta: 0:00:13  time: 0.4416  data_time: 0.0578  memory: 2260  
2025/06/17 18:08:29 - mmengine - INFO - Iter(val) [11/40]    eta: 0:00:13  time: 0.4171  data_time: 0.0107  memory: 2260  
2025/06/17 18:08:29 - mmengine - INFO - Iter(val) [12/40]    eta: 0:00:12  time: 0.4296  data_time: 0.0106  memory: 2260  
2025/06/17 18:08:29 - mmengine - INFO - Iter(val) [13/40]    eta: 0:00:12  time: 0.4334  data_time: 0.0107  memory: 2290  
2025/06/17 18:08:30 - mmengine - INFO - Iter(val) [14/40]    eta: 0:00:11  time: 0.4314  data_time: 0.0111  memory: 2290  
2025/06/17 18:08:30 - mmengine - INFO - Iter(val) [15/40]    eta: 0:00:11  time: 0.4424  data_time: 0.0111  memory: 2290  
2025/06/17 18:08:30 - mmengine - INFO - Iter(val) [16/40]    eta: 0:00:10  time: 0.4217  data_time: 0.0155  memory: 2290  
2025/06/17 18:08:31 - mmengine - INFO - Iter(val) [17/40]    eta: 0:00:09  time: 0.4206  data_time: 0.0161  memory: 2290  
2025/06/17 18:08:31 - mmengine - INFO - Iter(val) [18/40]    eta: 0:00:09  time: 0.4184  data_time: 0.0167  memory: 2290  
2025/06/17 18:08:31 - mmengine - INFO - Iter(val) [19/40]    eta: 0:00:08  time: 0.3947  data_time: 0.0173  memory: 2290  
2025/06/17 18:08:32 - mmengine - INFO - Iter(val) [20/40]    eta: 0:00:08  time: 0.3736  data_time: 0.0175  memory: 2290  
2025/06/17 18:08:32 - mmengine - INFO - Iter(val) [21/40]    eta: 0:00:07  time: 0.3321  data_time: 0.0181  memory: 2290  
2025/06/17 18:08:32 - mmengine - INFO - Iter(val) [22/40]    eta: 0:00:07  time: 0.3298  data_time: 0.0184  memory: 2290  
2025/06/17 18:08:33 - mmengine - INFO - Iter(val) [23/40]    eta: 0:00:06  time: 0.3268  data_time: 0.0187  memory: 2290  
2025/06/17 18:08:33 - mmengine - INFO - Iter(val) [24/40]    eta: 0:00:06  time: 0.3593  data_time: 0.0186  memory: 2290  
2025/06/17 18:08:34 - mmengine - INFO - Iter(val) [25/40]    eta: 0:00:06  time: 0.3501  data_time: 0.0187  memory: 2290  
2025/06/17 18:08:34 - mmengine - INFO - Iter(val) [26/40]    eta: 0:00:05  time: 0.3556  data_time: 0.0200  memory: 2290  
2025/06/17 18:08:35 - mmengine - INFO - Iter(val) [27/40]    eta: 0:00:05  time: 0.3797  data_time: 0.0200  memory: 2290  
2025/06/17 18:08:35 - mmengine - INFO - Iter(val) [28/40]    eta: 0:00:04  time: 0.3799  data_time: 0.0202  memory: 2290  
2025/06/17 18:08:35 - mmengine - INFO - Iter(val) [29/40]    eta: 0:00:04  time: 0.3774  data_time: 0.0200  memory: 2290  
2025/06/17 18:08:35 - mmengine - INFO - Iter(val) [30/40]    eta: 0:00:03  time: 0.3788  data_time: 0.0201  memory: 2290  
2025/06/17 18:08:36 - mmengine - INFO - Iter(val) [31/40]    eta: 0:00:03  time: 0.3780  data_time: 0.0198  memory: 2290  
2025/06/17 18:08:36 - mmengine - INFO - Iter(val) [32/40]    eta: 0:00:03  time: 0.3712  data_time: 0.0198  memory: 2290  
2025/06/17 18:08:37 - mmengine - INFO - Iter(val) [33/40]    eta: 0:00:02  time: 0.4009  data_time: 0.0199  memory: 2290  
2025/06/17 18:08:38 - mmengine - INFO - Iter(val) [34/40]    eta: 0:00:02  time: 0.4217  data_time: 0.0200  memory: 2290  
2025/06/17 18:08:38 - mmengine - INFO - Iter(val) [35/40]    eta: 0:00:02  time: 0.4201  data_time: 0.0198  memory: 2290  
2025/06/17 18:08:38 - mmengine - INFO - Iter(val) [36/40]    eta: 0:00:01  time: 0.4323  data_time: 0.0145  memory: 2290  
2025/06/17 18:08:39 - mmengine - INFO - Iter(val) [37/40]    eta: 0:00:01  time: 0.4197  data_time: 0.0146  memory: 2290  
2025/06/17 18:08:39 - mmengine - INFO - Iter(val) [38/40]    eta: 0:00:00  time: 0.4204  data_time: 0.0146  memory: 2290  
2025/06/17 18:08:39 - mmengine - INFO - Iter(val) [39/40]    eta: 0:00:00  time: 0.4297  data_time: 0.0146  memory: 2290  
2025/06/17 18:08:40 - mmengine - INFO - Iter(val) [40/40]    eta: 0:00:00  time: 0.4398  data_time: 0.0146  memory: 2290  
2025/06/17 18:08:40 - mmengine - INFO - per class results:
2025/06/17 18:08:40 - mmengine - INFO - 
+------------+-------+-------+
|   Class    |  IoU  |  Acc  |
+------------+-------+-------+
| vegetation | 83.13 | 89.54 |
|  building  | 82.17 | 88.65 |
|    road    | 58.42 | 76.77 |
|  vehicle   |  1.19 |  1.2  |
|   other    | 41.05 | 61.41 |
+------------+-------+-------+
