2025/06/22 22:49:15 - mmengine - INFO - 
------------------------------------------------------------
System environment:
    sys.platform: linux
    Python: 3.9.21 (main, Dec 11 2024, 16:24:11) [GCC 11.2.0]
    CUDA available: True
    MUSA available: False
    numpy_random_seed: 395348086
    GPU 0: NVIDIA GeForce RTX 4090
    CUDA_HOME: /usr/local/cuda
    NVCC: Cuda compilation tools, release 12.2, V12.2.140
    GCC: gcc (Ubuntu 9.4.0-1ubuntu1~20.04.2) 9.4.0
    PyTorch: 2.1.2+cu121
    PyTorch compiling details: PyTorch built with:
  - GCC 9.3
  - C++ Version: 201703
  - Intel(R) oneAPI Math Kernel Library Version 2022.2-Product Build 20220804 for Intel(R) 64 architecture applications
  - Intel(R) MKL-DNN v3.1.1 (Git Hash 64f6bcbcbab628e96f33a62c3e975f8535a7bde4)
  - OpenMP 201511 (a.k.a. OpenMP 4.5)
  - LAPACK is enabled (usually provided by MKL)
  - NNPACK is enabled
  - CPU capability usage: AVX2
  - CUDA Runtime 12.1
  - NVCC architecture flags: -gencode;arch=compute_50,code=sm_50;-gencode;arch=compute_60,code=sm_60;-gencode;arch=compute_70,code=sm_70;-gencode;arch=compute_75,code=sm_75;-gencode;arch=compute_80,code=sm_80;-gencode;arch=compute_86,code=sm_86;-gencode;arch=compute_90,code=sm_90
  - CuDNN 8.9.2
  - Magma 2.6.1
  - Build settings: BLAS_INFO=mkl, BUILD_TYPE=Release, CUDA_VERSION=12.1, CUDNN_VERSION=8.9.2, CXX_COMPILER=/opt/rh/devtoolset-9/root/usr/bin/c++, CXX_FLAGS= -D_GLIBCXX_USE_CXX11_ABI=0 -fabi-version=11 -fvisibility-inlines-hidden -DUSE_PTHREADPOOL -DNDEBUG -DUSE_KINETO -DLIBKINETO_NOROCTRACER -DUSE_FBGEMM -DUSE_QNNPACK -DUSE_PYTORCH_QNNPACK -DUSE_XNNPACK -DSYMBOLICATE_MOBILE_DEBUG_HANDLE -O2 -fPIC -Wall -Wextra -Werror=return-type -Werror=non-virtual-dtor -Werror=bool-operation -Wnarrowing -Wno-missing-field-initializers -Wno-type-limits -Wno-array-bounds -Wno-unknown-pragmas -Wno-unused-parameter -Wno-unused-function -Wno-unused-result -Wno-strict-overflow -Wno-strict-aliasing -Wno-stringop-overflow -Wno-psabi -Wno-error=pedantic -Wno-error=old-style-cast -Wno-invalid-partial-specialization -Wno-unused-private-field -Wno-aligned-allocation-unavailable -Wno-missing-braces -fdiagnostics-color=always -faligned-new -Wno-unused-but-set-variable -Wno-maybe-uninitialized -fno-math-errno -fno-trapping-math -Werror=format -Werror=cast-function-type -Wno-stringop-overflow, LAPACK_INFO=mkl, PERF_WITH_AVX=1, PERF_WITH_AVX2=1, PERF_WITH_AVX512=1, TORCH_DISABLE_GPU_ASSERTS=ON, TORCH_VERSION=2.1.2, USE_CUDA=ON, USE_CUDNN=ON, USE_EXCEPTION_PTR=1, USE_GFLAGS=OFF, USE_GLOG=OFF, USE_MKL=ON, USE_MKLDNN=ON, USE_MPI=OFF, USE_NCCL=1, USE_NNPACK=ON, USE_OPENMP=ON, USE_ROCM=OFF, 

    TorchVision: 0.16.2+cu121
    OpenCV: 4.6.0
    MMEngine: 0.10.4

Runtime environment:
    cudnn_benchmark: True
    mp_cfg: {'mp_start_method': 'fork', 'opencv_num_threads': 0}
    dist_cfg: {'backend': 'nccl'}
    seed: 395348086
    Distributed launcher: none
    Distributed training: False
    GPU number: 1
------------------------------------------------------------

2025/06/22 22:49:15 - mmengine - INFO - Config:
custom_hooks = [
    dict(
        interval=20,
        metric_key='mIoU',
        rule='greater',
        type='SaveTrainableModulesHook'),
]
data_root = ''
dataset_type = 'VDDDataset'
default_hooks = dict(
    checkpoint=dict(
        interval=1000, rule='greater', save_best='mIoU',
        type='CheckpointHook'),
    logger=dict(interval=1, log_metric_by_epoch=False, type='LoggerHook'),
    param_scheduler=dict(type='ParamSchedulerHook'),
    sampler_seed=dict(type='DistSamplerSeedHook'),
    timer=dict(type='IterTimerHook'),
    visualization=dict(interval=1, type='SegVisualizationHook'))
default_scope = 'mmseg'
env_cfg = dict(
    cudnn_benchmark=True,
    dist_cfg=dict(backend='nccl'),
    mp_cfg=dict(mp_start_method='fork', opencv_num_threads=0))
launcher = 'none'
load_from = None
log_level = 'DEBUG'
log_processor = dict(by_epoch=False)
model = dict(
    clip_type='CLIP',
    cls_token_lambda=-0.3,
    feature_cls_token_lambda=0,
    feature_up=True,
    feature_up_cfg=dict(
        model_name='jbu_one',
        model_path='simfeatup_dev/weights/xclip_jbu_one_million_aid.ckpt'),
    ignore_residual=True,
    isFusion=True,
    model_type='SegEarth',
    name_path='./configs/cls_vdd.txt',
    prob_thd=0.3,
    type='SegEarthSegmentation',
    vit_type='ViT-B/16')
optim_wrapper = dict(
    optimizer=dict(lr=0.001, type='Adam'), type='OptimWrapper')
param_scheduler = dict(
    by_epoch=True, gamma=0.2, milestones=[
        400,
    ], type='MultiStepLR')
resume = False
test_cfg = dict(type='TestLoop')
test_dataloader = dict(
    batch_size=1,
    dataset=dict(
        data_prefix=dict(
            img_path='data/VDD/test/src', seg_map_path='data/VDD/test/gt'),
        data_root='',
        pipeline=[
            dict(type='LoadImageFromFile'),
            dict(keep_ratio=True, scale=(
                448,
                448,
            ), type='Resize'),
            dict(type='LoadAnnotations'),
            dict(type='PackSegInputs'),
        ],
        type='VDDDataset'),
    num_workers=4,
    sampler=dict(shuffle=False, type='DefaultSampler'))
test_evaluator = dict(
    iou_metrics=[
        'mIoU',
    ], type='IoUMetric')
test_pipeline = [
    dict(type='LoadImageFromFile'),
    dict(keep_ratio=True, scale=(
        448,
        448,
    ), type='Resize'),
    dict(type='LoadAnnotations'),
    dict(type='PackSegInputs'),
]
train_cfg = dict(max_epochs=500, type='EpochBasedTrainLoop', val_interval=20)
train_dataloader = dict(
    batch_size=1,
    dataset=dict(
        data_prefix=dict(
            img_path='data/VDD/train/src', seg_map_path='data/VDD/train/gt'),
        data_root='',
        pipeline=[
            dict(type='LoadImageFromFile'),
            dict(type='LoadAnnotations'),
            dict(keep_ratio=True, scale=(
                448,
                448,
            ), type='Resize'),
            dict(prob=0.5, type='RandomFlip'),
            dict(type='PhotoMetricDistortion'),
            dict(type='PackSegInputs'),
        ],
        type='VDDDataset'),
    num_workers=4,
    persistent_workers=True,
    sampler=dict(shuffle=True, type='DefaultSampler'))
train_pipeline = [
    dict(type='LoadImageFromFile'),
    dict(type='LoadAnnotations'),
    dict(keep_ratio=True, scale=(
        448,
        448,
    ), type='Resize'),
    dict(prob=0.5, type='RandomFlip'),
    dict(type='PhotoMetricDistortion'),
    dict(type='PackSegInputs'),
]
val_cfg = dict(type='ValLoop')
val_dataloader = dict(
    batch_size=1,
    dataset=dict(
        data_prefix=dict(
            img_path='data/VDD/val/src', seg_map_path='data/VDD/val/gt'),
        data_root='',
        pipeline=[
            dict(type='LoadImageFromFile'),
            dict(keep_ratio=True, scale=(
                448,
                448,
            ), type='Resize'),
            dict(type='LoadAnnotations'),
            dict(type='PackSegInputs'),
        ],
        type='VDDDataset'),
    num_workers=4,
    persistent_workers=True,
    sampler=dict(shuffle=False, type='DefaultSampler'))
val_evaluator = dict(
    iou_metrics=[
        'mIoU',
    ], type='IoUMetric')
val_pipeline = [
    dict(type='LoadImageFromFile'),
    dict(keep_ratio=True, scale=(
        448,
        448,
    ), type='Resize'),
    dict(type='LoadAnnotations'),
    dict(type='PackSegInputs'),
]
vis_backends = [
    dict(type='LocalVisBackend'),
]
visualizer = dict(
    alpha=0.5,
    name='visualizer',
    type='SegLocalVisualizer',
    vis_backends=[
        dict(type='LocalVisBackend'),
    ])
work_dir = './train_logs/'

2025/06/22 22:49:15 - mmengine - DEBUG - Modules of mmseg's visualizer registry have been automatically imported from mmseg.visualization
2025/06/22 22:49:15 - mmengine - DEBUG - Get class `SegLocalVisualizer` from "visualizer" registry in "mmseg"
2025/06/22 22:49:15 - mmengine - DEBUG - Modules of mmseg's vis_backend registry have been automatically imported from mmseg.visualization
2025/06/22 22:49:15 - mmengine - DEBUG - Get class `LocalVisBackend` from "vis_backend" registry in "mmengine"
2025/06/22 22:49:15 - mmengine - DEBUG - An `LocalVisBackend` instance is built from registry, and its implementation can be found in mmengine.visualization.vis_backend
2025/06/22 22:49:15 - mmengine - DEBUG - An `SegLocalVisualizer` instance is built from registry, and its implementation can be found in mmseg.visualization.local_visualizer
2025/06/22 22:49:15 - mmengine - DEBUG - Attribute `_env_initialized` is not defined in <class 'mmengine.visualization.vis_backend.LocalVisBackend'> or `<class 'mmengine.visualization.vis_backend.LocalVisBackend'>._env_initialized is False, `_init_env` will be called and <class 'mmengine.visualization.vis_backend.LocalVisBackend'>._env_initialized will be set to True
2025/06/22 22:49:15 - mmengine - DEBUG - Modules of mmseg's model registry have been automatically imported from mmseg.models
2025/06/22 22:49:15 - mmengine - DEBUG - Get class `SegEarthSegmentation` from "model" registry in "mmseg"
2025/06/22 22:49:19 - mmengine - DEBUG - An `SegEarthSegmentation` instance is built from registry, and its implementation can be found in segearth_segmentor
2025/06/22 22:49:19 - mmengine - INFO - Distributed training is not used, all SyncBatchNorm (SyncBN) layers in the model will be automatically reverted to BatchNormXd layers if they are used.
2025/06/22 22:49:19 - mmengine - DEBUG - Modules of mmseg's hook registry have been automatically imported from mmseg.engine.hooks
2025/06/22 22:49:19 - mmengine - DEBUG - Get class `RuntimeInfoHook` from "hook" registry in "mmengine"
2025/06/22 22:49:19 - mmengine - DEBUG - An `RuntimeInfoHook` instance is built from registry, and its implementation can be found in mmengine.hooks.runtime_info_hook
2025/06/22 22:49:19 - mmengine - DEBUG - Get class `IterTimerHook` from "hook" registry in "mmengine"
2025/06/22 22:49:19 - mmengine - DEBUG - An `IterTimerHook` instance is built from registry, and its implementation can be found in mmengine.hooks.iter_timer_hook
2025/06/22 22:49:19 - mmengine - DEBUG - Get class `DistSamplerSeedHook` from "hook" registry in "mmengine"
2025/06/22 22:49:19 - mmengine - DEBUG - An `DistSamplerSeedHook` instance is built from registry, and its implementation can be found in mmengine.hooks.sampler_seed_hook
2025/06/22 22:49:19 - mmengine - DEBUG - Get class `LoggerHook` from "hook" registry in "mmengine"
2025/06/22 22:49:19 - mmengine - DEBUG - An `LoggerHook` instance is built from registry, and its implementation can be found in mmengine.hooks.logger_hook
2025/06/22 22:49:19 - mmengine - DEBUG - Get class `ParamSchedulerHook` from "hook" registry in "mmengine"
2025/06/22 22:49:19 - mmengine - DEBUG - An `ParamSchedulerHook` instance is built from registry, and its implementation can be found in mmengine.hooks.param_scheduler_hook
2025/06/22 22:49:19 - mmengine - DEBUG - Get class `CheckpointHook` from "hook" registry in "mmengine"
2025/06/22 22:49:19 - mmengine - DEBUG - An `CheckpointHook` instance is built from registry, and its implementation can be found in mmengine.hooks.checkpoint_hook
2025/06/22 22:49:19 - mmengine - DEBUG - Get class `SegVisualizationHook` from "hook" registry in "mmseg"
2025/06/22 22:49:19 - mmengine - DEBUG - An `SegVisualizationHook` instance is built from registry, and its implementation can be found in mmseg.engine.hooks.visualization_hook
2025/06/22 22:49:19 - mmengine - DEBUG - Get class `SaveTrainableModulesHook` from "hook" registry in "mmengine"
2025/06/22 22:49:19 - mmengine - DEBUG - An `SaveTrainableModulesHook` instance is built from registry, and its implementation can be found in Hook
2025/06/22 22:49:19 - mmengine - INFO - Hooks will be executed in the following order:
before_run:
(VERY_HIGH   ) RuntimeInfoHook                    
(BELOW_NORMAL) LoggerHook                         
 -------------------- 
before_train:
(VERY_HIGH   ) RuntimeInfoHook                    
(NORMAL      ) IterTimerHook                      
(VERY_LOW    ) CheckpointHook                     
 -------------------- 
before_train_epoch:
(VERY_HIGH   ) RuntimeInfoHook                    
(NORMAL      ) IterTimerHook                      
(NORMAL      ) DistSamplerSeedHook                
 -------------------- 
before_train_iter:
(VERY_HIGH   ) RuntimeInfoHook                    
(NORMAL      ) IterTimerHook                      
 -------------------- 
after_train_iter:
(VERY_HIGH   ) RuntimeInfoHook                    
(NORMAL      ) IterTimerHook                      
(NORMAL      ) SegVisualizationHook               
(BELOW_NORMAL) LoggerHook                         
(LOW         ) ParamSchedulerHook                 
(VERY_LOW    ) CheckpointHook                     
 -------------------- 
after_train_epoch:
(NORMAL      ) IterTimerHook                      
(NORMAL      ) SaveTrainableModulesHook           
(LOW         ) ParamSchedulerHook                 
(VERY_LOW    ) CheckpointHook                     
 -------------------- 
before_val:
(VERY_HIGH   ) RuntimeInfoHook                    
 -------------------- 
before_val_epoch:
(NORMAL      ) IterTimerHook                      
 -------------------- 
before_val_iter:
(NORMAL      ) IterTimerHook                      
 -------------------- 
after_val_iter:
(NORMAL      ) IterTimerHook                      
(NORMAL      ) SegVisualizationHook               
(BELOW_NORMAL) LoggerHook                         
 -------------------- 
after_val_epoch:
(VERY_HIGH   ) RuntimeInfoHook                    
(NORMAL      ) IterTimerHook                      
(NORMAL      ) SaveTrainableModulesHook           
(BELOW_NORMAL) LoggerHook                         
(LOW         ) ParamSchedulerHook                 
(VERY_LOW    ) CheckpointHook                     
 -------------------- 
after_val:
(VERY_HIGH   ) RuntimeInfoHook                    
 -------------------- 
after_train:
(VERY_HIGH   ) RuntimeInfoHook                    
(VERY_LOW    ) CheckpointHook                     
 -------------------- 
before_test:
(VERY_HIGH   ) RuntimeInfoHook                    
 -------------------- 
before_test_epoch:
(NORMAL      ) IterTimerHook                      
 -------------------- 
before_test_iter:
(NORMAL      ) IterTimerHook                      
 -------------------- 
after_test_iter:
(NORMAL      ) IterTimerHook                      
(NORMAL      ) SegVisualizationHook               
(BELOW_NORMAL) LoggerHook                         
 -------------------- 
after_test_epoch:
(VERY_HIGH   ) RuntimeInfoHook                    
(NORMAL      ) IterTimerHook                      
(BELOW_NORMAL) LoggerHook                         
 -------------------- 
after_test:
(VERY_HIGH   ) RuntimeInfoHook                    
 -------------------- 
after_run:
(BELOW_NORMAL) LoggerHook                         
 -------------------- 
2025/06/22 22:49:19 - mmengine - DEBUG - The "loop" registry in mmseg did not set import location. Fallback to call `mmseg.utils.register_all_modules` instead.
2025/06/22 22:49:19 - mmengine - DEBUG - Get class `EpochBasedTrainLoop` from "loop" registry in "mmengine"
2025/06/22 22:49:19 - mmengine - DEBUG - Modules of mmseg's dataset registry have been automatically imported from mmseg.datasets
2025/06/22 22:49:19 - mmengine - DEBUG - Get class `VDDDataset` from "dataset" registry in "mmseg"
2025/06/22 22:49:19 - mmengine - DEBUG - Modules of mmseg's transform registry have been automatically imported from mmseg.datasets.transforms
2025/06/22 22:49:19 - mmengine - DEBUG - Get class `LoadImageFromFile` from "transform" registry in "mmengine"
2025/06/22 22:49:19 - mmengine - DEBUG - An `LoadImageFromFile` instance is built from registry, and its implementation can be found in mmcv.transforms.loading
2025/06/22 22:49:19 - mmengine - DEBUG - Get class `LoadAnnotations` from "transform" registry in "mmseg"
2025/06/22 22:49:19 - mmengine - DEBUG - An `LoadAnnotations` instance is built from registry, and its implementation can be found in mmseg.datasets.transforms.loading
2025/06/22 22:49:19 - mmengine - DEBUG - Get class `Resize` from "transform" registry in "mmseg"
2025/06/22 22:49:19 - mmengine - DEBUG - An `Resize` instance is built from registry, and its implementation can be found in mmseg.datasets.transforms.transforms
2025/06/22 22:49:19 - mmengine - DEBUG - Get class `RandomFlip` from "transform" registry in "mmseg"
2025/06/22 22:49:19 - mmengine - DEBUG - An `RandomFlip` instance is built from registry, and its implementation can be found in mmseg.datasets.transforms.transforms
2025/06/22 22:49:19 - mmengine - DEBUG - Get class `PhotoMetricDistortion` from "transform" registry in "mmseg"
2025/06/22 22:49:19 - mmengine - DEBUG - An `PhotoMetricDistortion` instance is built from registry, and its implementation can be found in mmseg.datasets.transforms.transforms
2025/06/22 22:49:19 - mmengine - DEBUG - Get class `PackSegInputs` from "transform" registry in "mmseg"
2025/06/22 22:49:19 - mmengine - DEBUG - An `PackSegInputs` instance is built from registry, and its implementation can be found in mmseg.datasets.transforms.formatting
2025/06/22 22:49:19 - mmengine - DEBUG - An `VDDDataset` instance is built from registry, and its implementation can be found in custom_datasets
2025/06/22 22:49:19 - mmengine - DEBUG - The "data sampler" registry in mmseg did not set import location. Fallback to call `mmseg.utils.register_all_modules` instead.
2025/06/22 22:49:19 - mmengine - DEBUG - Get class `DefaultSampler` from "data sampler" registry in "mmengine"
2025/06/22 22:49:19 - mmengine - DEBUG - An `DefaultSampler` instance is built from registry, and its implementation can be found in mmengine.dataset.sampler
2025/06/22 22:49:19 - mmengine - DEBUG - Get class `pseudo_collate` from "function" registry in "mmengine"
2025/06/22 22:49:19 - mmengine - DEBUG - An `EpochBasedTrainLoop` instance is built from registry, and its implementation can be found in mmengine.runner.loops
2025/06/22 22:49:19 - mmengine - DEBUG - Modules of mmseg's optimizer wrapper constructor registry have been automatically imported from mmseg.engine.optimizers
2025/06/22 22:49:19 - mmengine - DEBUG - Get class `DefaultOptimWrapperConstructor` from "optimizer wrapper constructor" registry in "mmengine"
2025/06/22 22:49:19 - mmengine - DEBUG - An `DefaultOptimWrapperConstructor` instance is built from registry, and its implementation can be found in mmengine.optim.optimizer.default_constructor
2025/06/22 22:49:19 - mmengine - DEBUG - Modules of mmseg's optimizer registry have been automatically imported from mmseg.engine.optimizers
2025/06/22 22:49:19 - mmengine - DEBUG - Get class `Adam` from "optimizer" registry in "mmengine"
2025/06/22 22:49:19 - mmengine - DEBUG - Get class `Adam` from "optimizer" registry in "mmengine"
2025/06/22 22:49:19 - mmengine - DEBUG - An `Adam` instance is built from registry, and its implementation can be found in torch.optim.adam
2025/06/22 22:49:19 - mmengine - DEBUG - Modules of mmseg's optim_wrapper registry have been automatically imported from mmseg.engine.optimizers
2025/06/22 22:49:19 - mmengine - DEBUG - Get class `OptimWrapper` from "optim_wrapper" registry in "mmengine"
2025/06/22 22:49:19 - mmengine - DEBUG - An `OptimWrapper` instance is built from registry, and its implementation can be found in mmengine.optim.optimizer.optimizer_wrapper
2025/06/22 22:49:19 - mmengine - DEBUG - The `end` of MultiStepLR is not set. Use the max epochs/iters of train loop as default.
2025/06/22 22:49:19 - mmengine - DEBUG - Modules of mmseg's parameter scheduler registry have been automatically imported from mmseg.engine.schedulers
2025/06/22 22:49:19 - mmengine - DEBUG - Get class `MultiStepLR` from "parameter scheduler" registry in "mmengine"
2025/06/22 22:49:19 - mmengine - DEBUG - An `MultiStepLR` instance is built from registry, and its implementation can be found in mmengine.optim.scheduler.lr_scheduler
2025/06/22 22:49:19 - mmengine - DEBUG - Get class `ValLoop` from "loop" registry in "mmengine"
2025/06/22 22:49:19 - mmengine - DEBUG - Get class `VDDDataset` from "dataset" registry in "mmseg"
2025/06/22 22:49:19 - mmengine - DEBUG - Get class `LoadImageFromFile` from "transform" registry in "mmengine"
2025/06/22 22:49:19 - mmengine - DEBUG - An `LoadImageFromFile` instance is built from registry, and its implementation can be found in mmcv.transforms.loading
2025/06/22 22:49:19 - mmengine - DEBUG - Get class `Resize` from "transform" registry in "mmseg"
2025/06/22 22:49:19 - mmengine - DEBUG - An `Resize` instance is built from registry, and its implementation can be found in mmseg.datasets.transforms.transforms
2025/06/22 22:49:19 - mmengine - DEBUG - Get class `LoadAnnotations` from "transform" registry in "mmseg"
2025/06/22 22:49:19 - mmengine - DEBUG - An `LoadAnnotations` instance is built from registry, and its implementation can be found in mmseg.datasets.transforms.loading
2025/06/22 22:49:19 - mmengine - DEBUG - Get class `PackSegInputs` from "transform" registry in "mmseg"
2025/06/22 22:49:19 - mmengine - DEBUG - An `PackSegInputs` instance is built from registry, and its implementation can be found in mmseg.datasets.transforms.formatting
2025/06/22 22:49:19 - mmengine - DEBUG - An `VDDDataset` instance is built from registry, and its implementation can be found in custom_datasets
2025/06/22 22:49:19 - mmengine - DEBUG - Get class `DefaultSampler` from "data sampler" registry in "mmengine"
2025/06/22 22:49:19 - mmengine - DEBUG - An `DefaultSampler` instance is built from registry, and its implementation can be found in mmengine.dataset.sampler
2025/06/22 22:49:19 - mmengine - DEBUG - Get class `pseudo_collate` from "function" registry in "mmengine"
2025/06/22 22:49:19 - mmengine - DEBUG - Modules of mmseg's metric registry have been automatically imported from mmseg.evaluation
2025/06/22 22:49:19 - mmengine - DEBUG - Get class `IoUMetric` from "metric" registry in "mmseg"
2025/06/22 22:49:19 - mmengine - WARNING - The prefix is not set in metric class IoUMetric.
2025/06/22 22:49:19 - mmengine - DEBUG - An `IoUMetric` instance is built from registry, and its implementation can be found in mmseg.evaluation.metrics.iou_metric
2025/06/22 22:49:19 - mmengine - DEBUG - An `ValLoop` instance is built from registry, and its implementation can be found in mmengine.runner.loops
Name of parameter - Initialization information

net.positional_embedding - torch.Size([77, 512]): 
The value is the same before and after calling `init_weights` of SegEarthSegmentation  

net.text_projection - torch.Size([512, 512]): 
The value is the same before and after calling `init_weights` of SegEarthSegmentation  

net.logit_scale - torch.Size([]): 
The value is the same before and after calling `init_weights` of SegEarthSegmentation  

net.visual.class_embedding - torch.Size([768]): 
The value is the same before and after calling `init_weights` of SegEarthSegmentation  

net.visual.positional_embedding - torch.Size([197, 768]): 
The value is the same before and after calling `init_weights` of SegEarthSegmentation  

net.visual.proj - torch.Size([768, 512]): 
The value is the same before and after calling `init_weights` of SegEarthSegmentation  

net.visual.conv1.weight - torch.Size([768, 3, 16, 16]): 
The value is the same before and after calling `init_weights` of SegEarthSegmentation  

net.visual.ln_pre.weight - torch.Size([768]): 
The value is the same before and after calling `init_weights` of SegEarthSegmentation  

net.visual.ln_pre.bias - torch.Size([768]): 
The value is the same before and after calling `init_weights` of SegEarthSegmentation  

net.visual.transformer.resblocks.0.ln_1.weight - torch.Size([768]): 
The value is the same before and after calling `init_weights` of SegEarthSegmentation  

net.visual.transformer.resblocks.0.ln_1.bias - torch.Size([768]): 
The value is the same before and after calling `init_weights` of SegEarthSegmentation  

net.visual.transformer.resblocks.0.attn.in_proj_weight - torch.Size([2304, 768]): 
The value is the same before and after calling `init_weights` of SegEarthSegmentation  

net.visual.transformer.resblocks.0.attn.in_proj_bias - torch.Size([2304]): 
The value is the same before and after calling `init_weights` of SegEarthSegmentation  

net.visual.transformer.resblocks.0.attn.out_proj.weight - torch.Size([768, 768]): 
The value is the same before and after calling `init_weights` of SegEarthSegmentation  

net.visual.transformer.resblocks.0.attn.out_proj.bias - torch.Size([768]): 
The value is the same before and after calling `init_weights` of SegEarthSegmentation  

net.visual.transformer.resblocks.0.ln_2.weight - torch.Size([768]): 
The value is the same before and after calling `init_weights` of SegEarthSegmentation  

net.visual.transformer.resblocks.0.ln_2.bias - torch.Size([768]): 
The value is the same before and after calling `init_weights` of SegEarthSegmentation  

net.visual.transformer.resblocks.0.mlp.c_fc.weight - torch.Size([3072, 768]): 
The value is the same before and after calling `init_weights` of SegEarthSegmentation  

net.visual.transformer.resblocks.0.mlp.c_fc.bias - torch.Size([3072]): 
The value is the same before and after calling `init_weights` of SegEarthSegmentation  

net.visual.transformer.resblocks.0.mlp.c_proj.weight - torch.Size([768, 3072]): 
The value is the same before and after calling `init_weights` of SegEarthSegmentation  

net.visual.transformer.resblocks.0.mlp.c_proj.bias - torch.Size([768]): 
The value is the same before and after calling `init_weights` of SegEarthSegmentation  

net.visual.transformer.resblocks.1.ln_1.weight - torch.Size([768]): 
The value is the same before and after calling `init_weights` of SegEarthSegmentation  

net.visual.transformer.resblocks.1.ln_1.bias - torch.Size([768]): 
The value is the same before and after calling `init_weights` of SegEarthSegmentation  

net.visual.transformer.resblocks.1.attn.in_proj_weight - torch.Size([2304, 768]): 
The value is the same before and after calling `init_weights` of SegEarthSegmentation  

net.visual.transformer.resblocks.1.attn.in_proj_bias - torch.Size([2304]): 
The value is the same before and after calling `init_weights` of SegEarthSegmentation  

net.visual.transformer.resblocks.1.attn.out_proj.weight - torch.Size([768, 768]): 
The value is the same before and after calling `init_weights` of SegEarthSegmentation  

net.visual.transformer.resblocks.1.attn.out_proj.bias - torch.Size([768]): 
The value is the same before and after calling `init_weights` of SegEarthSegmentation  

net.visual.transformer.resblocks.1.ln_2.weight - torch.Size([768]): 
The value is the same before and after calling `init_weights` of SegEarthSegmentation  

net.visual.transformer.resblocks.1.ln_2.bias - torch.Size([768]): 
The value is the same before and after calling `init_weights` of SegEarthSegmentation  

net.visual.transformer.resblocks.1.mlp.c_fc.weight - torch.Size([3072, 768]): 
The value is the same before and after calling `init_weights` of SegEarthSegmentation  

net.visual.transformer.resblocks.1.mlp.c_fc.bias - torch.Size([3072]): 
The value is the same before and after calling `init_weights` of SegEarthSegmentation  

net.visual.transformer.resblocks.1.mlp.c_proj.weight - torch.Size([768, 3072]): 
The value is the same before and after calling `init_weights` of SegEarthSegmentation  

net.visual.transformer.resblocks.1.mlp.c_proj.bias - torch.Size([768]): 
The value is the same before and after calling `init_weights` of SegEarthSegmentation  

net.visual.transformer.resblocks.2.ln_1.weight - torch.Size([768]): 
The value is the same before and after calling `init_weights` of SegEarthSegmentation  

net.visual.transformer.resblocks.2.ln_1.bias - torch.Size([768]): 
The value is the same before and after calling `init_weights` of SegEarthSegmentation  

net.visual.transformer.resblocks.2.attn.in_proj_weight - torch.Size([2304, 768]): 
The value is the same before and after calling `init_weights` of SegEarthSegmentation  

net.visual.transformer.resblocks.2.attn.in_proj_bias - torch.Size([2304]): 
The value is the same before and after calling `init_weights` of SegEarthSegmentation  

net.visual.transformer.resblocks.2.attn.out_proj.weight - torch.Size([768, 768]): 
The value is the same before and after calling `init_weights` of SegEarthSegmentation  

net.visual.transformer.resblocks.2.attn.out_proj.bias - torch.Size([768]): 
The value is the same before and after calling `init_weights` of SegEarthSegmentation  

net.visual.transformer.resblocks.2.ln_2.weight - torch.Size([768]): 
The value is the same before and after calling `init_weights` of SegEarthSegmentation  

net.visual.transformer.resblocks.2.ln_2.bias - torch.Size([768]): 
The value is the same before and after calling `init_weights` of SegEarthSegmentation  

net.visual.transformer.resblocks.2.mlp.c_fc.weight - torch.Size([3072, 768]): 
The value is the same before and after calling `init_weights` of SegEarthSegmentation  

net.visual.transformer.resblocks.2.mlp.c_fc.bias - torch.Size([3072]): 
The value is the same before and after calling `init_weights` of SegEarthSegmentation  

net.visual.transformer.resblocks.2.mlp.c_proj.weight - torch.Size([768, 3072]): 
The value is the same before and after calling `init_weights` of SegEarthSegmentation  

net.visual.transformer.resblocks.2.mlp.c_proj.bias - torch.Size([768]): 
The value is the same before and after calling `init_weights` of SegEarthSegmentation  

net.visual.transformer.resblocks.3.ln_1.weight - torch.Size([768]): 
The value is the same before and after calling `init_weights` of SegEarthSegmentation  

net.visual.transformer.resblocks.3.ln_1.bias - torch.Size([768]): 
The value is the same before and after calling `init_weights` of SegEarthSegmentation  

net.visual.transformer.resblocks.3.attn.in_proj_weight - torch.Size([2304, 768]): 
The value is the same before and after calling `init_weights` of SegEarthSegmentation  

net.visual.transformer.resblocks.3.attn.in_proj_bias - torch.Size([2304]): 
The value is the same before and after calling `init_weights` of SegEarthSegmentation  

net.visual.transformer.resblocks.3.attn.out_proj.weight - torch.Size([768, 768]): 
The value is the same before and after calling `init_weights` of SegEarthSegmentation  

net.visual.transformer.resblocks.3.attn.out_proj.bias - torch.Size([768]): 
The value is the same before and after calling `init_weights` of SegEarthSegmentation  

net.visual.transformer.resblocks.3.ln_2.weight - torch.Size([768]): 
The value is the same before and after calling `init_weights` of SegEarthSegmentation  

net.visual.transformer.resblocks.3.ln_2.bias - torch.Size([768]): 
The value is the same before and after calling `init_weights` of SegEarthSegmentation  

net.visual.transformer.resblocks.3.mlp.c_fc.weight - torch.Size([3072, 768]): 
The value is the same before and after calling `init_weights` of SegEarthSegmentation  

net.visual.transformer.resblocks.3.mlp.c_fc.bias - torch.Size([3072]): 
The value is the same before and after calling `init_weights` of SegEarthSegmentation  

net.visual.transformer.resblocks.3.mlp.c_proj.weight - torch.Size([768, 3072]): 
The value is the same before and after calling `init_weights` of SegEarthSegmentation  

net.visual.transformer.resblocks.3.mlp.c_proj.bias - torch.Size([768]): 
The value is the same before and after calling `init_weights` of SegEarthSegmentation  

net.visual.transformer.resblocks.4.ln_1.weight - torch.Size([768]): 
The value is the same before and after calling `init_weights` of SegEarthSegmentation  

net.visual.transformer.resblocks.4.ln_1.bias - torch.Size([768]): 
The value is the same before and after calling `init_weights` of SegEarthSegmentation  

net.visual.transformer.resblocks.4.attn.in_proj_weight - torch.Size([2304, 768]): 
The value is the same before and after calling `init_weights` of SegEarthSegmentation  

net.visual.transformer.resblocks.4.attn.in_proj_bias - torch.Size([2304]): 
The value is the same before and after calling `init_weights` of SegEarthSegmentation  

net.visual.transformer.resblocks.4.attn.out_proj.weight - torch.Size([768, 768]): 
The value is the same before and after calling `init_weights` of SegEarthSegmentation  

net.visual.transformer.resblocks.4.attn.out_proj.bias - torch.Size([768]): 
The value is the same before and after calling `init_weights` of SegEarthSegmentation  

net.visual.transformer.resblocks.4.ln_2.weight - torch.Size([768]): 
The value is the same before and after calling `init_weights` of SegEarthSegmentation  

net.visual.transformer.resblocks.4.ln_2.bias - torch.Size([768]): 
The value is the same before and after calling `init_weights` of SegEarthSegmentation  

net.visual.transformer.resblocks.4.mlp.c_fc.weight - torch.Size([3072, 768]): 
The value is the same before and after calling `init_weights` of SegEarthSegmentation  

net.visual.transformer.resblocks.4.mlp.c_fc.bias - torch.Size([3072]): 
The value is the same before and after calling `init_weights` of SegEarthSegmentation  

net.visual.transformer.resblocks.4.mlp.c_proj.weight - torch.Size([768, 3072]): 
The value is the same before and after calling `init_weights` of SegEarthSegmentation  

net.visual.transformer.resblocks.4.mlp.c_proj.bias - torch.Size([768]): 
The value is the same before and after calling `init_weights` of SegEarthSegmentation  

net.visual.transformer.resblocks.5.ln_1.weight - torch.Size([768]): 
The value is the same before and after calling `init_weights` of SegEarthSegmentation  

net.visual.transformer.resblocks.5.ln_1.bias - torch.Size([768]): 
The value is the same before and after calling `init_weights` of SegEarthSegmentation  

net.visual.transformer.resblocks.5.attn.in_proj_weight - torch.Size([2304, 768]): 
The value is the same before and after calling `init_weights` of SegEarthSegmentation  

net.visual.transformer.resblocks.5.attn.in_proj_bias - torch.Size([2304]): 
The value is the same before and after calling `init_weights` of SegEarthSegmentation  

net.visual.transformer.resblocks.5.attn.out_proj.weight - torch.Size([768, 768]): 
The value is the same before and after calling `init_weights` of SegEarthSegmentation  

net.visual.transformer.resblocks.5.attn.out_proj.bias - torch.Size([768]): 
The value is the same before and after calling `init_weights` of SegEarthSegmentation  

net.visual.transformer.resblocks.5.ln_2.weight - torch.Size([768]): 
The value is the same before and after calling `init_weights` of SegEarthSegmentation  

net.visual.transformer.resblocks.5.ln_2.bias - torch.Size([768]): 
The value is the same before and after calling `init_weights` of SegEarthSegmentation  

net.visual.transformer.resblocks.5.mlp.c_fc.weight - torch.Size([3072, 768]): 
The value is the same before and after calling `init_weights` of SegEarthSegmentation  

net.visual.transformer.resblocks.5.mlp.c_fc.bias - torch.Size([3072]): 
The value is the same before and after calling `init_weights` of SegEarthSegmentation  

net.visual.transformer.resblocks.5.mlp.c_proj.weight - torch.Size([768, 3072]): 
The value is the same before and after calling `init_weights` of SegEarthSegmentation  

net.visual.transformer.resblocks.5.mlp.c_proj.bias - torch.Size([768]): 
The value is the same before and after calling `init_weights` of SegEarthSegmentation  

net.visual.transformer.resblocks.6.ln_1.weight - torch.Size([768]): 
The value is the same before and after calling `init_weights` of SegEarthSegmentation  

net.visual.transformer.resblocks.6.ln_1.bias - torch.Size([768]): 
The value is the same before and after calling `init_weights` of SegEarthSegmentation  

net.visual.transformer.resblocks.6.attn.in_proj_weight - torch.Size([2304, 768]): 
The value is the same before and after calling `init_weights` of SegEarthSegmentation  

net.visual.transformer.resblocks.6.attn.in_proj_bias - torch.Size([2304]): 
The value is the same before and after calling `init_weights` of SegEarthSegmentation  

net.visual.transformer.resblocks.6.attn.out_proj.weight - torch.Size([768, 768]): 
The value is the same before and after calling `init_weights` of SegEarthSegmentation  

net.visual.transformer.resblocks.6.attn.out_proj.bias - torch.Size([768]): 
The value is the same before and after calling `init_weights` of SegEarthSegmentation  

net.visual.transformer.resblocks.6.ln_2.weight - torch.Size([768]): 
The value is the same before and after calling `init_weights` of SegEarthSegmentation  

net.visual.transformer.resblocks.6.ln_2.bias - torch.Size([768]): 
The value is the same before and after calling `init_weights` of SegEarthSegmentation  

net.visual.transformer.resblocks.6.mlp.c_fc.weight - torch.Size([3072, 768]): 
The value is the same before and after calling `init_weights` of SegEarthSegmentation  

net.visual.transformer.resblocks.6.mlp.c_fc.bias - torch.Size([3072]): 
The value is the same before and after calling `init_weights` of SegEarthSegmentation  

net.visual.transformer.resblocks.6.mlp.c_proj.weight - torch.Size([768, 3072]): 
The value is the same before and after calling `init_weights` of SegEarthSegmentation  

net.visual.transformer.resblocks.6.mlp.c_proj.bias - torch.Size([768]): 
The value is the same before and after calling `init_weights` of SegEarthSegmentation  

net.visual.transformer.resblocks.7.ln_1.weight - torch.Size([768]): 
The value is the same before and after calling `init_weights` of SegEarthSegmentation  

net.visual.transformer.resblocks.7.ln_1.bias - torch.Size([768]): 
The value is the same before and after calling `init_weights` of SegEarthSegmentation  

net.visual.transformer.resblocks.7.attn.in_proj_weight - torch.Size([2304, 768]): 
The value is the same before and after calling `init_weights` of SegEarthSegmentation  

net.visual.transformer.resblocks.7.attn.in_proj_bias - torch.Size([2304]): 
The value is the same before and after calling `init_weights` of SegEarthSegmentation  

net.visual.transformer.resblocks.7.attn.out_proj.weight - torch.Size([768, 768]): 
The value is the same before and after calling `init_weights` of SegEarthSegmentation  

net.visual.transformer.resblocks.7.attn.out_proj.bias - torch.Size([768]): 
The value is the same before and after calling `init_weights` of SegEarthSegmentation  

net.visual.transformer.resblocks.7.ln_2.weight - torch.Size([768]): 
The value is the same before and after calling `init_weights` of SegEarthSegmentation  

net.visual.transformer.resblocks.7.ln_2.bias - torch.Size([768]): 
The value is the same before and after calling `init_weights` of SegEarthSegmentation  

net.visual.transformer.resblocks.7.mlp.c_fc.weight - torch.Size([3072, 768]): 
The value is the same before and after calling `init_weights` of SegEarthSegmentation  

net.visual.transformer.resblocks.7.mlp.c_fc.bias - torch.Size([3072]): 
The value is the same before and after calling `init_weights` of SegEarthSegmentation  

net.visual.transformer.resblocks.7.mlp.c_proj.weight - torch.Size([768, 3072]): 
The value is the same before and after calling `init_weights` of SegEarthSegmentation  

net.visual.transformer.resblocks.7.mlp.c_proj.bias - torch.Size([768]): 
The value is the same before and after calling `init_weights` of SegEarthSegmentation  

net.visual.transformer.resblocks.8.ln_1.weight - torch.Size([768]): 
The value is the same before and after calling `init_weights` of SegEarthSegmentation  

net.visual.transformer.resblocks.8.ln_1.bias - torch.Size([768]): 
The value is the same before and after calling `init_weights` of SegEarthSegmentation  

net.visual.transformer.resblocks.8.attn.in_proj_weight - torch.Size([2304, 768]): 
The value is the same before and after calling `init_weights` of SegEarthSegmentation  

net.visual.transformer.resblocks.8.attn.in_proj_bias - torch.Size([2304]): 
The value is the same before and after calling `init_weights` of SegEarthSegmentation  

net.visual.transformer.resblocks.8.attn.out_proj.weight - torch.Size([768, 768]): 
The value is the same before and after calling `init_weights` of SegEarthSegmentation  

net.visual.transformer.resblocks.8.attn.out_proj.bias - torch.Size([768]): 
The value is the same before and after calling `init_weights` of SegEarthSegmentation  

net.visual.transformer.resblocks.8.ln_2.weight - torch.Size([768]): 
The value is the same before and after calling `init_weights` of SegEarthSegmentation  

net.visual.transformer.resblocks.8.ln_2.bias - torch.Size([768]): 
The value is the same before and after calling `init_weights` of SegEarthSegmentation  

net.visual.transformer.resblocks.8.mlp.c_fc.weight - torch.Size([3072, 768]): 
The value is the same before and after calling `init_weights` of SegEarthSegmentation  

net.visual.transformer.resblocks.8.mlp.c_fc.bias - torch.Size([3072]): 
The value is the same before and after calling `init_weights` of SegEarthSegmentation  

net.visual.transformer.resblocks.8.mlp.c_proj.weight - torch.Size([768, 3072]): 
The value is the same before and after calling `init_weights` of SegEarthSegmentation  

net.visual.transformer.resblocks.8.mlp.c_proj.bias - torch.Size([768]): 
The value is the same before and after calling `init_weights` of SegEarthSegmentation  

net.visual.transformer.resblocks.9.ln_1.weight - torch.Size([768]): 
The value is the same before and after calling `init_weights` of SegEarthSegmentation  

net.visual.transformer.resblocks.9.ln_1.bias - torch.Size([768]): 
The value is the same before and after calling `init_weights` of SegEarthSegmentation  

net.visual.transformer.resblocks.9.attn.in_proj_weight - torch.Size([2304, 768]): 
The value is the same before and after calling `init_weights` of SegEarthSegmentation  

net.visual.transformer.resblocks.9.attn.in_proj_bias - torch.Size([2304]): 
The value is the same before and after calling `init_weights` of SegEarthSegmentation  

net.visual.transformer.resblocks.9.attn.out_proj.weight - torch.Size([768, 768]): 
The value is the same before and after calling `init_weights` of SegEarthSegmentation  

net.visual.transformer.resblocks.9.attn.out_proj.bias - torch.Size([768]): 
The value is the same before and after calling `init_weights` of SegEarthSegmentation  

net.visual.transformer.resblocks.9.ln_2.weight - torch.Size([768]): 
The value is the same before and after calling `init_weights` of SegEarthSegmentation  

net.visual.transformer.resblocks.9.ln_2.bias - torch.Size([768]): 
The value is the same before and after calling `init_weights` of SegEarthSegmentation  

net.visual.transformer.resblocks.9.mlp.c_fc.weight - torch.Size([3072, 768]): 
The value is the same before and after calling `init_weights` of SegEarthSegmentation  

net.visual.transformer.resblocks.9.mlp.c_fc.bias - torch.Size([3072]): 
The value is the same before and after calling `init_weights` of SegEarthSegmentation  

net.visual.transformer.resblocks.9.mlp.c_proj.weight - torch.Size([768, 3072]): 
The value is the same before and after calling `init_weights` of SegEarthSegmentation  

net.visual.transformer.resblocks.9.mlp.c_proj.bias - torch.Size([768]): 
The value is the same before and after calling `init_weights` of SegEarthSegmentation  

net.visual.transformer.resblocks.10.ln_1.weight - torch.Size([768]): 
The value is the same before and after calling `init_weights` of SegEarthSegmentation  

net.visual.transformer.resblocks.10.ln_1.bias - torch.Size([768]): 
The value is the same before and after calling `init_weights` of SegEarthSegmentation  

net.visual.transformer.resblocks.10.attn.in_proj_weight - torch.Size([2304, 768]): 
The value is the same before and after calling `init_weights` of SegEarthSegmentation  

net.visual.transformer.resblocks.10.attn.in_proj_bias - torch.Size([2304]): 
The value is the same before and after calling `init_weights` of SegEarthSegmentation  

net.visual.transformer.resblocks.10.attn.out_proj.weight - torch.Size([768, 768]): 
The value is the same before and after calling `init_weights` of SegEarthSegmentation  

net.visual.transformer.resblocks.10.attn.out_proj.bias - torch.Size([768]): 
The value is the same before and after calling `init_weights` of SegEarthSegmentation  

net.visual.transformer.resblocks.10.ln_2.weight - torch.Size([768]): 
The value is the same before and after calling `init_weights` of SegEarthSegmentation  

net.visual.transformer.resblocks.10.ln_2.bias - torch.Size([768]): 
The value is the same before and after calling `init_weights` of SegEarthSegmentation  

net.visual.transformer.resblocks.10.mlp.c_fc.weight - torch.Size([3072, 768]): 
The value is the same before and after calling `init_weights` of SegEarthSegmentation  

net.visual.transformer.resblocks.10.mlp.c_fc.bias - torch.Size([3072]): 
The value is the same before and after calling `init_weights` of SegEarthSegmentation  

net.visual.transformer.resblocks.10.mlp.c_proj.weight - torch.Size([768, 3072]): 
The value is the same before and after calling `init_weights` of SegEarthSegmentation  

net.visual.transformer.resblocks.10.mlp.c_proj.bias - torch.Size([768]): 
The value is the same before and after calling `init_weights` of SegEarthSegmentation  

net.visual.transformer.resblocks.11.ln_1.weight - torch.Size([768]): 
The value is the same before and after calling `init_weights` of SegEarthSegmentation  

net.visual.transformer.resblocks.11.ln_1.bias - torch.Size([768]): 
The value is the same before and after calling `init_weights` of SegEarthSegmentation  

net.visual.transformer.resblocks.11.attn.in_proj_weight - torch.Size([2304, 768]): 
The value is the same before and after calling `init_weights` of SegEarthSegmentation  

net.visual.transformer.resblocks.11.attn.in_proj_bias - torch.Size([2304]): 
The value is the same before and after calling `init_weights` of SegEarthSegmentation  

net.visual.transformer.resblocks.11.attn.out_proj.weight - torch.Size([768, 768]): 
The value is the same before and after calling `init_weights` of SegEarthSegmentation  

net.visual.transformer.resblocks.11.attn.out_proj.bias - torch.Size([768]): 
The value is the same before and after calling `init_weights` of SegEarthSegmentation  

net.visual.transformer.resblocks.11.ln_2.weight - torch.Size([768]): 
The value is the same before and after calling `init_weights` of SegEarthSegmentation  

net.visual.transformer.resblocks.11.ln_2.bias - torch.Size([768]): 
The value is the same before and after calling `init_weights` of SegEarthSegmentation  

net.visual.transformer.resblocks.11.mlp.c_fc.weight - torch.Size([3072, 768]): 
The value is the same before and after calling `init_weights` of SegEarthSegmentation  

net.visual.transformer.resblocks.11.mlp.c_fc.bias - torch.Size([3072]): 
The value is the same before and after calling `init_weights` of SegEarthSegmentation  

net.visual.transformer.resblocks.11.mlp.c_proj.weight - torch.Size([768, 3072]): 
The value is the same before and after calling `init_weights` of SegEarthSegmentation  

net.visual.transformer.resblocks.11.mlp.c_proj.bias - torch.Size([768]): 
The value is the same before and after calling `init_weights` of SegEarthSegmentation  

net.visual.ln_post.weight - torch.Size([768]): 
The value is the same before and after calling `init_weights` of SegEarthSegmentation  

net.visual.ln_post.bias - torch.Size([768]): 
The value is the same before and after calling `init_weights` of SegEarthSegmentation  

net.visual.fusion.proj_intermediate.0.weight - torch.Size([768, 768]): 
The value is the same before and after calling `init_weights` of SegEarthSegmentation  

net.visual.fusion.proj_intermediate.0.bias - torch.Size([768]): 
The value is the same before and after calling `init_weights` of SegEarthSegmentation  

net.visual.fusion.proj_intermediate.1.weight - torch.Size([768, 768]): 
The value is the same before and after calling `init_weights` of SegEarthSegmentation  

net.visual.fusion.proj_intermediate.1.bias - torch.Size([768]): 
The value is the same before and after calling `init_weights` of SegEarthSegmentation  

net.visual.fusion.proj_intermediate.2.weight - torch.Size([768, 768]): 
The value is the same before and after calling `init_weights` of SegEarthSegmentation  

net.visual.fusion.proj_intermediate.2.bias - torch.Size([768]): 
The value is the same before and after calling `init_weights` of SegEarthSegmentation  

net.visual.fusion.proj_last.weight - torch.Size([768, 768]): 
The value is the same before and after calling `init_weights` of SegEarthSegmentation  

net.visual.fusion.proj_last.bias - torch.Size([768]): 
The value is the same before and after calling `init_weights` of SegEarthSegmentation  

net.visual.fusion.fusion_last.weight - torch.Size([768, 1536]): 
The value is the same before and after calling `init_weights` of SegEarthSegmentation  

net.visual.fusion.fusion_last.bias - torch.Size([768]): 
The value is the same before and after calling `init_weights` of SegEarthSegmentation  

net.visual.fusion.fusion_layer.weight - torch.Size([768, 768]): 
The value is the same before and after calling `init_weights` of SegEarthSegmentation  

net.visual.fusion.fusion_layer.bias - torch.Size([768]): 
The value is the same before and after calling `init_weights` of SegEarthSegmentation  

net.transformer.resblocks.0.ln_1.weight - torch.Size([512]): 
The value is the same before and after calling `init_weights` of SegEarthSegmentation  

net.transformer.resblocks.0.ln_1.bias - torch.Size([512]): 
The value is the same before and after calling `init_weights` of SegEarthSegmentation  

net.transformer.resblocks.0.attn.in_proj_weight - torch.Size([1536, 512]): 
The value is the same before and after calling `init_weights` of SegEarthSegmentation  

net.transformer.resblocks.0.attn.in_proj_bias - torch.Size([1536]): 
The value is the same before and after calling `init_weights` of SegEarthSegmentation  

net.transformer.resblocks.0.attn.out_proj.weight - torch.Size([512, 512]): 
The value is the same before and after calling `init_weights` of SegEarthSegmentation  

net.transformer.resblocks.0.attn.out_proj.bias - torch.Size([512]): 
The value is the same before and after calling `init_weights` of SegEarthSegmentation  

net.transformer.resblocks.0.ln_2.weight - torch.Size([512]): 
The value is the same before and after calling `init_weights` of SegEarthSegmentation  

net.transformer.resblocks.0.ln_2.bias - torch.Size([512]): 
The value is the same before and after calling `init_weights` of SegEarthSegmentation  

net.transformer.resblocks.0.mlp.c_fc.weight - torch.Size([2048, 512]): 
The value is the same before and after calling `init_weights` of SegEarthSegmentation  

net.transformer.resblocks.0.mlp.c_fc.bias - torch.Size([2048]): 
The value is the same before and after calling `init_weights` of SegEarthSegmentation  

net.transformer.resblocks.0.mlp.c_proj.weight - torch.Size([512, 2048]): 
The value is the same before and after calling `init_weights` of SegEarthSegmentation  

net.transformer.resblocks.0.mlp.c_proj.bias - torch.Size([512]): 
The value is the same before and after calling `init_weights` of SegEarthSegmentation  

net.transformer.resblocks.1.ln_1.weight - torch.Size([512]): 
The value is the same before and after calling `init_weights` of SegEarthSegmentation  

net.transformer.resblocks.1.ln_1.bias - torch.Size([512]): 
The value is the same before and after calling `init_weights` of SegEarthSegmentation  

net.transformer.resblocks.1.attn.in_proj_weight - torch.Size([1536, 512]): 
The value is the same before and after calling `init_weights` of SegEarthSegmentation  

net.transformer.resblocks.1.attn.in_proj_bias - torch.Size([1536]): 
The value is the same before and after calling `init_weights` of SegEarthSegmentation  

net.transformer.resblocks.1.attn.out_proj.weight - torch.Size([512, 512]): 
The value is the same before and after calling `init_weights` of SegEarthSegmentation  

net.transformer.resblocks.1.attn.out_proj.bias - torch.Size([512]): 
The value is the same before and after calling `init_weights` of SegEarthSegmentation  

net.transformer.resblocks.1.ln_2.weight - torch.Size([512]): 
The value is the same before and after calling `init_weights` of SegEarthSegmentation  

net.transformer.resblocks.1.ln_2.bias - torch.Size([512]): 
The value is the same before and after calling `init_weights` of SegEarthSegmentation  

net.transformer.resblocks.1.mlp.c_fc.weight - torch.Size([2048, 512]): 
The value is the same before and after calling `init_weights` of SegEarthSegmentation  

net.transformer.resblocks.1.mlp.c_fc.bias - torch.Size([2048]): 
The value is the same before and after calling `init_weights` of SegEarthSegmentation  

net.transformer.resblocks.1.mlp.c_proj.weight - torch.Size([512, 2048]): 
The value is the same before and after calling `init_weights` of SegEarthSegmentation  

net.transformer.resblocks.1.mlp.c_proj.bias - torch.Size([512]): 
The value is the same before and after calling `init_weights` of SegEarthSegmentation  

net.transformer.resblocks.2.ln_1.weight - torch.Size([512]): 
The value is the same before and after calling `init_weights` of SegEarthSegmentation  

net.transformer.resblocks.2.ln_1.bias - torch.Size([512]): 
The value is the same before and after calling `init_weights` of SegEarthSegmentation  

net.transformer.resblocks.2.attn.in_proj_weight - torch.Size([1536, 512]): 
The value is the same before and after calling `init_weights` of SegEarthSegmentation  

net.transformer.resblocks.2.attn.in_proj_bias - torch.Size([1536]): 
The value is the same before and after calling `init_weights` of SegEarthSegmentation  

net.transformer.resblocks.2.attn.out_proj.weight - torch.Size([512, 512]): 
The value is the same before and after calling `init_weights` of SegEarthSegmentation  

net.transformer.resblocks.2.attn.out_proj.bias - torch.Size([512]): 
The value is the same before and after calling `init_weights` of SegEarthSegmentation  

net.transformer.resblocks.2.ln_2.weight - torch.Size([512]): 
The value is the same before and after calling `init_weights` of SegEarthSegmentation  

net.transformer.resblocks.2.ln_2.bias - torch.Size([512]): 
The value is the same before and after calling `init_weights` of SegEarthSegmentation  

net.transformer.resblocks.2.mlp.c_fc.weight - torch.Size([2048, 512]): 
The value is the same before and after calling `init_weights` of SegEarthSegmentation  

net.transformer.resblocks.2.mlp.c_fc.bias - torch.Size([2048]): 
The value is the same before and after calling `init_weights` of SegEarthSegmentation  

net.transformer.resblocks.2.mlp.c_proj.weight - torch.Size([512, 2048]): 
The value is the same before and after calling `init_weights` of SegEarthSegmentation  

net.transformer.resblocks.2.mlp.c_proj.bias - torch.Size([512]): 
The value is the same before and after calling `init_weights` of SegEarthSegmentation  

net.transformer.resblocks.3.ln_1.weight - torch.Size([512]): 
The value is the same before and after calling `init_weights` of SegEarthSegmentation  

net.transformer.resblocks.3.ln_1.bias - torch.Size([512]): 
The value is the same before and after calling `init_weights` of SegEarthSegmentation  

net.transformer.resblocks.3.attn.in_proj_weight - torch.Size([1536, 512]): 
The value is the same before and after calling `init_weights` of SegEarthSegmentation  

net.transformer.resblocks.3.attn.in_proj_bias - torch.Size([1536]): 
The value is the same before and after calling `init_weights` of SegEarthSegmentation  

net.transformer.resblocks.3.attn.out_proj.weight - torch.Size([512, 512]): 
The value is the same before and after calling `init_weights` of SegEarthSegmentation  

net.transformer.resblocks.3.attn.out_proj.bias - torch.Size([512]): 
The value is the same before and after calling `init_weights` of SegEarthSegmentation  

net.transformer.resblocks.3.ln_2.weight - torch.Size([512]): 
The value is the same before and after calling `init_weights` of SegEarthSegmentation  

net.transformer.resblocks.3.ln_2.bias - torch.Size([512]): 
The value is the same before and after calling `init_weights` of SegEarthSegmentation  

net.transformer.resblocks.3.mlp.c_fc.weight - torch.Size([2048, 512]): 
The value is the same before and after calling `init_weights` of SegEarthSegmentation  

net.transformer.resblocks.3.mlp.c_fc.bias - torch.Size([2048]): 
The value is the same before and after calling `init_weights` of SegEarthSegmentation  

net.transformer.resblocks.3.mlp.c_proj.weight - torch.Size([512, 2048]): 
The value is the same before and after calling `init_weights` of SegEarthSegmentation  

net.transformer.resblocks.3.mlp.c_proj.bias - torch.Size([512]): 
The value is the same before and after calling `init_weights` of SegEarthSegmentation  

net.transformer.resblocks.4.ln_1.weight - torch.Size([512]): 
The value is the same before and after calling `init_weights` of SegEarthSegmentation  

net.transformer.resblocks.4.ln_1.bias - torch.Size([512]): 
The value is the same before and after calling `init_weights` of SegEarthSegmentation  

net.transformer.resblocks.4.attn.in_proj_weight - torch.Size([1536, 512]): 
The value is the same before and after calling `init_weights` of SegEarthSegmentation  

net.transformer.resblocks.4.attn.in_proj_bias - torch.Size([1536]): 
The value is the same before and after calling `init_weights` of SegEarthSegmentation  

net.transformer.resblocks.4.attn.out_proj.weight - torch.Size([512, 512]): 
The value is the same before and after calling `init_weights` of SegEarthSegmentation  

net.transformer.resblocks.4.attn.out_proj.bias - torch.Size([512]): 
The value is the same before and after calling `init_weights` of SegEarthSegmentation  

net.transformer.resblocks.4.ln_2.weight - torch.Size([512]): 
The value is the same before and after calling `init_weights` of SegEarthSegmentation  

net.transformer.resblocks.4.ln_2.bias - torch.Size([512]): 
The value is the same before and after calling `init_weights` of SegEarthSegmentation  

net.transformer.resblocks.4.mlp.c_fc.weight - torch.Size([2048, 512]): 
The value is the same before and after calling `init_weights` of SegEarthSegmentation  

net.transformer.resblocks.4.mlp.c_fc.bias - torch.Size([2048]): 
The value is the same before and after calling `init_weights` of SegEarthSegmentation  

net.transformer.resblocks.4.mlp.c_proj.weight - torch.Size([512, 2048]): 
The value is the same before and after calling `init_weights` of SegEarthSegmentation  

net.transformer.resblocks.4.mlp.c_proj.bias - torch.Size([512]): 
The value is the same before and after calling `init_weights` of SegEarthSegmentation  

net.transformer.resblocks.5.ln_1.weight - torch.Size([512]): 
The value is the same before and after calling `init_weights` of SegEarthSegmentation  

net.transformer.resblocks.5.ln_1.bias - torch.Size([512]): 
The value is the same before and after calling `init_weights` of SegEarthSegmentation  

net.transformer.resblocks.5.attn.in_proj_weight - torch.Size([1536, 512]): 
The value is the same before and after calling `init_weights` of SegEarthSegmentation  

net.transformer.resblocks.5.attn.in_proj_bias - torch.Size([1536]): 
The value is the same before and after calling `init_weights` of SegEarthSegmentation  

net.transformer.resblocks.5.attn.out_proj.weight - torch.Size([512, 512]): 
The value is the same before and after calling `init_weights` of SegEarthSegmentation  

net.transformer.resblocks.5.attn.out_proj.bias - torch.Size([512]): 
The value is the same before and after calling `init_weights` of SegEarthSegmentation  

net.transformer.resblocks.5.ln_2.weight - torch.Size([512]): 
The value is the same before and after calling `init_weights` of SegEarthSegmentation  

net.transformer.resblocks.5.ln_2.bias - torch.Size([512]): 
The value is the same before and after calling `init_weights` of SegEarthSegmentation  

net.transformer.resblocks.5.mlp.c_fc.weight - torch.Size([2048, 512]): 
The value is the same before and after calling `init_weights` of SegEarthSegmentation  

net.transformer.resblocks.5.mlp.c_fc.bias - torch.Size([2048]): 
The value is the same before and after calling `init_weights` of SegEarthSegmentation  

net.transformer.resblocks.5.mlp.c_proj.weight - torch.Size([512, 2048]): 
The value is the same before and after calling `init_weights` of SegEarthSegmentation  

net.transformer.resblocks.5.mlp.c_proj.bias - torch.Size([512]): 
The value is the same before and after calling `init_weights` of SegEarthSegmentation  

net.transformer.resblocks.6.ln_1.weight - torch.Size([512]): 
The value is the same before and after calling `init_weights` of SegEarthSegmentation  

net.transformer.resblocks.6.ln_1.bias - torch.Size([512]): 
The value is the same before and after calling `init_weights` of SegEarthSegmentation  

net.transformer.resblocks.6.attn.in_proj_weight - torch.Size([1536, 512]): 
The value is the same before and after calling `init_weights` of SegEarthSegmentation  

net.transformer.resblocks.6.attn.in_proj_bias - torch.Size([1536]): 
The value is the same before and after calling `init_weights` of SegEarthSegmentation  

net.transformer.resblocks.6.attn.out_proj.weight - torch.Size([512, 512]): 
The value is the same before and after calling `init_weights` of SegEarthSegmentation  

net.transformer.resblocks.6.attn.out_proj.bias - torch.Size([512]): 
The value is the same before and after calling `init_weights` of SegEarthSegmentation  

net.transformer.resblocks.6.ln_2.weight - torch.Size([512]): 
The value is the same before and after calling `init_weights` of SegEarthSegmentation  

net.transformer.resblocks.6.ln_2.bias - torch.Size([512]): 
The value is the same before and after calling `init_weights` of SegEarthSegmentation  

net.transformer.resblocks.6.mlp.c_fc.weight - torch.Size([2048, 512]): 
The value is the same before and after calling `init_weights` of SegEarthSegmentation  

net.transformer.resblocks.6.mlp.c_fc.bias - torch.Size([2048]): 
The value is the same before and after calling `init_weights` of SegEarthSegmentation  

net.transformer.resblocks.6.mlp.c_proj.weight - torch.Size([512, 2048]): 
The value is the same before and after calling `init_weights` of SegEarthSegmentation  

net.transformer.resblocks.6.mlp.c_proj.bias - torch.Size([512]): 
The value is the same before and after calling `init_weights` of SegEarthSegmentation  

net.transformer.resblocks.7.ln_1.weight - torch.Size([512]): 
The value is the same before and after calling `init_weights` of SegEarthSegmentation  

net.transformer.resblocks.7.ln_1.bias - torch.Size([512]): 
The value is the same before and after calling `init_weights` of SegEarthSegmentation  

net.transformer.resblocks.7.attn.in_proj_weight - torch.Size([1536, 512]): 
The value is the same before and after calling `init_weights` of SegEarthSegmentation  

net.transformer.resblocks.7.attn.in_proj_bias - torch.Size([1536]): 
The value is the same before and after calling `init_weights` of SegEarthSegmentation  

net.transformer.resblocks.7.attn.out_proj.weight - torch.Size([512, 512]): 
The value is the same before and after calling `init_weights` of SegEarthSegmentation  

net.transformer.resblocks.7.attn.out_proj.bias - torch.Size([512]): 
The value is the same before and after calling `init_weights` of SegEarthSegmentation  

net.transformer.resblocks.7.ln_2.weight - torch.Size([512]): 
The value is the same before and after calling `init_weights` of SegEarthSegmentation  

net.transformer.resblocks.7.ln_2.bias - torch.Size([512]): 
The value is the same before and after calling `init_weights` of SegEarthSegmentation  

net.transformer.resblocks.7.mlp.c_fc.weight - torch.Size([2048, 512]): 
The value is the same before and after calling `init_weights` of SegEarthSegmentation  

net.transformer.resblocks.7.mlp.c_fc.bias - torch.Size([2048]): 
The value is the same before and after calling `init_weights` of SegEarthSegmentation  

net.transformer.resblocks.7.mlp.c_proj.weight - torch.Size([512, 2048]): 
The value is the same before and after calling `init_weights` of SegEarthSegmentation  

net.transformer.resblocks.7.mlp.c_proj.bias - torch.Size([512]): 
The value is the same before and after calling `init_weights` of SegEarthSegmentation  

net.transformer.resblocks.8.ln_1.weight - torch.Size([512]): 
The value is the same before and after calling `init_weights` of SegEarthSegmentation  

net.transformer.resblocks.8.ln_1.bias - torch.Size([512]): 
The value is the same before and after calling `init_weights` of SegEarthSegmentation  

net.transformer.resblocks.8.attn.in_proj_weight - torch.Size([1536, 512]): 
The value is the same before and after calling `init_weights` of SegEarthSegmentation  

net.transformer.resblocks.8.attn.in_proj_bias - torch.Size([1536]): 
The value is the same before and after calling `init_weights` of SegEarthSegmentation  

net.transformer.resblocks.8.attn.out_proj.weight - torch.Size([512, 512]): 
The value is the same before and after calling `init_weights` of SegEarthSegmentation  

net.transformer.resblocks.8.attn.out_proj.bias - torch.Size([512]): 
The value is the same before and after calling `init_weights` of SegEarthSegmentation  

net.transformer.resblocks.8.ln_2.weight - torch.Size([512]): 
The value is the same before and after calling `init_weights` of SegEarthSegmentation  

net.transformer.resblocks.8.ln_2.bias - torch.Size([512]): 
The value is the same before and after calling `init_weights` of SegEarthSegmentation  

net.transformer.resblocks.8.mlp.c_fc.weight - torch.Size([2048, 512]): 
The value is the same before and after calling `init_weights` of SegEarthSegmentation  

net.transformer.resblocks.8.mlp.c_fc.bias - torch.Size([2048]): 
The value is the same before and after calling `init_weights` of SegEarthSegmentation  

net.transformer.resblocks.8.mlp.c_proj.weight - torch.Size([512, 2048]): 
The value is the same before and after calling `init_weights` of SegEarthSegmentation  

net.transformer.resblocks.8.mlp.c_proj.bias - torch.Size([512]): 
The value is the same before and after calling `init_weights` of SegEarthSegmentation  

net.transformer.resblocks.9.ln_1.weight - torch.Size([512]): 
The value is the same before and after calling `init_weights` of SegEarthSegmentation  

net.transformer.resblocks.9.ln_1.bias - torch.Size([512]): 
The value is the same before and after calling `init_weights` of SegEarthSegmentation  

net.transformer.resblocks.9.attn.in_proj_weight - torch.Size([1536, 512]): 
The value is the same before and after calling `init_weights` of SegEarthSegmentation  

net.transformer.resblocks.9.attn.in_proj_bias - torch.Size([1536]): 
The value is the same before and after calling `init_weights` of SegEarthSegmentation  

net.transformer.resblocks.9.attn.out_proj.weight - torch.Size([512, 512]): 
The value is the same before and after calling `init_weights` of SegEarthSegmentation  

net.transformer.resblocks.9.attn.out_proj.bias - torch.Size([512]): 
The value is the same before and after calling `init_weights` of SegEarthSegmentation  

net.transformer.resblocks.9.ln_2.weight - torch.Size([512]): 
The value is the same before and after calling `init_weights` of SegEarthSegmentation  

net.transformer.resblocks.9.ln_2.bias - torch.Size([512]): 
The value is the same before and after calling `init_weights` of SegEarthSegmentation  

net.transformer.resblocks.9.mlp.c_fc.weight - torch.Size([2048, 512]): 
The value is the same before and after calling `init_weights` of SegEarthSegmentation  

net.transformer.resblocks.9.mlp.c_fc.bias - torch.Size([2048]): 
The value is the same before and after calling `init_weights` of SegEarthSegmentation  

net.transformer.resblocks.9.mlp.c_proj.weight - torch.Size([512, 2048]): 
The value is the same before and after calling `init_weights` of SegEarthSegmentation  

net.transformer.resblocks.9.mlp.c_proj.bias - torch.Size([512]): 
The value is the same before and after calling `init_weights` of SegEarthSegmentation  

net.transformer.resblocks.10.ln_1.weight - torch.Size([512]): 
The value is the same before and after calling `init_weights` of SegEarthSegmentation  

net.transformer.resblocks.10.ln_1.bias - torch.Size([512]): 
The value is the same before and after calling `init_weights` of SegEarthSegmentation  

net.transformer.resblocks.10.attn.in_proj_weight - torch.Size([1536, 512]): 
The value is the same before and after calling `init_weights` of SegEarthSegmentation  

net.transformer.resblocks.10.attn.in_proj_bias - torch.Size([1536]): 
The value is the same before and after calling `init_weights` of SegEarthSegmentation  

net.transformer.resblocks.10.attn.out_proj.weight - torch.Size([512, 512]): 
The value is the same before and after calling `init_weights` of SegEarthSegmentation  

net.transformer.resblocks.10.attn.out_proj.bias - torch.Size([512]): 
The value is the same before and after calling `init_weights` of SegEarthSegmentation  

net.transformer.resblocks.10.ln_2.weight - torch.Size([512]): 
The value is the same before and after calling `init_weights` of SegEarthSegmentation  

net.transformer.resblocks.10.ln_2.bias - torch.Size([512]): 
The value is the same before and after calling `init_weights` of SegEarthSegmentation  

net.transformer.resblocks.10.mlp.c_fc.weight - torch.Size([2048, 512]): 
The value is the same before and after calling `init_weights` of SegEarthSegmentation  

net.transformer.resblocks.10.mlp.c_fc.bias - torch.Size([2048]): 
The value is the same before and after calling `init_weights` of SegEarthSegmentation  

net.transformer.resblocks.10.mlp.c_proj.weight - torch.Size([512, 2048]): 
The value is the same before and after calling `init_weights` of SegEarthSegmentation  

net.transformer.resblocks.10.mlp.c_proj.bias - torch.Size([512]): 
The value is the same before and after calling `init_weights` of SegEarthSegmentation  

net.transformer.resblocks.11.ln_1.weight - torch.Size([512]): 
The value is the same before and after calling `init_weights` of SegEarthSegmentation  

net.transformer.resblocks.11.ln_1.bias - torch.Size([512]): 
The value is the same before and after calling `init_weights` of SegEarthSegmentation  

net.transformer.resblocks.11.attn.in_proj_weight - torch.Size([1536, 512]): 
The value is the same before and after calling `init_weights` of SegEarthSegmentation  

net.transformer.resblocks.11.attn.in_proj_bias - torch.Size([1536]): 
The value is the same before and after calling `init_weights` of SegEarthSegmentation  

net.transformer.resblocks.11.attn.out_proj.weight - torch.Size([512, 512]): 
The value is the same before and after calling `init_weights` of SegEarthSegmentation  

net.transformer.resblocks.11.attn.out_proj.bias - torch.Size([512]): 
The value is the same before and after calling `init_weights` of SegEarthSegmentation  

net.transformer.resblocks.11.ln_2.weight - torch.Size([512]): 
The value is the same before and after calling `init_weights` of SegEarthSegmentation  

net.transformer.resblocks.11.ln_2.bias - torch.Size([512]): 
The value is the same before and after calling `init_weights` of SegEarthSegmentation  

net.transformer.resblocks.11.mlp.c_fc.weight - torch.Size([2048, 512]): 
The value is the same before and after calling `init_weights` of SegEarthSegmentation  

net.transformer.resblocks.11.mlp.c_fc.bias - torch.Size([2048]): 
The value is the same before and after calling `init_weights` of SegEarthSegmentation  

net.transformer.resblocks.11.mlp.c_proj.weight - torch.Size([512, 2048]): 
The value is the same before and after calling `init_weights` of SegEarthSegmentation  

net.transformer.resblocks.11.mlp.c_proj.bias - torch.Size([512]): 
The value is the same before and after calling `init_weights` of SegEarthSegmentation  

net.token_embedding.weight - torch.Size([49408, 512]): 
The value is the same before and after calling `init_weights` of SegEarthSegmentation  

net.ln_final.weight - torch.Size([512]): 
The value is the same before and after calling `init_weights` of SegEarthSegmentation  

net.ln_final.bias - torch.Size([512]): 
The value is the same before and after calling `init_weights` of SegEarthSegmentation  

upsampler.up.range_temp - torch.Size([]): 
The value is the same before and after calling `init_weights` of SegEarthSegmentation  

upsampler.up.sigma_spatial - torch.Size([]): 
The value is the same before and after calling `init_weights` of SegEarthSegmentation  

upsampler.up.range_proj.0.weight - torch.Size([32, 3, 1, 1]): 
The value is the same before and after calling `init_weights` of SegEarthSegmentation  

upsampler.up.range_proj.0.bias - torch.Size([32]): 
The value is the same before and after calling `init_weights` of SegEarthSegmentation  

upsampler.up.range_proj.3.weight - torch.Size([32, 32, 1, 1]): 
The value is the same before and after calling `init_weights` of SegEarthSegmentation  

upsampler.up.range_proj.3.bias - torch.Size([32]): 
The value is the same before and after calling `init_weights` of SegEarthSegmentation  

upsampler.up.fixup_proj.0.weight - torch.Size([121, 124, 1, 1]): 
The value is the same before and after calling `init_weights` of SegEarthSegmentation  

upsampler.up.fixup_proj.0.bias - torch.Size([121]): 
The value is the same before and after calling `init_weights` of SegEarthSegmentation  

upsampler.up.fixup_proj.3.weight - torch.Size([121, 121, 1, 1]): 
The value is the same before and after calling `init_weights` of SegEarthSegmentation  

upsampler.up.fixup_proj.3.bias - torch.Size([121]): 
The value is the same before and after calling `init_weights` of SegEarthSegmentation  

upsampler.fixup_proj.1.weight - torch.Size([512, 512, 1, 1]): 
The value is the same before and after calling `init_weights` of SegEarthSegmentation  

upsampler.fixup_proj.1.bias - torch.Size([512]): 
The value is the same before and after calling `init_weights` of SegEarthSegmentation  
2025/06/22 22:49:19 - mmengine - WARNING - "FileClient" will be deprecated in future. Please use io functions in https://mmengine.readthedocs.io/en/latest/api/fileio.html#file-io
2025/06/22 22:49:19 - mmengine - WARNING - "HardDiskBackend" is the alias of "LocalBackend" and the former will be deprecated in future.
2025/06/22 22:49:19 - mmengine - INFO - Checkpoints will be saved to /data/SegEarth-OV/train_logs.
2025/06/22 22:49:21 - mmengine - INFO - Iter(train) [     1/140000]  lr: 1.0000e-03  eta: 3 days, 2:06:09  time: 1.9055  data_time: 0.5267  memory: 7132  loss: 1.6354  loss_ce: 1.6354
2025/06/22 22:49:22 - mmengine - INFO - Iter(train) [     2/140000]  lr: 1.0000e-03  eta: 1 day, 23:10:15  time: 1.2130  data_time: 0.2646  memory: 7172  loss: 1.6255  loss_ce: 1.6255
2025/06/22 22:49:22 - mmengine - INFO - Iter(train) [     3/140000]  lr: 1.0000e-03  eta: 1 day, 12:36:00  time: 0.9412  data_time: 0.1775  memory: 7172  loss: 1.6207  loss_ce: 1.6207
2025/06/22 22:49:23 - mmengine - INFO - Iter(train) [     4/140000]  lr: 1.0000e-03  eta: 1 day, 7:15:23  time: 0.8038  data_time: 0.1339  memory: 7172  loss: 1.6317  loss_ce: 1.6317
2025/06/22 22:49:23 - mmengine - INFO - Iter(train) [     5/140000]  lr: 1.0000e-03  eta: 1 day, 3:26:33  time: 0.7057  data_time: 0.1079  memory: 7172  loss: 1.6331  loss_ce: 1.6331
2025/06/22 22:49:23 - mmengine - INFO - Iter(train) [     6/140000]  lr: 1.0000e-03  eta: 1 day, 1:24:08  time: 0.6532  data_time: 0.0904  memory: 7172  loss: 1.6306  loss_ce: 1.6306
2025/06/22 22:49:24 - mmengine - INFO - Iter(train) [     7/140000]  lr: 1.0000e-03  eta: 23:29:34  time: 0.6041  data_time: 0.0779  memory: 7172  loss: 1.6278  loss_ce: 1.6278
2025/06/22 22:49:24 - mmengine - INFO - Iter(train) [     8/140000]  lr: 1.0000e-03  eta: 22:06:07  time: 0.5684  data_time: 0.0684  memory: 7172  loss: 1.6324  loss_ce: 1.6324
2025/06/22 22:49:24 - mmengine - INFO - Iter(train) [     9/140000]  lr: 1.0000e-03  eta: 21:15:30  time: 0.5467  data_time: 0.0612  memory: 7172  loss: 1.6290  loss_ce: 1.6290
2025/06/22 22:49:25 - mmengine - INFO - Iter(train) [    10/140000]  lr: 1.0000e-03  eta: 20:21:57  time: 0.5237  data_time: 0.0555  memory: 7172  loss: 1.6326  loss_ce: 1.6326
2025/06/22 22:49:25 - mmengine - INFO - Iter(train) [    11/140000]  lr: 1.0000e-03  eta: 19:52:14  time: 0.3715  data_time: 0.0030  memory: 7172  loss: 1.6356  loss_ce: 1.6356
2025/06/22 22:49:25 - mmengine - INFO - Iter(train) [    12/140000]  lr: 1.0000e-03  eta: 19:14:01  time: 0.3510  data_time: 0.0031  memory: 7172  loss: 1.6419  loss_ce: 1.6419
2025/06/22 22:49:26 - mmengine - INFO - Iter(train) [    13/140000]  lr: 1.0000e-03  eta: 18:56:24  time: 0.3509  data_time: 0.0030  memory: 7172  loss: 1.6390  loss_ce: 1.6390
2025/06/22 22:49:26 - mmengine - INFO - Iter(train) [    14/140000]  lr: 1.0000e-03  eta: 18:37:34  time: 0.3491  data_time: 0.0030  memory: 7172  loss: 1.6341  loss_ce: 1.6341
2025/06/22 22:49:26 - mmengine - INFO - Iter(train) [    15/140000]  lr: 1.0000e-03  eta: 18:12:12  time: 0.3494  data_time: 0.0030  memory: 7172  loss: 1.6313  loss_ce: 1.6313
2025/06/22 22:49:27 - mmengine - INFO - Iter(train) [    16/140000]  lr: 1.0000e-03  eta: 17:49:08  time: 0.3413  data_time: 0.0029  memory: 7172  loss: 1.6392  loss_ce: 1.6392
2025/06/22 22:49:27 - mmengine - INFO - Iter(train) [    17/140000]  lr: 1.0000e-03  eta: 17:38:30  time: 0.3484  data_time: 0.0029  memory: 7172  loss: 1.6371  loss_ce: 1.6371
2025/06/22 22:49:27 - mmengine - INFO - Iter(train) [    18/140000]  lr: 1.0000e-03  eta: 17:21:54  time: 0.3492  data_time: 0.0032  memory: 7172  loss: 1.6348  loss_ce: 1.6348
2025/06/22 22:49:28 - mmengine - INFO - Iter(train) [    19/140000]  lr: 1.0000e-03  eta: 17:13:24  time: 0.3496  data_time: 0.0031  memory: 7172  loss: 1.6351  loss_ce: 1.6351
2025/06/22 22:49:28 - mmengine - INFO - Iter(train) [    20/140000]  lr: 1.0000e-03  eta: 16:57:33  time: 0.3486  data_time: 0.0030  memory: 7172  loss: 1.6343  loss_ce: 1.6343
2025/06/22 22:49:28 - mmengine - INFO - Iter(train) [    21/140000]  lr: 1.0000e-03  eta: 16:52:37  time: 0.3494  data_time: 0.0030  memory: 7172  loss: 1.6328  loss_ce: 1.6328
2025/06/22 22:49:29 - mmengine - INFO - Iter(train) [    22/140000]  lr: 1.0000e-03  eta: 16:40:53  time: 0.3503  data_time: 0.0032  memory: 7172  loss: 1.6266  loss_ce: 1.6266
2025/06/22 22:49:29 - mmengine - INFO - Iter(train) [    23/140000]  lr: 1.0000e-03  eta: 16:35:32  time: 0.3483  data_time: 0.0034  memory: 7172  loss: 1.6320  loss_ce: 1.6320
2025/06/22 22:49:30 - mmengine - INFO - Iter(train) [    24/140000]  lr: 1.0000e-03  eta: 16:24:29  time: 0.3422  data_time: 0.0034  memory: 7172  loss: 1.6334  loss_ce: 1.6334
2025/06/22 22:49:30 - mmengine - INFO - Iter(train) [    25/140000]  lr: 1.0000e-03  eta: 16:21:40  time: 0.3498  data_time: 0.0034  memory: 7172  loss: 1.6322  loss_ce: 1.6322
2025/06/22 22:49:30 - mmengine - INFO - Iter(train) [    26/140000]  lr: 1.0000e-03  eta: 16:11:14  time: 0.3492  data_time: 0.0034  memory: 7172  loss: 1.6222  loss_ce: 1.6222
2025/06/22 22:49:31 - mmengine - INFO - Iter(train) [    27/140000]  lr: 1.0000e-03  eta: 16:02:26  time: 0.3426  data_time: 0.0034  memory: 7172  loss: 1.6247  loss_ce: 1.6247
2025/06/22 22:49:31 - mmengine - INFO - Iter(train) [    28/140000]  lr: 1.0000e-03  eta: 15:59:37  time: 0.3479  data_time: 0.0033  memory: 7172  loss: 1.6254  loss_ce: 1.6254
2025/06/22 22:49:31 - mmengine - INFO - Iter(train) [    29/140000]  lr: 1.0000e-03  eta: 15:52:18  time: 0.3422  data_time: 0.0034  memory: 7172  loss: 1.6302  loss_ce: 1.6302
2025/06/22 22:49:32 - mmengine - INFO - Iter(train) [    30/140000]  lr: 1.0000e-03  eta: 15:50:06  time: 0.3495  data_time: 0.0036  memory: 7172  loss: 1.6259  loss_ce: 1.6259
2025/06/22 22:49:32 - mmengine - INFO - Iter(train) [    31/140000]  lr: 1.0000e-03  eta: 15:42:43  time: 0.3413  data_time: 0.0036  memory: 7172  loss: 1.6272  loss_ce: 1.6272
2025/06/22 22:49:32 - mmengine - INFO - Iter(train) [    32/140000]  lr: 1.0000e-03  eta: 15:41:14  time: 0.3473  data_time: 0.0035  memory: 7172  loss: 1.6311  loss_ce: 1.6311
2025/06/22 22:49:33 - mmengine - INFO - Iter(train) [    33/140000]  lr: 1.0000e-03  eta: 15:35:16  time: 0.3416  data_time: 0.0036  memory: 7172  loss: 1.6331  loss_ce: 1.6331
2025/06/22 22:49:33 - mmengine - INFO - Iter(train) [    34/140000]  lr: 1.0000e-03  eta: 15:34:06  time: 0.3487  data_time: 0.0036  memory: 7172  loss: 1.6290  loss_ce: 1.6290
2025/06/22 22:49:33 - mmengine - INFO - Iter(train) [    35/140000]  lr: 1.0000e-03  eta: 15:27:55  time: 0.3403  data_time: 0.0035  memory: 7172  loss: 1.6322  loss_ce: 1.6322
2025/06/22 22:49:34 - mmengine - INFO - Iter(train) [    36/140000]  lr: 1.0000e-03  eta: 15:22:29  time: 0.3412  data_time: 0.0036  memory: 7172  loss: 1.6331  loss_ce: 1.6331
2025/06/22 22:49:34 - mmengine - INFO - Iter(train) [    37/140000]  lr: 1.0000e-03  eta: 15:16:32  time: 0.3398  data_time: 0.0037  memory: 7172  loss: 1.6358  loss_ce: 1.6358
2025/06/22 22:49:34 - mmengine - INFO - Iter(train) [    38/140000]  lr: 1.0000e-03  eta: 15:15:24  time: 0.3394  data_time: 0.0037  memory: 7172  loss: 1.6316  loss_ce: 1.6316
2025/06/22 22:49:35 - mmengine - INFO - Iter(train) [    39/140000]  lr: 1.0000e-03  eta: 15:09:47  time: 0.3372  data_time: 0.0037  memory: 7172  loss: 1.6345  loss_ce: 1.6345
2025/06/22 22:49:35 - mmengine - INFO - Iter(train) [    40/140000]  lr: 1.0000e-03  eta: 15:04:45  time: 0.3296  data_time: 0.0035  memory: 7172  loss: 1.6322  loss_ce: 1.6322
2025/06/22 22:49:35 - mmengine - INFO - Iter(train) [    41/140000]  lr: 1.0000e-03  eta: 15:00:24  time: 0.3298  data_time: 0.0035  memory: 7172  loss: 1.6325  loss_ce: 1.6325
2025/06/22 22:49:36 - mmengine - INFO - Iter(train) [    42/140000]  lr: 1.0000e-03  eta: 14:55:57  time: 0.3221  data_time: 0.0036  memory: 7172  loss: 1.6305  loss_ce: 1.6305
2025/06/22 22:49:36 - mmengine - INFO - Iter(train) [    43/140000]  lr: 1.0000e-03  eta: 14:55:56  time: 0.3285  data_time: 0.0033  memory: 7172  loss: 1.6245  loss_ce: 1.6245
2025/06/22 22:49:36 - mmengine - INFO - Iter(train) [    44/140000]  lr: 1.0000e-03  eta: 14:51:53  time: 0.3209  data_time: 0.0033  memory: 7172  loss: 1.6300  loss_ce: 1.6300
2025/06/22 22:49:37 - mmengine - INFO - Iter(train) [    45/140000]  lr: 1.0000e-03  eta: 14:48:29  time: 0.3218  data_time: 0.0033  memory: 7172  loss: 1.6301  loss_ce: 1.6301
2025/06/22 22:49:37 - mmengine - INFO - Iter(train) [    46/140000]  lr: 1.0000e-03  eta: 14:48:27  time: 0.3285  data_time: 0.0035  memory: 7172  loss: 1.6358  loss_ce: 1.6358
2025/06/22 22:49:37 - mmengine - INFO - Iter(train) [    47/140000]  lr: 1.0000e-03  eta: 14:45:01  time: 0.3296  data_time: 0.0036  memory: 7172  loss: 1.6398  loss_ce: 1.6398
2025/06/22 22:49:38 - mmengine - INFO - Iter(train) [    48/140000]  lr: 1.0000e-03  eta: 14:45:40  time: 0.3314  data_time: 0.0036  memory: 7172  loss: 1.6419  loss_ce: 1.6419
2025/06/22 22:49:38 - mmengine - INFO - Iter(train) [    49/140000]  lr: 1.0000e-03  eta: 14:46:19  time: 0.3409  data_time: 0.0038  memory: 7172  loss: 1.6363  loss_ce: 1.6363
2025/06/22 22:49:38 - mmengine - INFO - Iter(train) [    50/140000]  lr: 1.0000e-03  eta: 14:43:06  time: 0.3416  data_time: 0.0038  memory: 7172  loss: 1.6408  loss_ce: 1.6408
2025/06/22 22:49:39 - mmengine - INFO - Iter(train) [    51/140000]  lr: 1.0000e-03  eta: 14:39:47  time: 0.3411  data_time: 0.0038  memory: 7172  loss: 1.6414  loss_ce: 1.6414
2025/06/22 22:49:39 - mmengine - INFO - Iter(train) [    52/140000]  lr: 1.0000e-03  eta: 14:39:40  time: 0.3479  data_time: 0.0038  memory: 7172  loss: 1.6415  loss_ce: 1.6415
2025/06/22 22:49:39 - mmengine - INFO - Iter(train) [    53/140000]  lr: 1.0000e-03  eta: 14:36:51  time: 0.3409  data_time: 0.0039  memory: 7172  loss: 1.6427  loss_ce: 1.6427
2025/06/22 22:49:40 - mmengine - INFO - Iter(train) [    54/140000]  lr: 1.0000e-03  eta: 14:33:50  time: 0.3407  data_time: 0.0039  memory: 7172  loss: 1.6410  loss_ce: 1.6410
2025/06/22 22:49:40 - mmengine - INFO - Iter(train) [    55/140000]  lr: 1.0000e-03  eta: 14:30:59  time: 0.3398  data_time: 0.0039  memory: 7172  loss: 1.6416  loss_ce: 1.6416
2025/06/22 22:49:40 - mmengine - INFO - Iter(train) [    56/140000]  lr: 1.0000e-03  eta: 14:31:01  time: 0.3392  data_time: 0.0037  memory: 7172  loss: 1.6401  loss_ce: 1.6401
2025/06/22 22:49:41 - mmengine - INFO - Iter(train) [    57/140000]  lr: 1.0000e-03  eta: 14:28:21  time: 0.3388  data_time: 0.0036  memory: 7172  loss: 1.6341  loss_ce: 1.6341
2025/06/22 22:49:41 - mmengine - INFO - Iter(train) [    58/140000]  lr: 1.0000e-03  eta: 14:29:25  time: 0.3395  data_time: 0.0038  memory: 7172  loss: 1.6340  loss_ce: 1.6340
2025/06/22 22:49:41 - mmengine - INFO - Iter(train) [    59/140000]  lr: 1.0000e-03  eta: 14:26:59  time: 0.3312  data_time: 0.0037  memory: 7172  loss: 1.6321  loss_ce: 1.6321
2025/06/22 22:49:42 - mmengine - INFO - Iter(train) [    60/140000]  lr: 1.0000e-03  eta: 14:27:52  time: 0.3396  data_time: 0.0039  memory: 7172  loss: 1.6305  loss_ce: 1.6305
2025/06/22 22:49:42 - mmengine - INFO - Iter(train) [    61/140000]  lr: 1.0000e-03  eta: 14:28:27  time: 0.3477  data_time: 0.0039  memory: 7172  loss: 1.6284  loss_ce: 1.6284
2025/06/22 22:49:42 - mmengine - INFO - Iter(train) [    62/140000]  lr: 1.0000e-03  eta: 14:26:54  time: 0.3434  data_time: 0.0041  memory: 7172  loss: 1.6305  loss_ce: 1.6305
2025/06/22 22:49:43 - mmengine - INFO - Iter(train) [    63/140000]  lr: 1.0000e-03  eta: 14:27:14  time: 0.3501  data_time: 0.0040  memory: 7172  loss: 1.6367  loss_ce: 1.6367
2025/06/22 22:49:43 - mmengine - INFO - Iter(train) [    64/140000]  lr: 1.0000e-03  eta: 14:28:30  time: 0.3602  data_time: 0.0040  memory: 7172  loss: 1.6352  loss_ce: 1.6352
2025/06/22 22:49:44 - mmengine - INFO - Iter(train) [    65/140000]  lr: 1.0000e-03  eta: 14:29:04  time: 0.3683  data_time: 0.0042  memory: 7172  loss: 1.6343  loss_ce: 1.6343
2025/06/22 22:49:44 - mmengine - INFO - Iter(train) [    66/140000]  lr: 1.0000e-03  eta: 14:30:16  time: 0.3715  data_time: 0.0041  memory: 7172  loss: 1.6334  loss_ce: 1.6334
2025/06/22 22:49:44 - mmengine - INFO - Iter(train) [    67/140000]  lr: 1.0000e-03  eta: 14:30:40  time: 0.3791  data_time: 0.0040  memory: 7172  loss: 1.6372  loss_ce: 1.6372
2025/06/22 22:49:45 - mmengine - INFO - Iter(train) [    68/140000]  lr: 1.0000e-03  eta: 14:28:23  time: 0.3699  data_time: 0.0038  memory: 7172  loss: 1.6398  loss_ce: 1.6398
2025/06/22 22:49:45 - mmengine - INFO - Iter(train) [    69/140000]  lr: 1.0000e-03  eta: 14:29:04  time: 0.3781  data_time: 0.0036  memory: 7172  loss: 1.6465  loss_ce: 1.6465
2025/06/22 22:49:45 - mmengine - INFO - Iter(train) [    70/140000]  lr: 1.0000e-03  eta: 14:27:37  time: 0.3715  data_time: 0.0038  memory: 7172  loss: 1.6505  loss_ce: 1.6505
2025/06/22 22:49:46 - mmengine - INFO - Iter(train) [    71/140000]  lr: 1.0000e-03  eta: 14:27:39  time: 0.3702  data_time: 0.0040  memory: 7172  loss: 1.6557  loss_ce: 1.6557
2025/06/22 22:49:46 - mmengine - INFO - Iter(train) [    72/140000]  lr: 1.0000e-03  eta: 14:26:02  time: 0.3692  data_time: 0.0037  memory: 7172  loss: 1.6505  loss_ce: 1.6505
2025/06/22 22:49:47 - mmengine - INFO - Iter(train) [    73/140000]  lr: 1.0000e-03  eta: 14:26:44  time: 0.3705  data_time: 0.0038  memory: 7172  loss: 1.6435  loss_ce: 1.6435
2025/06/22 22:49:47 - mmengine - INFO - Iter(train) [    74/140000]  lr: 1.0000e-03  eta: 14:27:11  time: 0.3684  data_time: 0.0038  memory: 7172  loss: 1.6449  loss_ce: 1.6449
2025/06/22 22:49:47 - mmengine - INFO - Iter(train) [    75/140000]  lr: 1.0000e-03  eta: 14:25:17  time: 0.3606  data_time: 0.0038  memory: 7172  loss: 1.6506  loss_ce: 1.6506
2025/06/22 22:49:48 - mmengine - INFO - Iter(train) [    76/140000]  lr: 1.0000e-03  eta: 14:25:57  time: 0.3593  data_time: 0.0039  memory: 7172  loss: 1.6515  loss_ce: 1.6515
2025/06/22 22:49:48 - mmengine - INFO - Iter(train) [    77/140000]  lr: 1.0000e-03  eta: 14:24:08  time: 0.3520  data_time: 0.0040  memory: 7172  loss: 1.6479  loss_ce: 1.6479
2025/06/22 22:49:48 - mmengine - INFO - Iter(train) [    78/140000]  lr: 1.0000e-03  eta: 14:24:29  time: 0.3595  data_time: 0.0040  memory: 7172  loss: 1.6462  loss_ce: 1.6462
2025/06/22 22:49:49 - mmengine - INFO - Iter(train) [    79/140000]  lr: 1.0000e-03  eta: 14:22:42  time: 0.3513  data_time: 0.0041  memory: 7172  loss: 1.6435  loss_ce: 1.6435
2025/06/22 22:49:49 - mmengine - INFO - Iter(train) [    80/140000]  lr: 1.0000e-03  eta: 14:23:28  time: 0.3580  data_time: 0.0037  memory: 7172  loss: 1.6410  loss_ce: 1.6410
2025/06/22 22:49:49 - mmengine - INFO - Iter(train) [    81/140000]  lr: 1.0000e-03  eta: 14:24:21  time: 0.3608  data_time: 0.0036  memory: 7172  loss: 1.6388  loss_ce: 1.6388
2025/06/22 22:49:50 - mmengine - INFO - Iter(train) [    82/140000]  lr: 1.0000e-03  eta: 14:25:07  time: 0.3683  data_time: 0.0039  memory: 7172  loss: 1.6483  loss_ce: 1.6483
2025/06/22 22:49:50 - mmengine - INFO - Iter(train) [    83/140000]  lr: 1.0000e-03  eta: 14:23:49  time: 0.3615  data_time: 0.0038  memory: 7172  loss: 1.6507  loss_ce: 1.6507
2025/06/22 22:49:50 - mmengine - INFO - Iter(train) [    84/140000]  lr: 1.0000e-03  eta: 14:23:46  time: 0.3598  data_time: 0.0039  memory: 7172  loss: 1.6511  loss_ce: 1.6511
2025/06/22 22:49:51 - mmengine - INFO - Iter(train) [    85/140000]  lr: 1.0000e-03  eta: 14:22:31  time: 0.3612  data_time: 0.0038  memory: 7172  loss: 1.6468  loss_ce: 1.6468
2025/06/22 22:49:51 - mmengine - INFO - Iter(train) [    86/140000]  lr: 1.0000e-03  eta: 14:22:51  time: 0.3601  data_time: 0.0040  memory: 7172  loss: 1.6499  loss_ce: 1.6499
2025/06/22 22:49:52 - mmengine - INFO - Iter(train) [    87/140000]  lr: 1.0000e-03  eta: 14:23:36  time: 0.3688  data_time: 0.0040  memory: 7172  loss: 1.6493  loss_ce: 1.6493
2025/06/22 22:49:52 - mmengine - INFO - Iter(train) [    88/140000]  lr: 1.0000e-03  eta: 14:22:14  time: 0.3625  data_time: 0.0040  memory: 7172  loss: 1.6516  loss_ce: 1.6516
2025/06/22 22:49:52 - mmengine - INFO - Iter(train) [    89/140000]  lr: 1.0000e-03  eta: 14:22:29  time: 0.3693  data_time: 0.0039  memory: 7172  loss: 1.6465  loss_ce: 1.6465
2025/06/22 22:49:53 - mmengine - INFO - Iter(train) [    90/140000]  lr: 1.0000e-03  eta: 14:20:54  time: 0.3606  data_time: 0.0040  memory: 7172  loss: 1.6594  loss_ce: 1.6594
2025/06/22 22:49:53 - mmengine - INFO - Iter(train) [    91/140000]  lr: 1.0000e-03  eta: 14:21:34  time: 0.3600  data_time: 0.0038  memory: 7172  loss: 1.6530  loss_ce: 1.6530
2025/06/22 22:49:53 - mmengine - INFO - Iter(train) [    92/140000]  lr: 1.0000e-03  eta: 14:22:33  time: 0.3611  data_time: 0.0036  memory: 7172  loss: 1.6512  loss_ce: 1.6512
2025/06/22 22:49:54 - mmengine - INFO - Iter(train) [    93/140000]  lr: 1.0000e-03  eta: 14:22:44  time: 0.3663  data_time: 0.0036  memory: 7172  loss: 1.6573  loss_ce: 1.6573
2025/06/22 22:49:54 - mmengine - INFO - Iter(train) [    94/140000]  lr: 1.0000e-03  eta: 14:21:19  time: 0.3608  data_time: 0.0036  memory: 7172  loss: 1.6566  loss_ce: 1.6566
2025/06/22 22:49:54 - mmengine - INFO - Iter(train) [    95/140000]  lr: 1.0000e-03  eta: 14:20:14  time: 0.3609  data_time: 0.0035  memory: 7172  loss: 1.6577  loss_ce: 1.6577
2025/06/22 22:49:55 - mmengine - INFO - Iter(train) [    96/140000]  lr: 1.0000e-03  eta: 14:20:23  time: 0.3601  data_time: 0.0032  memory: 7172  loss: 1.6549  loss_ce: 1.6549
2025/06/22 22:49:55 - mmengine - INFO - Iter(train) [    97/140000]  lr: 1.0000e-03  eta: 14:18:54  time: 0.3510  data_time: 0.0032  memory: 7172  loss: 1.6593  loss_ce: 1.6593
2025/06/22 22:49:56 - mmengine - INFO - Iter(train) [    98/140000]  lr: 1.0000e-03  eta: 14:21:34  time: 0.3672  data_time: 0.0031  memory: 7172  loss: 1.6538  loss_ce: 1.6538
2025/06/22 22:49:56 - mmengine - INFO - Iter(train) [    99/140000]  lr: 1.0000e-03  eta: 14:20:04  time: 0.3599  data_time: 0.0031  memory: 7172  loss: 1.6568  loss_ce: 1.6568
2025/06/22 22:49:56 - mmengine - INFO - Iter(train) [   100/140000]  lr: 1.0000e-03  eta: 14:18:46  time: 0.3603  data_time: 0.0031  memory: 7172  loss: 1.6408  loss_ce: 1.6408
2025/06/22 22:49:57 - mmengine - INFO - Iter(train) [   101/140000]  lr: 1.0000e-03  eta: 14:19:25  time: 0.3604  data_time: 0.0033  memory: 7172  loss: 1.6408  loss_ce: 1.6408
2025/06/22 22:49:57 - mmengine - INFO - Iter(train) [   102/140000]  lr: 1.0000e-03  eta: 14:19:55  time: 0.3587  data_time: 0.0036  memory: 7172  loss: 1.6334  loss_ce: 1.6334
2025/06/22 22:49:57 - mmengine - INFO - Iter(train) [   103/140000]  lr: 1.0000e-03  eta: 14:20:41  time: 0.3612  data_time: 0.0037  memory: 7172  loss: 1.6280  loss_ce: 1.6280
2025/06/22 22:49:58 - mmengine - INFO - Iter(train) [   104/140000]  lr: 1.0000e-03  eta: 14:19:28  time: 0.3614  data_time: 0.0036  memory: 7172  loss: 1.6327  loss_ce: 1.6327
2025/06/22 22:49:58 - mmengine - INFO - Iter(train) [   105/140000]  lr: 1.0000e-03  eta: 14:19:39  time: 0.3665  data_time: 0.0037  memory: 7172  loss: 1.6352  loss_ce: 1.6352
2025/06/22 22:49:58 - mmengine - INFO - Iter(train) [   106/140000]  lr: 1.0000e-03  eta: 14:18:27  time: 0.3605  data_time: 0.0037  memory: 7172  loss: 1.6362  loss_ce: 1.6362
2025/06/22 22:49:59 - mmengine - INFO - Iter(train) [   107/140000]  lr: 1.0000e-03  eta: 14:18:47  time: 0.3682  data_time: 0.0037  memory: 7172  loss: 1.6370  loss_ce: 1.6370
2025/06/22 22:49:59 - mmengine - INFO - Iter(train) [   108/140000]  lr: 1.0000e-03  eta: 14:19:29  time: 0.3602  data_time: 0.0037  memory: 7172  loss: 1.6374  loss_ce: 1.6374
2025/06/22 22:49:59 - mmengine - INFO - Iter(train) [   109/140000]  lr: 1.0000e-03  eta: 14:18:13  time: 0.3605  data_time: 0.0039  memory: 7172  loss: 1.6424  loss_ce: 1.6424
2025/06/22 22:50:00 - mmengine - INFO - Iter(train) [   110/140000]  lr: 1.0000e-03  eta: 14:16:55  time: 0.3599  data_time: 0.0038  memory: 7172  loss: 1.6428  loss_ce: 1.6428
2025/06/22 22:50:00 - mmengine - INFO - Iter(train) [   111/140000]  lr: 1.0000e-03  eta: 14:17:19  time: 0.3589  data_time: 0.0036  memory: 7172  loss: 1.6472  loss_ce: 1.6472
2025/06/22 22:50:00 - mmengine - INFO - Iter(train) [   112/140000]  lr: 1.0000e-03  eta: 14:16:03  time: 0.3505  data_time: 0.0033  memory: 7172  loss: 1.6493  loss_ce: 1.6493
2025/06/22 22:50:01 - mmengine - INFO - Iter(train) [   113/140000]  lr: 1.0000e-03  eta: 14:14:54  time: 0.3414  data_time: 0.0032  memory: 7172  loss: 1.6506  loss_ce: 1.6506
2025/06/22 22:50:01 - mmengine - INFO - Iter(train) [   114/140000]  lr: 1.0000e-03  eta: 14:15:23  time: 0.3489  data_time: 0.0040  memory: 7172  loss: 1.6499  loss_ce: 1.6499
2025/06/22 22:50:02 - mmengine - INFO - Iter(train) [   115/140000]  lr: 1.0000e-03  eta: 14:16:18  time: 0.3525  data_time: 0.0042  memory: 7172  loss: 1.6450  loss_ce: 1.6450
2025/06/22 22:50:02 - mmengine - INFO - Iter(train) [   116/140000]  lr: 1.0000e-03  eta: 14:16:53  time: 0.3607  data_time: 0.0044  memory: 7172  loss: 1.6436  loss_ce: 1.6436
2025/06/22 22:50:03 - mmengine - INFO - Iter(train) [   117/140000]  lr: 1.0000e-03  eta: 14:19:21  time: 0.3715  data_time: 0.0045  memory: 7172  loss: 1.6380  loss_ce: 1.6380
2025/06/22 22:50:03 - mmengine - INFO - Iter(train) [   118/140000]  lr: 1.0000e-03  eta: 14:20:07  time: 0.3722  data_time: 0.0047  memory: 7172  loss: 1.6461  loss_ce: 1.6461
2025/06/22 22:50:03 - mmengine - INFO - Iter(train) [   119/140000]  lr: 1.0000e-03  eta: 14:20:25  time: 0.3796  data_time: 0.0046  memory: 7172  loss: 1.6433  loss_ce: 1.6433
2025/06/22 22:50:04 - mmengine - INFO - Iter(train) [   120/140000]  lr: 1.0000e-03  eta: 14:19:20  time: 0.3803  data_time: 0.0046  memory: 7172  loss: 1.6479  loss_ce: 1.6479
2025/06/22 22:50:04 - mmengine - INFO - Iter(train) [   121/140000]  lr: 1.0000e-03  eta: 14:19:45  time: 0.3807  data_time: 0.0046  memory: 7172  loss: 1.6439  loss_ce: 1.6439
2025/06/22 22:50:04 - mmengine - INFO - Iter(train) [   122/140000]  lr: 1.0000e-03  eta: 14:20:16  time: 0.3896  data_time: 0.0045  memory: 7172  loss: 1.6489  loss_ce: 1.6489
2025/06/22 22:50:05 - mmengine - INFO - Iter(train) [   123/140000]  lr: 1.0000e-03  eta: 14:20:43  time: 0.3977  data_time: 0.0046  memory: 7172  loss: 1.6461  loss_ce: 1.6461
2025/06/22 22:50:05 - mmengine - INFO - Iter(train) [   124/140000]  lr: 1.0000e-03  eta: 14:19:44  time: 0.3903  data_time: 0.0037  memory: 7172  loss: 1.6422  loss_ce: 1.6422
2025/06/22 22:50:06 - mmengine - INFO - Iter(train) [   125/140000]  lr: 1.0000e-03  eta: 14:20:24  time: 0.3897  data_time: 0.0034  memory: 7172  loss: 1.6454  loss_ce: 1.6454
2025/06/22 22:50:06 - mmengine - INFO - Iter(train) [   126/140000]  lr: 1.0000e-03  eta: 14:21:01  time: 0.3902  data_time: 0.0031  memory: 7172  loss: 1.6427  loss_ce: 1.6427
2025/06/22 22:50:06 - mmengine - INFO - Iter(train) [   127/140000]  lr: 1.0000e-03  eta: 14:21:11  time: 0.3790  data_time: 0.0028  memory: 7172  loss: 1.6403  loss_ce: 1.6403
2025/06/22 22:50:07 - mmengine - INFO - Iter(train) [   128/140000]  lr: 1.0000e-03  eta: 14:20:15  time: 0.3699  data_time: 0.0026  memory: 7172  loss: 1.6322  loss_ce: 1.6322
2025/06/22 22:50:07 - mmengine - INFO - Iter(train) [   129/140000]  lr: 1.0000e-03  eta: 14:20:30  time: 0.3698  data_time: 0.0025  memory: 7172  loss: 1.6279  loss_ce: 1.6279
2025/06/22 22:50:07 - mmengine - INFO - Iter(train) [   130/140000]  lr: 1.0000e-03  eta: 14:21:10  time: 0.3792  data_time: 0.0027  memory: 7172  loss: 1.6226  loss_ce: 1.6226
2025/06/22 22:50:08 - mmengine - INFO - Iter(train) [   131/140000]  lr: 1.0000e-03  eta: 14:20:11  time: 0.3715  data_time: 0.0028  memory: 7172  loss: 1.6258  loss_ce: 1.6258
2025/06/22 22:50:08 - mmengine - INFO - Iter(train) [   132/140000]  lr: 1.0000e-03  eta: 14:20:26  time: 0.3704  data_time: 0.0028  memory: 7172  loss: 1.6250  loss_ce: 1.6250
2025/06/22 22:50:09 - mmengine - INFO - Iter(train) [   133/140000]  lr: 1.0000e-03  eta: 14:22:40  time: 0.3806  data_time: 0.0028  memory: 7172  loss: 1.6262  loss_ce: 1.6262
2025/06/22 22:50:09 - mmengine - INFO - Iter(train) [   134/140000]  lr: 1.0000e-03  eta: 14:21:41  time: 0.3803  data_time: 0.0030  memory: 7172  loss: 1.6293  loss_ce: 1.6293
2025/06/22 22:50:09 - mmengine - INFO - Iter(train) [   135/140000]  lr: 1.0000e-03  eta: 14:23:46  time: 0.3889  data_time: 0.0031  memory: 7172  loss: 1.6276  loss_ce: 1.6276
2025/06/22 22:50:10 - mmengine - INFO - Iter(train) [   136/140000]  lr: 1.0000e-03  eta: 14:24:20  time: 0.3890  data_time: 0.0032  memory: 7172  loss: 1.6279  loss_ce: 1.6279
2025/06/22 22:50:10 - mmengine - INFO - Iter(train) [   137/140000]  lr: 1.0000e-03  eta: 14:26:18  time: 0.3999  data_time: 0.0032  memory: 7172  loss: 1.6311  loss_ce: 1.6311
2025/06/22 22:50:11 - mmengine - INFO - Iter(train) [   138/140000]  lr: 1.0000e-03  eta: 14:25:18  time: 0.3993  data_time: 0.0034  memory: 7172  loss: 1.6350  loss_ce: 1.6350
2025/06/22 22:50:11 - mmengine - INFO - Iter(train) [   139/140000]  lr: 1.0000e-03  eta: 14:25:43  time: 0.4006  data_time: 0.0034  memory: 7172  loss: 1.6428  loss_ce: 1.6428
2025/06/22 22:50:11 - mmengine - INFO - Iter(train) [   140/140000]  lr: 1.0000e-03  eta: 14:26:16  time: 0.4005  data_time: 0.0032  memory: 7172  loss: 1.6506  loss_ce: 1.6506
2025/06/22 22:50:12 - mmengine - INFO - Iter(train) [   141/140000]  lr: 1.0000e-03  eta: 14:26:36  time: 0.4083  data_time: 0.0032  memory: 7172  loss: 1.6471  loss_ce: 1.6471
2025/06/22 22:50:12 - mmengine - INFO - Iter(train) [   142/140000]  lr: 1.0000e-03  eta: 14:27:13  time: 0.4108  data_time: 0.0033  memory: 7172  loss: 1.6411  loss_ce: 1.6411
2025/06/22 22:50:13 - mmengine - INFO - Iter(train) [   143/140000]  lr: 1.0000e-03  eta: 14:27:21  time: 0.3992  data_time: 0.0033  memory: 7172  loss: 1.6382  loss_ce: 1.6382
2025/06/22 22:50:13 - mmengine - INFO - Iter(train) [   144/140000]  lr: 1.0000e-03  eta: 14:27:51  time: 0.4082  data_time: 0.0033  memory: 7172  loss: 1.6369  loss_ce: 1.6369
2025/06/22 22:50:13 - mmengine - INFO - Iter(train) [   145/140000]  lr: 1.0000e-03  eta: 14:27:04  time: 0.3914  data_time: 0.0033  memory: 7172  loss: 1.6323  loss_ce: 1.6323
2025/06/22 22:50:14 - mmengine - INFO - Iter(train) [   146/140000]  lr: 1.0000e-03  eta: 14:27:06  time: 0.3885  data_time: 0.0036  memory: 7172  loss: 1.6294  loss_ce: 1.6294
2025/06/22 22:50:14 - mmengine - INFO - Iter(train) [   147/140000]  lr: 1.0000e-03  eta: 14:26:06  time: 0.3707  data_time: 0.0036  memory: 7172  loss: 1.6320  loss_ce: 1.6320
2025/06/22 22:50:14 - mmengine - INFO - Iter(train) [   148/140000]  lr: 1.0000e-03  eta: 14:26:32  time: 0.3795  data_time: 0.0034  memory: 7172  loss: 1.6294  loss_ce: 1.6294
2025/06/22 22:50:15 - mmengine - INFO - Iter(train) [   149/140000]  lr: 1.0000e-03  eta: 14:26:47  time: 0.3785  data_time: 0.0035  memory: 7172  loss: 1.6290  loss_ce: 1.6290
2025/06/22 22:50:15 - mmengine - INFO - Iter(train) [   150/140000]  lr: 1.0000e-03  eta: 14:26:00  time: 0.3703  data_time: 0.0037  memory: 7172  loss: 1.6288  loss_ce: 1.6288
2025/06/22 22:50:15 - mmengine - INFO - Iter(train) [   151/140000]  lr: 1.0000e-03  eta: 14:26:05  time: 0.3688  data_time: 0.0039  memory: 7172  loss: 1.6325  loss_ce: 1.6325
2025/06/22 22:50:16 - mmengine - INFO - Iter(train) [   152/140000]  lr: 1.0000e-03  eta: 14:25:16  time: 0.3597  data_time: 0.0039  memory: 7172  loss: 1.6352  loss_ce: 1.6352
2025/06/22 22:50:16 - mmengine - INFO - Iter(train) [   153/140000]  lr: 1.0000e-03  eta: 14:25:46  time: 0.3621  data_time: 0.0042  memory: 7172  loss: 1.6411  loss_ce: 1.6411
2025/06/22 22:50:17 - mmengine - INFO - Iter(train) [   154/140000]  lr: 1.0000e-03  eta: 14:26:08  time: 0.3614  data_time: 0.0042  memory: 7172  loss: 1.6371  loss_ce: 1.6371
2025/06/22 22:50:17 - mmengine - INFO - Iter(train) [   155/140000]  lr: 1.0000e-03  eta: 14:26:21  time: 0.3676  data_time: 0.0044  memory: 7172  loss: 1.6412  loss_ce: 1.6412
2025/06/22 22:50:17 - mmengine - INFO - Iter(train) [   156/140000]  lr: 1.0000e-03  eta: 14:25:34  time: 0.3621  data_time: 0.0043  memory: 7172  loss: 1.6434  loss_ce: 1.6434
2025/06/22 22:50:18 - mmengine - INFO - Iter(train) [   157/140000]  lr: 1.0000e-03  eta: 14:25:55  time: 0.3708  data_time: 0.0045  memory: 7172  loss: 1.6493  loss_ce: 1.6493
2025/06/22 22:50:18 - mmengine - INFO - Iter(train) [   158/140000]  lr: 1.0000e-03  eta: 14:26:08  time: 0.3695  data_time: 0.0047  memory: 7172  loss: 1.6580  loss_ce: 1.6580
2025/06/22 22:50:18 - mmengine - INFO - Iter(train) [   159/140000]  lr: 1.0000e-03  eta: 14:25:17  time: 0.3621  data_time: 0.0049  memory: 7172  loss: 1.6540  loss_ce: 1.6540
2025/06/22 22:50:19 - mmengine - INFO - Iter(train) [   160/140000]  lr: 1.0000e-03  eta: 14:25:28  time: 0.3683  data_time: 0.0047  memory: 7172  loss: 1.6511  loss_ce: 1.6511
2025/06/22 22:50:19 - mmengine - INFO - Iter(train) [   161/140000]  lr: 1.0000e-03  eta: 14:24:37  time: 0.3619  data_time: 0.0045  memory: 7172  loss: 1.6525  loss_ce: 1.6525
2025/06/22 22:50:19 - mmengine - INFO - Iter(train) [   162/140000]  lr: 1.0000e-03  eta: 14:24:56  time: 0.3694  data_time: 0.0044  memory: 7172  loss: 1.6488  loss_ce: 1.6488
2025/06/22 22:50:20 - mmengine - INFO - Iter(train) [   163/140000]  lr: 1.0000e-03  eta: 14:24:06  time: 0.3602  data_time: 0.0041  memory: 7172  loss: 1.6467  loss_ce: 1.6467
2025/06/22 22:50:20 - mmengine - INFO - Iter(train) [   164/140000]  lr: 1.0000e-03  eta: 14:24:12  time: 0.3584  data_time: 0.0040  memory: 7172  loss: 1.6541  loss_ce: 1.6541
2025/06/22 22:50:21 - mmengine - INFO - Iter(train) [   165/140000]  lr: 1.0000e-03  eta: 14:23:27  time: 0.3517  data_time: 0.0039  memory: 7172  loss: 1.6526  loss_ce: 1.6526
2025/06/22 22:50:21 - mmengine - INFO - Iter(train) [   166/140000]  lr: 1.0000e-03  eta: 14:22:28  time: 0.3498  data_time: 0.0037  memory: 7172  loss: 1.6538  loss_ce: 1.6538
2025/06/22 22:50:21 - mmengine - INFO - Iter(train) [   167/140000]  lr: 1.0000e-03  eta: 14:22:40  time: 0.3486  data_time: 0.0035  memory: 7172  loss: 1.6458  loss_ce: 1.6458
2025/06/22 22:50:22 - mmengine - INFO - Iter(train) [   168/140000]  lr: 1.0000e-03  eta: 14:21:54  time: 0.3415  data_time: 0.0034  memory: 7172  loss: 1.6431  loss_ce: 1.6431
2025/06/22 22:50:22 - mmengine - INFO - Iter(train) [   169/140000]  lr: 1.0000e-03  eta: 14:22:00  time: 0.3478  data_time: 0.0031  memory: 7172  loss: 1.6427  loss_ce: 1.6427
2025/06/22 22:50:22 - mmengine - INFO - Iter(train) [   170/140000]  lr: 1.0000e-03  eta: 14:21:09  time: 0.3402  data_time: 0.0032  memory: 7172  loss: 1.6446  loss_ce: 1.6446
2025/06/22 22:50:23 - mmengine - INFO - Iter(train) [   171/140000]  lr: 1.0000e-03  eta: 14:20:19  time: 0.3399  data_time: 0.0031  memory: 7172  loss: 1.6401  loss_ce: 1.6401
2025/06/22 22:50:23 - mmengine - INFO - Iter(train) [   172/140000]  lr: 1.0000e-03  eta: 14:20:41  time: 0.3402  data_time: 0.0032  memory: 7172  loss: 1.6407  loss_ce: 1.6407
2025/06/22 22:50:23 - mmengine - INFO - Iter(train) [   173/140000]  lr: 1.0000e-03  eta: 14:21:05  time: 0.3488  data_time: 0.0032  memory: 7172  loss: 1.6406  loss_ce: 1.6406
2025/06/22 22:50:24 - mmengine - INFO - Iter(train) [   174/140000]  lr: 1.0000e-03  eta: 14:20:13  time: 0.3416  data_time: 0.0032  memory: 7172  loss: 1.6387  loss_ce: 1.6387
2025/06/22 22:50:24 - mmengine - INFO - Iter(train) [   175/140000]  lr: 1.0000e-03  eta: 14:19:24  time: 0.3405  data_time: 0.0031  memory: 7172  loss: 1.6399  loss_ce: 1.6399
2025/06/22 22:50:24 - mmengine - INFO - Iter(train) [   176/140000]  lr: 1.0000e-03  eta: 14:19:34  time: 0.3485  data_time: 0.0031  memory: 7172  loss: 1.6376  loss_ce: 1.6376
2025/06/22 22:50:25 - mmengine - INFO - Iter(train) [   177/140000]  lr: 1.0000e-03  eta: 14:18:48  time: 0.3412  data_time: 0.0032  memory: 7172  loss: 1.6382  loss_ce: 1.6382
2025/06/22 22:50:25 - mmengine - INFO - Iter(train) [   178/140000]  lr: 1.0000e-03  eta: 14:19:11  time: 0.3495  data_time: 0.0033  memory: 7172  loss: 1.6355  loss_ce: 1.6355
2025/06/22 22:50:25 - mmengine - INFO - Iter(train) [   179/140000]  lr: 1.0000e-03  eta: 14:19:25  time: 0.3506  data_time: 0.0035  memory: 7172  loss: 1.6425  loss_ce: 1.6425
2025/06/22 22:50:26 - mmengine - INFO - Iter(train) [   180/140000]  lr: 1.0000e-03  eta: 14:18:40  time: 0.3508  data_time: 0.0035  memory: 7172  loss: 1.6370  loss_ce: 1.6370
2025/06/22 22:50:26 - mmengine - INFO - Iter(train) [   181/140000]  lr: 1.0000e-03  eta: 14:18:57  time: 0.3590  data_time: 0.0036  memory: 7172  loss: 1.6347  loss_ce: 1.6347
2025/06/22 22:50:26 - mmengine - INFO - Iter(train) [   182/140000]  lr: 1.0000e-03  eta: 14:18:15  time: 0.3508  data_time: 0.0035  memory: 7172  loss: 1.6493  loss_ce: 1.6493
2025/06/22 22:50:27 - mmengine - INFO - Iter(train) [   183/140000]  lr: 1.0000e-03  eta: 14:18:23  time: 0.3489  data_time: 0.0036  memory: 7172  loss: 1.6453  loss_ce: 1.6453
2025/06/22 22:50:27 - mmengine - INFO - Iter(train) [   184/140000]  lr: 1.0000e-03  eta: 14:17:45  time: 0.3501  data_time: 0.0037  memory: 7172  loss: 1.6370  loss_ce: 1.6370
2025/06/22 22:50:27 - mmengine - INFO - Iter(train) [   185/140000]  lr: 1.0000e-03  eta: 14:17:59  time: 0.3581  data_time: 0.0037  memory: 7172  loss: 1.6424  loss_ce: 1.6424
2025/06/22 22:50:28 - mmengine - INFO - Iter(train) [   186/140000]  lr: 1.0000e-03  eta: 14:17:24  time: 0.3521  data_time: 0.0039  memory: 7172  loss: 1.6457  loss_ce: 1.6457
2025/06/22 22:50:28 - mmengine - INFO - Iter(train) [   187/140000]  lr: 1.0000e-03  eta: 14:17:29  time: 0.3585  data_time: 0.0042  memory: 7172  loss: 1.6445  loss_ce: 1.6445
2025/06/22 22:50:29 - mmengine - INFO - Iter(train) [   188/140000]  lr: 1.0000e-03  eta: 14:16:47  time: 0.3499  data_time: 0.0040  memory: 7172  loss: 1.6412  loss_ce: 1.6412
2025/06/22 22:50:29 - mmengine - INFO - Iter(train) [   189/140000]  lr: 1.0000e-03  eta: 14:17:19  time: 0.3523  data_time: 0.0040  memory: 7172  loss: 1.6359  loss_ce: 1.6359
2025/06/22 22:50:29 - mmengine - INFO - Iter(train) [   190/140000]  lr: 1.0000e-03  eta: 14:17:31  time: 0.3597  data_time: 0.0040  memory: 7172  loss: 1.6368  loss_ce: 1.6368
2025/06/22 22:50:30 - mmengine - INFO - Iter(train) [   191/140000]  lr: 1.0000e-03  eta: 14:16:50  time: 0.3517  data_time: 0.0039  memory: 7172  loss: 1.6369  loss_ce: 1.6369
2025/06/22 22:50:30 - mmengine - INFO - Iter(train) [   192/140000]  lr: 1.0000e-03  eta: 14:17:04  time: 0.3591  data_time: 0.0040  memory: 7172  loss: 1.6274  loss_ce: 1.6274
2025/06/22 22:50:30 - mmengine - INFO - Iter(train) [   193/140000]  lr: 1.0000e-03  eta: 14:16:24  time: 0.3523  data_time: 0.0039  memory: 7172  loss: 1.6362  loss_ce: 1.6362
2025/06/22 22:50:31 - mmengine - INFO - Iter(train) [   194/140000]  lr: 1.0000e-03  eta: 14:16:38  time: 0.3594  data_time: 0.0039  memory: 7172  loss: 1.6492  loss_ce: 1.6492
2025/06/22 22:50:31 - mmengine - INFO - Iter(train) [   195/140000]  lr: 1.0000e-03  eta: 14:15:58  time: 0.3517  data_time: 0.0038  memory: 7172  loss: 1.6496  loss_ce: 1.6496
2025/06/22 22:50:31 - mmengine - INFO - Iter(train) [   196/140000]  lr: 1.0000e-03  eta: 14:16:06  time: 0.3576  data_time: 0.0035  memory: 7172  loss: 1.6491  loss_ce: 1.6491
2025/06/22 22:50:32 - mmengine - INFO - Iter(train) [   197/140000]  lr: 1.0000e-03  eta: 14:15:22  time: 0.3506  data_time: 0.0032  memory: 7172  loss: 1.6517  loss_ce: 1.6517
2025/06/22 22:50:32 - mmengine - INFO - Iter(train) [   198/140000]  lr: 1.0000e-03  eta: 14:15:50  time: 0.3601  data_time: 0.0034  memory: 7172  loss: 1.6555  loss_ce: 1.6555
2025/06/22 22:50:32 - mmengine - INFO - Iter(train) [   199/140000]  lr: 1.0000e-03  eta: 14:16:08  time: 0.3583  data_time: 0.0032  memory: 7172  loss: 1.6577  loss_ce: 1.6577
2025/06/22 22:50:33 - mmengine - INFO - Iter(train) [   200/140000]  lr: 1.0000e-03  eta: 14:16:10  time: 0.3570  data_time: 0.0033  memory: 7172  loss: 1.6574  loss_ce: 1.6574
2025/06/22 22:50:33 - mmengine - INFO - Iter(train) [   201/140000]  lr: 1.0000e-03  eta: 14:15:43  time: 0.3587  data_time: 0.0033  memory: 7172  loss: 1.6587  loss_ce: 1.6587
2025/06/22 22:50:34 - mmengine - INFO - Iter(train) [   202/140000]  lr: 1.0000e-03  eta: 14:15:08  time: 0.3515  data_time: 0.0032  memory: 7172  loss: 1.6543  loss_ce: 1.6543
2025/06/22 22:50:34 - mmengine - INFO - Iter(train) [   203/140000]  lr: 1.0000e-03  eta: 14:14:19  time: 0.3500  data_time: 0.0033  memory: 7172  loss: 1.6541  loss_ce: 1.6541
2025/06/22 22:50:34 - mmengine - INFO - Iter(train) [   204/140000]  lr: 1.0000e-03  eta: 14:13:32  time: 0.3410  data_time: 0.0033  memory: 7172  loss: 1.6473  loss_ce: 1.6473
2025/06/22 22:50:34 - mmengine - INFO - Iter(train) [   205/140000]  lr: 1.0000e-03  eta: 14:13:42  time: 0.3480  data_time: 0.0033  memory: 7172  loss: 1.6392  loss_ce: 1.6392
2025/06/22 22:50:35 - mmengine - INFO - Iter(train) [   206/140000]  lr: 1.0000e-03  eta: 14:13:11  time: 0.3421  data_time: 0.0036  memory: 7172  loss: 1.6444  loss_ce: 1.6444
2025/06/22 22:50:35 - mmengine - INFO - Iter(train) [   207/140000]  lr: 1.0000e-03  eta: 14:13:16  time: 0.3490  data_time: 0.0037  memory: 7172  loss: 1.6448  loss_ce: 1.6448
2025/06/22 22:50:36 - mmengine - INFO - Iter(train) [   208/140000]  lr: 1.0000e-03  eta: 14:12:44  time: 0.3402  data_time: 0.0036  memory: 7172  loss: 1.6420  loss_ce: 1.6420
2025/06/22 22:50:36 - mmengine - INFO - Iter(train) [   209/140000]  lr: 1.0000e-03  eta: 14:12:54  time: 0.3390  data_time: 0.0036  memory: 7172  loss: 1.6408  loss_ce: 1.6408
2025/06/22 22:50:36 - mmengine - INFO - Iter(train) [   210/140000]  lr: 1.0000e-03  eta: 14:12:21  time: 0.3336  data_time: 0.0037  memory: 7172  loss: 1.6404  loss_ce: 1.6404
2025/06/22 22:50:37 - mmengine - INFO - Iter(train) [   211/140000]  lr: 1.0000e-03  eta: 14:12:34  time: 0.3393  data_time: 0.0038  memory: 7172  loss: 1.6420  loss_ce: 1.6420
2025/06/22 22:50:37 - mmengine - INFO - Iter(train) [   212/140000]  lr: 1.0000e-03  eta: 14:12:00  time: 0.3391  data_time: 0.0038  memory: 7172  loss: 1.6458  loss_ce: 1.6458
2025/06/22 22:50:37 - mmengine - INFO - Iter(train) [   213/140000]  lr: 1.0000e-03  eta: 14:12:16  time: 0.3485  data_time: 0.0037  memory: 7172  loss: 1.6413  loss_ce: 1.6413
2025/06/22 22:50:38 - mmengine - INFO - Iter(train) [   214/140000]  lr: 1.0000e-03  eta: 14:11:43  time: 0.3501  data_time: 0.0037  memory: 7172  loss: 1.6374  loss_ce: 1.6374
2025/06/22 22:50:38 - mmengine - INFO - Iter(train) [   215/140000]  lr: 1.0000e-03  eta: 14:11:53  time: 0.3501  data_time: 0.0038  memory: 7172  loss: 1.6376  loss_ce: 1.6376
2025/06/22 22:50:38 - mmengine - INFO - Iter(train) [   216/140000]  lr: 1.0000e-03  eta: 14:11:16  time: 0.3491  data_time: 0.0036  memory: 7172  loss: 1.6374  loss_ce: 1.6374
2025/06/22 22:50:39 - mmengine - INFO - Iter(train) [   217/140000]  lr: 1.0000e-03  eta: 14:11:27  time: 0.3498  data_time: 0.0035  memory: 7172  loss: 1.6401  loss_ce: 1.6401
2025/06/22 22:50:39 - mmengine - INFO - Iter(train) [   218/140000]  lr: 1.0000e-03  eta: 14:10:54  time: 0.3494  data_time: 0.0036  memory: 7172  loss: 1.6419  loss_ce: 1.6419
2025/06/22 22:50:39 - mmengine - INFO - Iter(train) [   219/140000]  lr: 1.0000e-03  eta: 14:12:07  time: 0.3593  data_time: 0.0037  memory: 7172  loss: 1.6405  loss_ce: 1.6405
2025/06/22 22:50:40 - mmengine - INFO - Iter(train) [   220/140000]  lr: 1.0000e-03  eta: 14:11:39  time: 0.3597  data_time: 0.0035  memory: 7172  loss: 1.6410  loss_ce: 1.6410
2025/06/22 22:50:40 - mmengine - INFO - Iter(train) [   221/140000]  lr: 1.0000e-03  eta: 14:11:51  time: 0.3596  data_time: 0.0035  memory: 7172  loss: 1.6442  loss_ce: 1.6442
2025/06/22 22:50:41 - mmengine - INFO - Iter(train) [   222/140000]  lr: 1.0000e-03  eta: 14:11:18  time: 0.3597  data_time: 0.0035  memory: 7172  loss: 1.6403  loss_ce: 1.6403
2025/06/22 22:50:41 - mmengine - INFO - Iter(train) [   223/140000]  lr: 1.0000e-03  eta: 14:10:46  time: 0.3520  data_time: 0.0036  memory: 7172  loss: 1.6424  loss_ce: 1.6424
2025/06/22 22:50:41 - mmengine - INFO - Iter(train) [   224/140000]  lr: 1.0000e-03  eta: 14:10:48  time: 0.3575  data_time: 0.0036  memory: 7172  loss: 1.6440  loss_ce: 1.6440
2025/06/22 22:50:42 - mmengine - INFO - Iter(train) [   225/140000]  lr: 1.0000e-03  eta: 14:10:18  time: 0.3510  data_time: 0.0036  memory: 7172  loss: 1.6479  loss_ce: 1.6479
2025/06/22 22:50:42 - mmengine - INFO - Iter(train) [   226/140000]  lr: 1.0000e-03  eta: 14:10:29  time: 0.3583  data_time: 0.0036  memory: 7172  loss: 1.6398  loss_ce: 1.6398
2025/06/22 22:50:42 - mmengine - INFO - Iter(train) [   227/140000]  lr: 1.0000e-03  eta: 14:09:57  time: 0.3515  data_time: 0.0036  memory: 7172  loss: 1.6341  loss_ce: 1.6341
2025/06/22 22:50:43 - mmengine - INFO - Iter(train) [   228/140000]  lr: 1.0000e-03  eta: 14:09:25  time: 0.3512  data_time: 0.0034  memory: 7172  loss: 1.6341  loss_ce: 1.6341
2025/06/22 22:50:43 - mmengine - INFO - Iter(train) [   229/140000]  lr: 1.0000e-03  eta: 14:08:59  time: 0.3355  data_time: 0.0033  memory: 7172  loss: 1.6325  loss_ce: 1.6325
2025/06/22 22:50:43 - mmengine - INFO - Iter(train) [   230/140000]  lr: 1.0000e-03  eta: 14:09:00  time: 0.3401  data_time: 0.0035  memory: 7172  loss: 1.6317  loss_ce: 1.6317
2025/06/22 22:50:44 - mmengine - INFO - Iter(train) [   231/140000]  lr: 1.0000e-03  eta: 14:09:13  time: 0.3401  data_time: 0.0037  memory: 7172  loss: 1.6289  loss_ce: 1.6289
2025/06/22 22:50:44 - mmengine - INFO - Iter(train) [   232/140000]  lr: 1.0000e-03  eta: 14:08:43  time: 0.3402  data_time: 0.0039  memory: 7172  loss: 1.6398  loss_ce: 1.6398
2025/06/22 22:50:44 - mmengine - INFO - Iter(train) [   233/140000]  lr: 1.0000e-03  eta: 14:08:54  time: 0.3471  data_time: 0.0038  memory: 7172  loss: 1.6361  loss_ce: 1.6361
2025/06/22 22:50:45 - mmengine - INFO - Iter(train) [   234/140000]  lr: 1.0000e-03  eta: 14:08:26  time: 0.3420  data_time: 0.0040  memory: 7172  loss: 1.6385  loss_ce: 1.6385
2025/06/22 22:50:45 - mmengine - INFO - Iter(train) [   235/140000]  lr: 1.0000e-03  eta: 14:08:34  time: 0.3481  data_time: 0.0041  memory: 7172  loss: 1.6445  loss_ce: 1.6445
2025/06/22 22:50:45 - mmengine - INFO - Iter(train) [   236/140000]  lr: 1.0000e-03  eta: 14:08:01  time: 0.3407  data_time: 0.0041  memory: 7172  loss: 1.6488  loss_ce: 1.6488
2025/06/22 22:50:46 - mmengine - INFO - Iter(train) [   237/140000]  lr: 1.0000e-03  eta: 14:07:34  time: 0.3413  data_time: 0.0043  memory: 7172  loss: 1.6551  loss_ce: 1.6551
2025/06/22 22:50:46 - mmengine - INFO - Iter(train) [   238/140000]  lr: 1.0000e-03  eta: 14:07:39  time: 0.3472  data_time: 0.0045  memory: 7172  loss: 1.6534  loss_ce: 1.6534
2025/06/22 22:50:46 - mmengine - INFO - Iter(train) [   239/140000]  lr: 1.0000e-03  eta: 14:07:11  time: 0.3467  data_time: 0.0047  memory: 7172  loss: 1.6579  loss_ce: 1.6579
2025/06/22 22:50:47 - mmengine - INFO - Iter(train) [   240/140000]  lr: 1.0000e-03  eta: 14:07:24  time: 0.3485  data_time: 0.0044  memory: 7172  loss: 1.6583  loss_ce: 1.6583
2025/06/22 22:50:47 - mmengine - INFO - Iter(train) [   241/140000]  lr: 1.0000e-03  eta: 14:06:54  time: 0.3413  data_time: 0.0043  memory: 7172  loss: 1.6612  loss_ce: 1.6612
2025/06/22 22:50:47 - mmengine - INFO - Iter(train) [   242/140000]  lr: 1.0000e-03  eta: 14:07:09  time: 0.3487  data_time: 0.0043  memory: 7172  loss: 1.6538  loss_ce: 1.6538
2025/06/22 22:50:48 - mmengine - INFO - Iter(train) [   243/140000]  lr: 1.0000e-03  eta: 14:06:38  time: 0.3415  data_time: 0.0043  memory: 7172  loss: 1.6513  loss_ce: 1.6513
2025/06/22 22:50:48 - mmengine - INFO - Iter(train) [   244/140000]  lr: 1.0000e-03  eta: 14:06:59  time: 0.3496  data_time: 0.0042  memory: 7172  loss: 1.6488  loss_ce: 1.6488
2025/06/22 22:50:48 - mmengine - INFO - Iter(train) [   245/140000]  lr: 1.0000e-03  eta: 14:07:12  time: 0.3505  data_time: 0.0042  memory: 7172  loss: 1.6432  loss_ce: 1.6432
2025/06/22 22:50:49 - mmengine - INFO - Iter(train) [   246/140000]  lr: 1.0000e-03  eta: 14:06:40  time: 0.3504  data_time: 0.0042  memory: 7172  loss: 1.6409  loss_ce: 1.6409
2025/06/22 22:50:49 - mmengine - INFO - Iter(train) [   247/140000]  lr: 1.0000e-03  eta: 14:06:08  time: 0.3493  data_time: 0.0041  memory: 7172  loss: 1.6319  loss_ce: 1.6319
2025/06/22 22:50:49 - mmengine - INFO - Iter(train) [   248/140000]  lr: 1.0000e-03  eta: 14:06:19  time: 0.3504  data_time: 0.0038  memory: 7172  loss: 1.6315  loss_ce: 1.6315
2025/06/22 22:50:50 - mmengine - INFO - Iter(train) [   249/140000]  lr: 1.0000e-03  eta: 14:05:48  time: 0.3495  data_time: 0.0036  memory: 7172  loss: 1.6270  loss_ce: 1.6270
2025/06/22 22:50:50 - mmengine - INFO - Iter(train) [   250/140000]  lr: 1.0000e-03  eta: 14:06:06  time: 0.3505  data_time: 0.0038  memory: 7172  loss: 1.6340  loss_ce: 1.6340
2025/06/22 22:50:51 - mmengine - INFO - Iter(train) [   251/140000]  lr: 1.0000e-03  eta: 14:05:34  time: 0.3499  data_time: 0.0037  memory: 7172  loss: 1.6371  loss_ce: 1.6371
2025/06/22 22:50:51 - mmengine - INFO - Iter(train) [   252/140000]  lr: 1.0000e-03  eta: 14:05:49  time: 0.3499  data_time: 0.0035  memory: 7172  loss: 1.6398  loss_ce: 1.6398
2025/06/22 22:50:51 - mmengine - INFO - Iter(train) [   253/140000]  lr: 1.0000e-03  eta: 14:05:20  time: 0.3500  data_time: 0.0034  memory: 7172  loss: 1.6454  loss_ce: 1.6454
2025/06/22 22:50:52 - mmengine - INFO - Iter(train) [   254/140000]  lr: 1.0000e-03  eta: 14:05:35  time: 0.3492  data_time: 0.0033  memory: 7172  loss: 1.6487  loss_ce: 1.6487
2025/06/22 22:50:52 - mmengine - INFO - Iter(train) [   255/140000]  lr: 1.0000e-03  eta: 14:05:50  time: 0.3494  data_time: 0.0030  memory: 7172  loss: 1.6456  loss_ce: 1.6456
2025/06/22 22:50:52 - mmengine - INFO - Iter(train) [   256/140000]  lr: 1.0000e-03  eta: 14:05:23  time: 0.3500  data_time: 0.0030  memory: 7172  loss: 1.6447  loss_ce: 1.6447
2025/06/22 22:50:53 - mmengine - INFO - Iter(train) [   257/140000]  lr: 1.0000e-03  eta: 14:04:54  time: 0.3504  data_time: 0.0030  memory: 7172  loss: 1.6456  loss_ce: 1.6456
2025/06/22 22:50:53 - mmengine - INFO - Iter(train) [   258/140000]  lr: 1.0000e-03  eta: 14:05:07  time: 0.3507  data_time: 0.0030  memory: 7172  loss: 1.6503  loss_ce: 1.6503
2025/06/22 22:50:53 - mmengine - INFO - Iter(train) [   259/140000]  lr: 1.0000e-03  eta: 14:04:44  time: 0.3519  data_time: 0.0032  memory: 7172  loss: 1.6541  loss_ce: 1.6541
2025/06/22 22:50:54 - mmengine - INFO - Iter(train) [   260/140000]  lr: 1.0000e-03  eta: 14:04:55  time: 0.3508  data_time: 0.0033  memory: 7172  loss: 1.6456  loss_ce: 1.6456
2025/06/22 22:50:54 - mmengine - INFO - Iter(train) [   261/140000]  lr: 1.0000e-03  eta: 14:04:37  time: 0.3531  data_time: 0.0035  memory: 7172  loss: 1.6385  loss_ce: 1.6385
2025/06/22 22:50:54 - mmengine - INFO - Iter(train) [   262/140000]  lr: 1.0000e-03  eta: 14:04:34  time: 0.3497  data_time: 0.0038  memory: 7172  loss: 1.6374  loss_ce: 1.6374
2025/06/22 22:50:55 - mmengine - INFO - Iter(train) [   263/140000]  lr: 1.0000e-03  eta: 14:04:05  time: 0.3495  data_time: 0.0039  memory: 7172  loss: 1.6333  loss_ce: 1.6333
2025/06/22 22:50:55 - mmengine - INFO - Iter(train) [   264/140000]  lr: 1.0000e-03  eta: 14:03:39  time: 0.3417  data_time: 0.0041  memory: 7172  loss: 1.6331  loss_ce: 1.6331
2025/06/22 22:50:55 - mmengine - INFO - Iter(train) [   265/140000]  lr: 1.0000e-03  eta: 14:03:05  time: 0.3326  data_time: 0.0043  memory: 7172  loss: 1.6341  loss_ce: 1.6341
2025/06/22 22:50:56 - mmengine - INFO - Iter(train) [   266/140000]  lr: 1.0000e-03  eta: 14:03:15  time: 0.3394  data_time: 0.0044  memory: 7172  loss: 1.6330  loss_ce: 1.6330
2025/06/22 22:50:56 - mmengine - INFO - Iter(train) [   267/140000]  lr: 1.0000e-03  eta: 14:02:51  time: 0.3399  data_time: 0.0046  memory: 7172  loss: 1.6431  loss_ce: 1.6431
2025/06/22 22:50:56 - mmengine - INFO - Iter(train) [   268/140000]  lr: 1.0000e-03  eta: 14:02:23  time: 0.3322  data_time: 0.0047  memory: 7172  loss: 1.6399  loss_ce: 1.6399
2025/06/22 22:50:57 - mmengine - INFO - Iter(train) [   269/140000]  lr: 1.0000e-03  eta: 14:01:48  time: 0.3297  data_time: 0.0046  memory: 7172  loss: 1.6414  loss_ce: 1.6414
2025/06/22 22:50:57 - mmengine - INFO - Iter(train) [   270/140000]  lr: 1.0000e-03  eta: 14:01:53  time: 0.3283  data_time: 0.0044  memory: 7172  loss: 1.6417  loss_ce: 1.6417
2025/06/22 22:50:57 - mmengine - INFO - Iter(train) [   271/140000]  lr: 1.0000e-03  eta: 14:01:27  time: 0.3264  data_time: 0.0043  memory: 7172  loss: 1.6401  loss_ce: 1.6401
2025/06/22 22:50:58 - mmengine - INFO - Iter(train) [   272/140000]  lr: 1.0000e-03  eta: 14:01:03  time: 0.3224  data_time: 0.0040  memory: 7172  loss: 1.6437  loss_ce: 1.6437
2025/06/22 22:50:58 - mmengine - INFO - Iter(train) [   273/140000]  lr: 1.0000e-03  eta: 14:00:33  time: 0.3217  data_time: 0.0040  memory: 7172  loss: 1.6465  loss_ce: 1.6465
2025/06/22 22:50:58 - mmengine - INFO - Iter(train) [   274/140000]  lr: 1.0000e-03  eta: 14:00:02  time: 0.3204  data_time: 0.0040  memory: 7172  loss: 1.6469  loss_ce: 1.6469
2025/06/22 22:50:59 - mmengine - INFO - Iter(train) [   275/140000]  lr: 1.0000e-03  eta: 13:59:29  time: 0.3201  data_time: 0.0039  memory: 7172  loss: 1.6524  loss_ce: 1.6524
2025/06/22 22:50:59 - mmengine - INFO - Iter(train) [   276/140000]  lr: 1.0000e-03  eta: 13:58:59  time: 0.3123  data_time: 0.0039  memory: 7172  loss: 1.6552  loss_ce: 1.6552
2025/06/22 22:50:59 - mmengine - INFO - Iter(train) [   277/140000]  lr: 1.0000e-03  eta: 13:58:26  time: 0.3102  data_time: 0.0038  memory: 7172  loss: 1.6453  loss_ce: 1.6453
2025/06/22 22:50:59 - mmengine - INFO - Iter(train) [   278/140000]  lr: 1.0000e-03  eta: 13:57:55  time: 0.3091  data_time: 0.0037  memory: 7172  loss: 1.6487  loss_ce: 1.6487
2025/06/22 22:51:00 - mmengine - INFO - Iter(train) [   279/140000]  lr: 1.0000e-03  eta: 13:57:26  time: 0.3099  data_time: 0.0037  memory: 7172  loss: 1.6475  loss_ce: 1.6475
2025/06/22 22:51:00 - mmengine - INFO - Exp name: cfg_vdd_20250622_224914
2025/06/22 22:51:00 - mmengine - INFO - Iter(train) [   280/140000]  lr: 1.0000e-03  eta: 13:56:56  time: 0.3026  data_time: 0.0036  memory: 7172  loss: 1.6532  loss_ce: 1.6532
2025/06/22 22:51:01 - mmengine - INFO - Iter(train) [   281/140000]  lr: 1.0000e-03  eta: 13:58:54  time: 0.3313  data_time: 0.0318  memory: 7172  loss: 1.6597  loss_ce: 1.6597
2025/06/22 22:51:01 - mmengine - INFO - Iter(train) [   282/140000]  lr: 1.0000e-03  eta: 13:58:23  time: 0.3295  data_time: 0.0318  memory: 7172  loss: 1.6531  loss_ce: 1.6531
2025/06/22 22:51:01 - mmengine - INFO - Iter(train) [   283/140000]  lr: 1.0000e-03  eta: 13:58:35  time: 0.3377  data_time: 0.0316  memory: 7172  loss: 1.6536  loss_ce: 1.6536
2025/06/22 22:51:02 - mmengine - INFO - Iter(train) [   284/140000]  lr: 1.0000e-03  eta: 13:58:19  time: 0.3405  data_time: 0.0314  memory: 7172  loss: 1.6488  loss_ce: 1.6488
2025/06/22 22:51:02 - mmengine - INFO - Iter(train) [   285/140000]  lr: 1.0000e-03  eta: 13:58:24  time: 0.3481  data_time: 0.0315  memory: 7172  loss: 1.6411  loss_ce: 1.6411
2025/06/22 22:51:02 - mmengine - INFO - Iter(train) [   286/140000]  lr: 1.0000e-03  eta: 13:57:57  time: 0.3482  data_time: 0.0313  memory: 7172  loss: 1.6445  loss_ce: 1.6445
2025/06/22 22:51:03 - mmengine - INFO - Iter(train) [   287/140000]  lr: 1.0000e-03  eta: 13:58:09  time: 0.3573  data_time: 0.0311  memory: 7172  loss: 1.6454  loss_ce: 1.6454
2025/06/22 22:51:03 - mmengine - INFO - Iter(train) [   288/140000]  lr: 1.0000e-03  eta: 13:57:46  time: 0.3588  data_time: 0.0310  memory: 7172  loss: 1.6441  loss_ce: 1.6441
2025/06/22 22:51:03 - mmengine - INFO - Iter(train) [   289/140000]  lr: 1.0000e-03  eta: 13:58:06  time: 0.3686  data_time: 0.0313  memory: 7172  loss: 1.6416  loss_ce: 1.6416
2025/06/22 22:51:04 - mmengine - INFO - Iter(train) [   290/140000]  lr: 1.0000e-03  eta: 13:58:19  time: 0.3775  data_time: 0.0312  memory: 7172  loss: 1.6437  loss_ce: 1.6437
2025/06/22 22:51:04 - mmengine - INFO - Iter(train) [   291/140000]  lr: 1.0000e-03  eta: 13:57:55  time: 0.3488  data_time: 0.0031  memory: 7172  loss: 1.6385  loss_ce: 1.6385
2025/06/22 22:51:05 - mmengine - INFO - Iter(train) [   292/140000]  lr: 1.0000e-03  eta: 13:58:15  time: 0.3591  data_time: 0.0031  memory: 7172  loss: 1.6380  loss_ce: 1.6380
2025/06/22 22:51:05 - mmengine - INFO - Iter(train) [   293/140000]  lr: 1.0000e-03  eta: 13:59:25  time: 0.3713  data_time: 0.0033  memory: 7172  loss: 1.6385  loss_ce: 1.6385
2025/06/22 22:51:05 - mmengine - INFO - Iter(train) [   294/140000]  lr: 1.0000e-03  eta: 13:59:43  time: 0.3785  data_time: 0.0035  memory: 7172  loss: 1.6419  loss_ce: 1.6419
2025/06/22 22:51:06 - mmengine - INFO - Iter(train) [   295/140000]  lr: 1.0000e-03  eta: 13:59:58  time: 0.3807  data_time: 0.0033  memory: 7172  loss: 1.6467  loss_ce: 1.6467
2025/06/22 22:51:06 - mmengine - INFO - Iter(train) [   296/140000]  lr: 1.0000e-03  eta: 14:00:16  time: 0.3902  data_time: 0.0038  memory: 7172  loss: 1.6410  loss_ce: 1.6410
2025/06/22 22:51:07 - mmengine - INFO - Iter(train) [   297/140000]  lr: 1.0000e-03  eta: 14:00:35  time: 0.3916  data_time: 0.0039  memory: 7172  loss: 1.6413  loss_ce: 1.6413
2025/06/22 22:51:07 - mmengine - INFO - Iter(train) [   298/140000]  lr: 1.0000e-03  eta: 14:00:53  time: 0.4005  data_time: 0.0042  memory: 7172  loss: 1.6368  loss_ce: 1.6368
2025/06/22 22:51:07 - mmengine - INFO - Iter(train) [   299/140000]  lr: 1.0000e-03  eta: 14:01:08  time: 0.3996  data_time: 0.0038  memory: 7172  loss: 1.6353  loss_ce: 1.6353
2025/06/22 22:51:08 - mmengine - INFO - Iter(train) [   300/140000]  lr: 1.0000e-03  eta: 14:00:45  time: 0.3920  data_time: 0.0040  memory: 7172  loss: 1.6275  loss_ce: 1.6275
2025/06/22 22:51:08 - mmengine - INFO - Iter(train) [   301/140000]  lr: 1.0000e-03  eta: 14:00:55  time: 0.3995  data_time: 0.0039  memory: 7172  loss: 1.6314  loss_ce: 1.6314
2025/06/22 22:51:08 - mmengine - INFO - Iter(train) [   302/140000]  lr: 1.0000e-03  eta: 14:01:12  time: 0.3990  data_time: 0.0038  memory: 7172  loss: 1.6286  loss_ce: 1.6286
2025/06/22 22:51:09 - mmengine - INFO - Iter(train) [   303/140000]  lr: 1.0000e-03  eta: 14:00:47  time: 0.3791  data_time: 0.0037  memory: 7172  loss: 1.6285  loss_ce: 1.6285
2025/06/22 22:51:09 - mmengine - INFO - Iter(train) [   304/140000]  lr: 1.0000e-03  eta: 14:01:05  time: 0.3793  data_time: 0.0035  memory: 7172  loss: 1.6260  loss_ce: 1.6260
2025/06/22 22:51:10 - mmengine - INFO - Iter(train) [   305/140000]  lr: 1.0000e-03  eta: 14:01:21  time: 0.3796  data_time: 0.0037  memory: 7172  loss: 1.6232  loss_ce: 1.6232
2025/06/22 22:51:10 - mmengine - INFO - Iter(train) [   306/140000]  lr: 1.0000e-03  eta: 14:01:41  time: 0.3801  data_time: 0.0036  memory: 7172  loss: 1.6246  loss_ce: 1.6246
2025/06/22 22:51:10 - mmengine - INFO - Iter(train) [   307/140000]  lr: 1.0000e-03  eta: 14:01:55  time: 0.3795  data_time: 0.0038  memory: 7172  loss: 1.6316  loss_ce: 1.6316
2025/06/22 22:51:11 - mmengine - INFO - Iter(train) [   308/140000]  lr: 1.0000e-03  eta: 14:02:11  time: 0.3792  data_time: 0.0039  memory: 7172  loss: 1.6285  loss_ce: 1.6285
2025/06/22 22:51:11 - mmengine - INFO - Iter(train) [   309/140000]  lr: 1.0000e-03  eta: 14:01:51  time: 0.3715  data_time: 0.0039  memory: 7172  loss: 1.6265  loss_ce: 1.6265
2025/06/22 22:51:12 - mmengine - INFO - Iter(train) [   310/140000]  lr: 1.0000e-03  eta: 14:02:47  time: 0.3890  data_time: 0.0038  memory: 7172  loss: 1.6288  loss_ce: 1.6288
2025/06/22 22:51:12 - mmengine - INFO - Iter(train) [   311/140000]  lr: 1.0000e-03  eta: 14:02:23  time: 0.3814  data_time: 0.0038  memory: 7172  loss: 1.6286  loss_ce: 1.6286
2025/06/22 22:51:12 - mmengine - INFO - Iter(train) [   312/140000]  lr: 1.0000e-03  eta: 14:02:30  time: 0.3797  data_time: 0.0038  memory: 7172  loss: 1.6311  loss_ce: 1.6311
2025/06/22 22:51:13 - mmengine - INFO - Iter(train) [   313/140000]  lr: 1.0000e-03  eta: 14:02:46  time: 0.3885  data_time: 0.0039  memory: 7172  loss: 1.6302  loss_ce: 1.6302
2025/06/22 22:51:13 - mmengine - INFO - Iter(train) [   314/140000]  lr: 1.0000e-03  eta: 14:02:25  time: 0.3800  data_time: 0.0040  memory: 7172  loss: 1.6316  loss_ce: 1.6316
2025/06/22 22:51:13 - mmengine - INFO - Iter(train) [   315/140000]  lr: 1.0000e-03  eta: 14:02:00  time: 0.3710  data_time: 0.0039  memory: 7172  loss: 1.6305  loss_ce: 1.6305
2025/06/22 22:51:14 - mmengine - INFO - Iter(train) [   316/140000]  lr: 1.0000e-03  eta: 14:02:04  time: 0.3677  data_time: 0.0036  memory: 7172  loss: 1.6348  loss_ce: 1.6348
2025/06/22 22:51:14 - mmengine - INFO - Iter(train) [   317/140000]  lr: 1.0000e-03  eta: 14:01:38  time: 0.3585  data_time: 0.0035  memory: 7172  loss: 1.6349  loss_ce: 1.6349
2025/06/22 22:51:14 - mmengine - INFO - Iter(train) [   318/140000]  lr: 1.0000e-03  eta: 14:01:17  time: 0.3502  data_time: 0.0035  memory: 7172  loss: 1.6415  loss_ce: 1.6415
2025/06/22 22:51:15 - mmengine - INFO - Iter(train) [   319/140000]  lr: 1.0000e-03  eta: 14:00:56  time: 0.3499  data_time: 0.0035  memory: 7172  loss: 1.6427  loss_ce: 1.6427
2025/06/22 22:51:15 - mmengine - INFO - Iter(train) [   320/140000]  lr: 1.0000e-03  eta: 14:00:31  time: 0.3316  data_time: 0.0036  memory: 7172  loss: 1.6464  loss_ce: 1.6464
2025/06/22 22:51:15 - mmengine - INFO - Iter(train) [   321/140000]  lr: 1.0000e-03  eta: 14:00:03  time: 0.3305  data_time: 0.0037  memory: 7172  loss: 1.6436  loss_ce: 1.6436
2025/06/22 22:51:16 - mmengine - INFO - Iter(train) [   322/140000]  lr: 1.0000e-03  eta: 14:00:08  time: 0.3299  data_time: 0.0039  memory: 7172  loss: 1.6455  loss_ce: 1.6455
2025/06/22 22:51:16 - mmengine - INFO - Iter(train) [   323/140000]  lr: 1.0000e-03  eta: 13:59:48  time: 0.3218  data_time: 0.0041  memory: 7172  loss: 1.6460  loss_ce: 1.6460
2025/06/22 22:51:16 - mmengine - INFO - Iter(train) [   324/140000]  lr: 1.0000e-03  eta: 13:59:26  time: 0.3214  data_time: 0.0042  memory: 7172  loss: 1.6508  loss_ce: 1.6508
2025/06/22 22:51:17 - mmengine - INFO - Iter(train) [   325/140000]  lr: 1.0000e-03  eta: 13:59:00  time: 0.3206  data_time: 0.0044  memory: 7172  loss: 1.6484  loss_ce: 1.6484
2025/06/22 22:51:17 - mmengine - INFO - Iter(train) [   326/140000]  lr: 1.0000e-03  eta: 13:58:35  time: 0.3138  data_time: 0.0046  memory: 7172  loss: 1.6492  loss_ce: 1.6492
2025/06/22 22:51:17 - mmengine - INFO - Iter(train) [   327/140000]  lr: 1.0000e-03  eta: 13:58:08  time: 0.3134  data_time: 0.0047  memory: 7172  loss: 1.6457  loss_ce: 1.6457
2025/06/22 22:51:17 - mmengine - INFO - Iter(train) [   328/140000]  lr: 1.0000e-03  eta: 13:58:15  time: 0.3194  data_time: 0.0046  memory: 7172  loss: 1.6410  loss_ce: 1.6410
2025/06/22 22:51:18 - mmengine - INFO - Iter(train) [   329/140000]  lr: 1.0000e-03  eta: 13:57:55  time: 0.3194  data_time: 0.0048  memory: 7172  loss: 1.6426  loss_ce: 1.6426
2025/06/22 22:51:18 - mmengine - INFO - Iter(train) [   330/140000]  lr: 1.0000e-03  eta: 13:58:10  time: 0.3286  data_time: 0.0048  memory: 7172  loss: 1.6424  loss_ce: 1.6424
2025/06/22 22:51:19 - mmengine - INFO - Iter(train) [   331/140000]  lr: 1.0000e-03  eta: 13:57:52  time: 0.3306  data_time: 0.0049  memory: 7172  loss: 1.6435  loss_ce: 1.6435
2025/06/22 22:51:19 - mmengine - INFO - Iter(train) [   332/140000]  lr: 1.0000e-03  eta: 13:57:57  time: 0.3306  data_time: 0.0049  memory: 7172  loss: 1.6400  loss_ce: 1.6400
2025/06/22 22:51:19 - mmengine - INFO - Iter(train) [   333/140000]  lr: 1.0000e-03  eta: 13:57:40  time: 0.3311  data_time: 0.0047  memory: 7172  loss: 1.6383  loss_ce: 1.6383
2025/06/22 22:51:20 - mmengine - INFO - Iter(train) [   334/140000]  lr: 1.0000e-03  eta: 13:57:14  time: 0.3298  data_time: 0.0045  memory: 7172  loss: 1.6312  loss_ce: 1.6312
2025/06/22 22:51:20 - mmengine - INFO - Iter(train) [   335/140000]  lr: 1.0000e-03  eta: 13:57:23  time: 0.3380  data_time: 0.0044  memory: 7172  loss: 1.6331  loss_ce: 1.6331
2025/06/22 22:51:20 - mmengine - INFO - Iter(train) [   336/140000]  lr: 1.0000e-03  eta: 13:57:40  time: 0.3478  data_time: 0.0042  memory: 7172  loss: 1.6299  loss_ce: 1.6299
2025/06/22 22:51:21 - mmengine - INFO - Iter(train) [   337/140000]  lr: 1.0000e-03  eta: 13:57:19  time: 0.3489  data_time: 0.0041  memory: 7172  loss: 1.6331  loss_ce: 1.6331
2025/06/22 22:51:21 - mmengine - INFO - Iter(train) [   338/140000]  lr: 1.0000e-03  eta: 13:57:33  time: 0.3509  data_time: 0.0042  memory: 7172  loss: 1.6407  loss_ce: 1.6407
2025/06/22 22:51:21 - mmengine - INFO - Iter(train) [   339/140000]  lr: 1.0000e-03  eta: 13:57:44  time: 0.3582  data_time: 0.0043  memory: 7172  loss: 1.6467  loss_ce: 1.6467
2025/06/22 22:51:22 - mmengine - INFO - Iter(train) [   340/140000]  lr: 1.0000e-03  eta: 13:57:32  time: 0.3519  data_time: 0.0044  memory: 7172  loss: 1.6423  loss_ce: 1.6423
2025/06/22 22:51:22 - mmengine - INFO - Iter(train) [   341/140000]  lr: 1.0000e-03  eta: 13:57:38  time: 0.3574  data_time: 0.0044  memory: 7172  loss: 1.6412  loss_ce: 1.6412
2025/06/22 22:51:22 - mmengine - INFO - Iter(train) [   342/140000]  lr: 1.0000e-03  eta: 13:57:20  time: 0.3517  data_time: 0.0042  memory: 7172  loss: 1.6414  loss_ce: 1.6414
2025/06/22 22:51:23 - mmengine - INFO - Iter(train) [   343/140000]  lr: 1.0000e-03  eta: 13:57:28  time: 0.3578  data_time: 0.0042  memory: 7172  loss: 1.6442  loss_ce: 1.6442
2025/06/22 22:51:23 - mmengine - INFO - Iter(train) [   344/140000]  lr: 1.0000e-03  eta: 13:57:10  time: 0.3596  data_time: 0.0043  memory: 7172  loss: 1.6515  loss_ce: 1.6515
2025/06/22 22:51:23 - mmengine - INFO - Iter(train) [   345/140000]  lr: 1.0000e-03  eta: 13:57:22  time: 0.3603  data_time: 0.0043  memory: 7172  loss: 1.6573  loss_ce: 1.6573
2025/06/22 22:51:24 - mmengine - INFO - Iter(train) [   346/140000]  lr: 1.0000e-03  eta: 13:57:00  time: 0.3508  data_time: 0.0043  memory: 7172  loss: 1.6566  loss_ce: 1.6566
2025/06/22 22:51:24 - mmengine - INFO - Iter(train) [   347/140000]  lr: 1.0000e-03  eta: 13:57:09  time: 0.3582  data_time: 0.0043  memory: 7172  loss: 1.6535  loss_ce: 1.6535
2025/06/22 22:51:25 - mmengine - INFO - Iter(train) [   348/140000]  lr: 1.0000e-03  eta: 13:56:51  time: 0.3502  data_time: 0.0042  memory: 7172  loss: 1.6511  loss_ce: 1.6511
2025/06/22 22:51:25 - mmengine - INFO - Iter(train) [   349/140000]  lr: 1.0000e-03  eta: 13:57:00  time: 0.3498  data_time: 0.0039  memory: 7172  loss: 1.6477  loss_ce: 1.6477
2025/06/22 22:51:25 - mmengine - INFO - Iter(train) [   350/140000]  lr: 1.0000e-03  eta: 13:56:39  time: 0.3473  data_time: 0.0037  memory: 7172  loss: 1.6504  loss_ce: 1.6504
2025/06/22 22:51:26 - mmengine - INFO - Iter(train) [   351/140000]  lr: 1.0000e-03  eta: 13:56:22  time: 0.3418  data_time: 0.0037  memory: 7172  loss: 1.6461  loss_ce: 1.6461
2025/06/22 22:51:26 - mmengine - INFO - Iter(train) [   352/140000]  lr: 1.0000e-03  eta: 13:55:59  time: 0.3402  data_time: 0.0037  memory: 7172  loss: 1.6458  loss_ce: 1.6458
2025/06/22 22:51:26 - mmengine - INFO - Iter(train) [   353/140000]  lr: 1.0000e-03  eta: 13:55:35  time: 0.3321  data_time: 0.0038  memory: 7172  loss: 1.6458  loss_ce: 1.6458
2025/06/22 22:51:26 - mmengine - INFO - Iter(train) [   354/140000]  lr: 1.0000e-03  eta: 13:55:41  time: 0.3380  data_time: 0.0039  memory: 7172  loss: 1.6384  loss_ce: 1.6384
2025/06/22 22:51:27 - mmengine - INFO - Iter(train) [   355/140000]  lr: 1.0000e-03  eta: 13:55:23  time: 0.3304  data_time: 0.0040  memory: 7172  loss: 1.6348  loss_ce: 1.6348
2025/06/22 22:51:27 - mmengine - INFO - Iter(train) [   356/140000]  lr: 1.0000e-03  eta: 13:55:31  time: 0.3378  data_time: 0.0041  memory: 7172  loss: 1.6300  loss_ce: 1.6300
2025/06/22 22:51:28 - mmengine - INFO - Iter(train) [   357/140000]  lr: 1.0000e-03  eta: 13:55:15  time: 0.3315  data_time: 0.0043  memory: 7172  loss: 1.6287  loss_ce: 1.6287
2025/06/22 22:51:28 - mmengine - INFO - Iter(train) [   358/140000]  lr: 1.0000e-03  eta: 13:55:24  time: 0.3382  data_time: 0.0043  memory: 7172  loss: 1.6226  loss_ce: 1.6226
2025/06/22 22:51:28 - mmengine - INFO - Iter(train) [   359/140000]  lr: 1.0000e-03  eta: 13:55:02  time: 0.3300  data_time: 0.0042  memory: 7172  loss: 1.6159  loss_ce: 1.6159
2025/06/22 22:51:29 - mmengine - INFO - Iter(train) [   360/140000]  lr: 1.0000e-03  eta: 13:54:45  time: 0.3309  data_time: 0.0042  memory: 7172  loss: 1.6153  loss_ce: 1.6153
2025/06/22 22:51:29 - mmengine - INFO - Iter(train) [   361/140000]  lr: 1.0000e-03  eta: 13:54:55  time: 0.3377  data_time: 0.0041  memory: 7172  loss: 1.6218  loss_ce: 1.6218
2025/06/22 22:51:29 - mmengine - INFO - Iter(train) [   362/140000]  lr: 1.0000e-03  eta: 13:54:38  time: 0.3394  data_time: 0.0043  memory: 7172  loss: 1.6252  loss_ce: 1.6252
2025/06/22 22:51:30 - mmengine - INFO - Iter(train) [   363/140000]  lr: 1.0000e-03  eta: 13:54:19  time: 0.3401  data_time: 0.0042  memory: 7172  loss: 1.6278  loss_ce: 1.6278
2025/06/22 22:51:30 - mmengine - INFO - Iter(train) [   364/140000]  lr: 1.0000e-03  eta: 13:54:21  time: 0.3393  data_time: 0.0040  memory: 7172  loss: 1.6373  loss_ce: 1.6373
2025/06/22 22:51:30 - mmengine - INFO - Iter(train) [   365/140000]  lr: 1.0000e-03  eta: 13:54:02  time: 0.3389  data_time: 0.0039  memory: 7172  loss: 1.6406  loss_ce: 1.6406
2025/06/22 22:51:30 - mmengine - INFO - Iter(train) [   366/140000]  lr: 1.0000e-03  eta: 13:53:41  time: 0.3311  data_time: 0.0037  memory: 7172  loss: 1.6444  loss_ce: 1.6444
2025/06/22 22:51:31 - mmengine - INFO - Iter(train) [   367/140000]  lr: 1.0000e-03  eta: 13:53:21  time: 0.3300  data_time: 0.0034  memory: 7172  loss: 1.6386  loss_ce: 1.6386
2025/06/22 22:51:31 - mmengine - INFO - Iter(train) [   368/140000]  lr: 1.0000e-03  eta: 13:53:00  time: 0.3220  data_time: 0.0033  memory: 7172  loss: 1.6453  loss_ce: 1.6453
2025/06/22 22:51:31 - mmengine - INFO - Iter(train) [   369/140000]  lr: 1.0000e-03  eta: 13:52:38  time: 0.3219  data_time: 0.0033  memory: 7172  loss: 1.6462  loss_ce: 1.6462
2025/06/22 22:51:32 - mmengine - INFO - Iter(train) [   370/140000]  lr: 1.0000e-03  eta: 13:52:51  time: 0.3296  data_time: 0.0035  memory: 7172  loss: 1.6430  loss_ce: 1.6430
2025/06/22 22:51:32 - mmengine - INFO - Iter(train) [   371/140000]  lr: 1.0000e-03  eta: 13:53:03  time: 0.3300  data_time: 0.0038  memory: 7172  loss: 1.6428  loss_ce: 1.6428
2025/06/22 22:51:32 - mmengine - INFO - Iter(train) [   372/140000]  lr: 1.0000e-03  eta: 13:52:44  time: 0.3292  data_time: 0.0037  memory: 7172  loss: 1.6441  loss_ce: 1.6441
2025/06/22 22:51:33 - mmengine - INFO - Iter(train) [   373/140000]  lr: 1.0000e-03  eta: 13:52:25  time: 0.3290  data_time: 0.0037  memory: 7172  loss: 1.6512  loss_ce: 1.6512
2025/06/22 22:51:33 - mmengine - INFO - Iter(train) [   374/140000]  lr: 1.0000e-03  eta: 13:52:08  time: 0.3237  data_time: 0.0039  memory: 7172  loss: 1.6430  loss_ce: 1.6430
2025/06/22 22:51:33 - mmengine - INFO - Iter(train) [   375/140000]  lr: 1.0000e-03  eta: 13:51:46  time: 0.3228  data_time: 0.0040  memory: 7172  loss: 1.6349  loss_ce: 1.6349
2025/06/22 22:51:34 - mmengine - INFO - Iter(train) [   376/140000]  lr: 1.0000e-03  eta: 13:51:23  time: 0.3221  data_time: 0.0043  memory: 7172  loss: 1.6356  loss_ce: 1.6356
2025/06/22 22:51:34 - mmengine - INFO - Iter(train) [   377/140000]  lr: 1.0000e-03  eta: 13:51:00  time: 0.3209  data_time: 0.0044  memory: 7172  loss: 1.6384  loss_ce: 1.6384
2025/06/22 22:51:34 - mmengine - INFO - Iter(train) [   378/140000]  lr: 1.0000e-03  eta: 13:50:39  time: 0.3209  data_time: 0.0045  memory: 7172  loss: 1.6313  loss_ce: 1.6313
2025/06/22 22:51:35 - mmengine - INFO - Iter(train) [   379/140000]  lr: 1.0000e-03  eta: 13:50:19  time: 0.3208  data_time: 0.0047  memory: 7172  loss: 1.6326  loss_ce: 1.6326
2025/06/22 22:51:35 - mmengine - INFO - Iter(train) [   380/140000]  lr: 1.0000e-03  eta: 13:50:25  time: 0.3190  data_time: 0.0047  memory: 7172  loss: 1.6398  loss_ce: 1.6398
2025/06/22 22:51:35 - mmengine - INFO - Iter(train) [   381/140000]  lr: 1.0000e-03  eta: 13:50:10  time: 0.3116  data_time: 0.0045  memory: 7172  loss: 1.6325  loss_ce: 1.6325
2025/06/22 22:51:36 - mmengine - INFO - Iter(train) [   382/140000]  lr: 1.0000e-03  eta: 13:50:20  time: 0.3194  data_time: 0.0047  memory: 7172  loss: 1.6287  loss_ce: 1.6287
2025/06/22 22:51:36 - mmengine - INFO - Iter(train) [   383/140000]  lr: 1.0000e-03  eta: 13:50:04  time: 0.3201  data_time: 0.0049  memory: 7172  loss: 1.6215  loss_ce: 1.6215
2025/06/22 22:51:36 - mmengine - INFO - Iter(train) [   384/140000]  lr: 1.0000e-03  eta: 13:49:44  time: 0.3190  data_time: 0.0047  memory: 7172  loss: 1.6203  loss_ce: 1.6203
2025/06/22 22:51:37 - mmengine - INFO - Iter(train) [   385/140000]  lr: 1.0000e-03  eta: 13:49:53  time: 0.3272  data_time: 0.0044  memory: 7172  loss: 1.6233  loss_ce: 1.6233
2025/06/22 22:51:37 - mmengine - INFO - Iter(train) [   386/140000]  lr: 1.0000e-03  eta: 13:49:38  time: 0.3292  data_time: 0.0042  memory: 7172  loss: 1.6227  loss_ce: 1.6227
2025/06/22 22:51:37 - mmengine - INFO - Iter(train) [   387/140000]  lr: 1.0000e-03  eta: 13:49:46  time: 0.3376  data_time: 0.0041  memory: 7172  loss: 1.6230  loss_ce: 1.6230
2025/06/22 22:51:38 - mmengine - INFO - Iter(train) [   388/140000]  lr: 1.0000e-03  eta: 13:49:29  time: 0.3383  data_time: 0.0040  memory: 7172  loss: 1.6272  loss_ce: 1.6272
2025/06/22 22:51:38 - mmengine - INFO - Iter(train) [   389/140000]  lr: 1.0000e-03  eta: 13:49:11  time: 0.3391  data_time: 0.0039  memory: 7172  loss: 1.6316  loss_ce: 1.6316
2025/06/22 22:51:38 - mmengine - INFO - Iter(train) [   390/140000]  lr: 1.0000e-03  eta: 13:48:53  time: 0.3322  data_time: 0.0037  memory: 7172  loss: 1.6313  loss_ce: 1.6313
2025/06/22 22:51:39 - mmengine - INFO - Iter(train) [   391/140000]  lr: 1.0000e-03  eta: 13:49:00  time: 0.3382  data_time: 0.0036  memory: 7172  loss: 1.6331  loss_ce: 1.6331
2025/06/22 22:51:39 - mmengine - INFO - Iter(train) [   392/140000]  lr: 1.0000e-03  eta: 13:48:43  time: 0.3304  data_time: 0.0033  memory: 7172  loss: 1.6358  loss_ce: 1.6358
2025/06/22 22:51:39 - mmengine - INFO - Iter(train) [   393/140000]  lr: 1.0000e-03  eta: 13:48:26  time: 0.3300  data_time: 0.0030  memory: 7172  loss: 1.6285  loss_ce: 1.6285
2025/06/22 22:51:40 - mmengine - INFO - Iter(train) [   394/140000]  lr: 1.0000e-03  eta: 13:48:34  time: 0.3378  data_time: 0.0030  memory: 7172  loss: 1.6303  loss_ce: 1.6303
2025/06/22 22:51:40 - mmengine - INFO - Iter(train) [   395/140000]  lr: 1.0000e-03  eta: 13:48:17  time: 0.3304  data_time: 0.0029  memory: 7172  loss: 1.6317  loss_ce: 1.6317
2025/06/22 22:51:40 - mmengine - INFO - Iter(train) [   396/140000]  lr: 1.0000e-03  eta: 13:48:02  time: 0.3302  data_time: 0.0030  memory: 7172  loss: 1.6365  loss_ce: 1.6365
2025/06/22 22:51:41 - mmengine - INFO - Iter(train) [   397/140000]  lr: 1.0000e-03  eta: 13:48:09  time: 0.3301  data_time: 0.0030  memory: 7172  loss: 1.6414  loss_ce: 1.6414
2025/06/22 22:51:41 - mmengine - INFO - Iter(train) [   398/140000]  lr: 1.0000e-03  eta: 13:47:52  time: 0.3299  data_time: 0.0030  memory: 7172  loss: 1.6412  loss_ce: 1.6412
2025/06/22 22:51:41 - mmengine - INFO - Iter(train) [   399/140000]  lr: 1.0000e-03  eta: 13:47:36  time: 0.3300  data_time: 0.0030  memory: 7172  loss: 1.6413  loss_ce: 1.6413
2025/06/22 22:51:42 - mmengine - INFO - Iter(train) [   400/140000]  lr: 1.0000e-03  eta: 13:47:49  time: 0.3389  data_time: 0.0032  memory: 7172  loss: 1.6400  loss_ce: 1.6400
2025/06/22 22:51:42 - mmengine - INFO - Iter(train) [   401/140000]  lr: 1.0000e-03  eta: 13:48:03  time: 0.3409  data_time: 0.0033  memory: 7172  loss: 1.6468  loss_ce: 1.6468
2025/06/22 22:51:42 - mmengine - INFO - Iter(train) [   402/140000]  lr: 1.0000e-03  eta: 13:48:16  time: 0.3497  data_time: 0.0035  memory: 7172  loss: 1.6518  loss_ce: 1.6518
2025/06/22 22:51:43 - mmengine - INFO - Iter(train) [   403/140000]  lr: 1.0000e-03  eta: 13:48:00  time: 0.3498  data_time: 0.0035  memory: 7172  loss: 1.6577  loss_ce: 1.6577
2025/06/22 22:51:43 - mmengine - INFO - Iter(train) [   404/140000]  lr: 1.0000e-03  eta: 13:48:10  time: 0.3503  data_time: 0.0035  memory: 7172  loss: 1.6556  loss_ce: 1.6556
2025/06/22 22:51:44 - mmengine - INFO - Iter(train) [   405/140000]  lr: 1.0000e-03  eta: 13:47:55  time: 0.3508  data_time: 0.0035  memory: 7172  loss: 1.6531  loss_ce: 1.6531
2025/06/22 22:51:44 - mmengine - INFO - Iter(train) [   406/140000]  lr: 1.0000e-03  eta: 13:48:08  time: 0.3588  data_time: 0.0035  memory: 7172  loss: 1.6501  loss_ce: 1.6501
2025/06/22 22:51:44 - mmengine - INFO - Iter(train) [   407/140000]  lr: 1.0000e-03  eta: 13:47:53  time: 0.3523  data_time: 0.0034  memory: 7172  loss: 1.6440  loss_ce: 1.6440
2025/06/22 22:51:45 - mmengine - INFO - Iter(train) [   408/140000]  lr: 1.0000e-03  eta: 13:48:03  time: 0.3603  data_time: 0.0034  memory: 7172  loss: 1.6445  loss_ce: 1.6445
2025/06/22 22:51:45 - mmengine - INFO - Iter(train) [   409/140000]  lr: 1.0000e-03  eta: 13:47:50  time: 0.3609  data_time: 0.0034  memory: 7172  loss: 1.6387  loss_ce: 1.6387
2025/06/22 22:51:45 - mmengine - INFO - Iter(train) [   410/140000]  lr: 1.0000e-03  eta: 13:48:01  time: 0.3602  data_time: 0.0035  memory: 7172  loss: 1.6412  loss_ce: 1.6412
2025/06/22 22:51:46 - mmengine - INFO - Iter(train) [   411/140000]  lr: 1.0000e-03  eta: 13:48:12  time: 0.3595  data_time: 0.0036  memory: 7172  loss: 1.6348  loss_ce: 1.6348
2025/06/22 22:51:46 - mmengine - INFO - Iter(train) [   412/140000]  lr: 1.0000e-03  eta: 13:47:59  time: 0.3519  data_time: 0.0034  memory: 7172  loss: 1.6275  loss_ce: 1.6275
2025/06/22 22:51:46 - mmengine - INFO - Iter(train) [   413/140000]  lr: 1.0000e-03  eta: 13:48:06  time: 0.3587  data_time: 0.0035  memory: 7172  loss: 1.6234  loss_ce: 1.6234
2025/06/22 22:51:47 - mmengine - INFO - Iter(train) [   414/140000]  lr: 1.0000e-03  eta: 13:47:52  time: 0.3517  data_time: 0.0036  memory: 7172  loss: 1.6254  loss_ce: 1.6254
2025/06/22 22:51:47 - mmengine - INFO - Iter(train) [   415/140000]  lr: 1.0000e-03  eta: 13:48:05  time: 0.3599  data_time: 0.0036  memory: 7172  loss: 1.6252  loss_ce: 1.6252
2025/06/22 22:51:48 - mmengine - INFO - Iter(train) [   416/140000]  lr: 1.0000e-03  eta: 13:48:53  time: 0.3702  data_time: 0.0036  memory: 7172  loss: 1.6220  loss_ce: 1.6220
2025/06/22 22:51:48 - mmengine - INFO - Iter(train) [   417/140000]  lr: 1.0000e-03  eta: 13:49:03  time: 0.3778  data_time: 0.0036  memory: 7172  loss: 1.6312  loss_ce: 1.6312
2025/06/22 22:51:48 - mmengine - INFO - Iter(train) [   418/140000]  lr: 1.0000e-03  eta: 13:48:51  time: 0.3712  data_time: 0.0036  memory: 7172  loss: 1.6436  loss_ce: 1.6436
2025/06/22 22:51:49 - mmengine - INFO - Iter(train) [   419/140000]  lr: 1.0000e-03  eta: 13:48:58  time: 0.3772  data_time: 0.0037  memory: 7172  loss: 1.6503  loss_ce: 1.6503
2025/06/22 22:51:49 - mmengine - INFO - Iter(train) [   420/140000]  lr: 1.0000e-03  eta: 13:48:43  time: 0.3698  data_time: 0.0035  memory: 7172  loss: 1.6412  loss_ce: 1.6412
2025/06/22 22:51:49 - mmengine - INFO - Iter(train) [   421/140000]  lr: 1.0000e-03  eta: 13:48:53  time: 0.3696  data_time: 0.0034  memory: 7172  loss: 1.6443  loss_ce: 1.6443
2025/06/22 22:51:50 - mmengine - INFO - Iter(train) [   422/140000]  lr: 1.0000e-03  eta: 13:48:43  time: 0.3704  data_time: 0.0035  memory: 7172  loss: 1.6460  loss_ce: 1.6460
2025/06/22 22:51:50 - mmengine - INFO - Iter(train) [   423/140000]  lr: 1.0000e-03  eta: 13:48:47  time: 0.3694  data_time: 0.0037  memory: 7172  loss: 1.6504  loss_ce: 1.6504
2025/06/22 22:51:50 - mmengine - INFO - Iter(train) [   424/140000]  lr: 1.0000e-03  eta: 13:48:33  time: 0.3693  data_time: 0.0037  memory: 7172  loss: 1.6535  loss_ce: 1.6535
2025/06/22 22:51:51 - mmengine - INFO - Iter(train) [   425/140000]  lr: 1.0000e-03  eta: 13:48:47  time: 0.3698  data_time: 0.0037  memory: 7172  loss: 1.6581  loss_ce: 1.6581
2025/06/22 22:51:51 - mmengine - INFO - Iter(train) [   426/140000]  lr: 1.0000e-03  eta: 13:48:32  time: 0.3510  data_time: 0.0038  memory: 7172  loss: 1.6594  loss_ce: 1.6594
2025/06/22 22:51:51 - mmengine - INFO - Iter(train) [   427/140000]  lr: 1.0000e-03  eta: 13:48:42  time: 0.3509  data_time: 0.0038  memory: 7172  loss: 1.6519  loss_ce: 1.6519
2025/06/22 22:51:52 - mmengine - INFO - Iter(train) [   428/140000]  lr: 1.0000e-03  eta: 13:49:00  time: 0.3601  data_time: 0.0039  memory: 7172  loss: 1.6413  loss_ce: 1.6413
2025/06/22 22:51:52 - mmengine - INFO - Iter(train) [   429/140000]  lr: 1.0000e-03  eta: 13:49:10  time: 0.3612  data_time: 0.0041  memory: 7172  loss: 1.6352  loss_ce: 1.6352
2025/06/22 22:51:53 - mmengine - INFO - Iter(train) [   430/140000]  lr: 1.0000e-03  eta: 13:49:25  time: 0.3701  data_time: 0.0043  memory: 7172  loss: 1.6385  loss_ce: 1.6385
2025/06/22 22:51:53 - mmengine - INFO - Iter(train) [   431/140000]  lr: 1.0000e-03  eta: 13:49:38  time: 0.3713  data_time: 0.0043  memory: 7172  loss: 1.6427  loss_ce: 1.6427
2025/06/22 22:51:53 - mmengine - INFO - Iter(train) [   432/140000]  lr: 1.0000e-03  eta: 13:49:25  time: 0.3703  data_time: 0.0041  memory: 7172  loss: 1.6478  loss_ce: 1.6478
2025/06/22 22:51:54 - mmengine - INFO - Iter(train) [   433/140000]  lr: 1.0000e-03  eta: 13:49:32  time: 0.3714  data_time: 0.0039  memory: 7172  loss: 1.6431  loss_ce: 1.6431
2025/06/22 22:51:54 - mmengine - INFO - Iter(train) [   434/140000]  lr: 1.0000e-03  eta: 13:49:47  time: 0.3803  data_time: 0.0041  memory: 7172  loss: 1.6408  loss_ce: 1.6408
2025/06/22 22:51:55 - mmengine - INFO - Iter(train) [   435/140000]  lr: 1.0000e-03  eta: 13:49:57  time: 0.3791  data_time: 0.0043  memory: 7172  loss: 1.6363  loss_ce: 1.6363
2025/06/22 22:51:55 - mmengine - INFO - Iter(train) [   436/140000]  lr: 1.0000e-03  eta: 13:49:45  time: 0.3803  data_time: 0.0045  memory: 7172  loss: 1.6428  loss_ce: 1.6428
2025/06/22 22:51:55 - mmengine - INFO - Iter(train) [   437/140000]  lr: 1.0000e-03  eta: 13:49:49  time: 0.3784  data_time: 0.0046  memory: 7172  loss: 1.6464  loss_ce: 1.6464
2025/06/22 22:51:56 - mmengine - INFO - Iter(train) [   438/140000]  lr: 1.0000e-03  eta: 13:49:32  time: 0.3676  data_time: 0.0045  memory: 7172  loss: 1.6457  loss_ce: 1.6457
2025/06/22 22:51:56 - mmengine - INFO - Iter(train) [   439/140000]  lr: 1.0000e-03  eta: 13:49:15  time: 0.3592  data_time: 0.0043  memory: 7172  loss: 1.6482  loss_ce: 1.6482
2025/06/22 22:51:56 - mmengine - INFO - Iter(train) [   440/140000]  lr: 1.0000e-03  eta: 13:49:00  time: 0.3499  data_time: 0.0040  memory: 7172  loss: 1.6469  loss_ce: 1.6469
2025/06/22 22:51:57 - mmengine - INFO - Iter(train) [   441/140000]  lr: 1.0000e-03  eta: 13:49:09  time: 0.3487  data_time: 0.0039  memory: 7172  loss: 1.6417  loss_ce: 1.6417
2025/06/22 22:51:57 - mmengine - INFO - Iter(train) [   442/140000]  lr: 1.0000e-03  eta: 13:48:54  time: 0.3478  data_time: 0.0039  memory: 7172  loss: 1.6408  loss_ce: 1.6408
2025/06/22 22:51:57 - mmengine - INFO - Iter(train) [   443/140000]  lr: 1.0000e-03  eta: 13:48:39  time: 0.3407  data_time: 0.0038  memory: 7172  loss: 1.6446  loss_ce: 1.6446
2025/06/22 22:51:58 - mmengine - INFO - Iter(train) [   444/140000]  lr: 1.0000e-03  eta: 13:48:23  time: 0.3310  data_time: 0.0037  memory: 7172  loss: 1.6432  loss_ce: 1.6432
2025/06/22 22:51:58 - mmengine - INFO - Iter(train) [   445/140000]  lr: 1.0000e-03  eta: 13:48:12  time: 0.3245  data_time: 0.0035  memory: 7172  loss: 1.6445  loss_ce: 1.6445
2025/06/22 22:51:58 - mmengine - INFO - Iter(train) [   446/140000]  lr: 1.0000e-03  eta: 13:48:09  time: 0.3270  data_time: 0.0034  memory: 7172  loss: 1.6419  loss_ce: 1.6419
2025/06/22 22:51:58 - mmengine - INFO - Iter(train) [   447/140000]  lr: 1.0000e-03  eta: 13:47:53  time: 0.3209  data_time: 0.0033  memory: 7172  loss: 1.6420  loss_ce: 1.6420
2025/06/22 22:51:59 - mmengine - INFO - Iter(train) [   448/140000]  lr: 1.0000e-03  eta: 13:47:40  time: 0.3218  data_time: 0.0034  memory: 7172  loss: 1.6434  loss_ce: 1.6434
2025/06/22 22:51:59 - mmengine - INFO - Iter(train) [   449/140000]  lr: 1.0000e-03  eta: 13:47:47  time: 0.3293  data_time: 0.0035  memory: 7172  loss: 1.6450  loss_ce: 1.6450
2025/06/22 22:51:59 - mmengine - INFO - Iter(train) [   450/140000]  lr: 1.0000e-03  eta: 13:47:31  time: 0.3289  data_time: 0.0035  memory: 7172  loss: 1.6495  loss_ce: 1.6495
2025/06/22 22:52:00 - mmengine - INFO - Iter(train) [   451/140000]  lr: 1.0000e-03  eta: 13:47:16  time: 0.3211  data_time: 0.0036  memory: 7172  loss: 1.6472  loss_ce: 1.6472
2025/06/22 22:52:00 - mmengine - INFO - Iter(train) [   452/140000]  lr: 1.0000e-03  eta: 13:47:27  time: 0.3296  data_time: 0.0037  memory: 7172  loss: 1.6413  loss_ce: 1.6413
2025/06/22 22:52:01 - mmengine - INFO - Iter(train) [   453/140000]  lr: 1.0000e-03  eta: 13:47:13  time: 0.3296  data_time: 0.0037  memory: 7172  loss: 1.6395  loss_ce: 1.6395
2025/06/22 22:52:01 - mmengine - INFO - Iter(train) [   454/140000]  lr: 1.0000e-03  eta: 13:47:16  time: 0.3357  data_time: 0.0037  memory: 7172  loss: 1.6384  loss_ce: 1.6384
2025/06/22 22:52:01 - mmengine - INFO - Iter(train) [   455/140000]  lr: 1.0000e-03  eta: 13:47:07  time: 0.3361  data_time: 0.0037  memory: 7172  loss: 1.6440  loss_ce: 1.6440
2025/06/22 22:52:02 - mmengine - INFO - Iter(train) [   456/140000]  lr: 1.0000e-03  eta: 13:46:53  time: 0.3325  data_time: 0.0036  memory: 7172  loss: 1.6435  loss_ce: 1.6435
2025/06/22 22:52:02 - mmengine - INFO - Iter(train) [   457/140000]  lr: 1.0000e-03  eta: 13:46:57  time: 0.3387  data_time: 0.0035  memory: 7172  loss: 1.6436  loss_ce: 1.6436
2025/06/22 22:52:02 - mmengine - INFO - Iter(train) [   458/140000]  lr: 1.0000e-03  eta: 13:46:45  time: 0.3391  data_time: 0.0034  memory: 7172  loss: 1.6383  loss_ce: 1.6383
2025/06/22 22:52:03 - mmengine - INFO - Iter(train) [   459/140000]  lr: 1.0000e-03  eta: 13:46:33  time: 0.3329  data_time: 0.0033  memory: 7172  loss: 1.6389  loss_ce: 1.6389
2025/06/22 22:52:03 - mmengine - INFO - Iter(train) [   460/140000]  lr: 1.0000e-03  eta: 13:46:38  time: 0.3395  data_time: 0.0033  memory: 7172  loss: 1.6340  loss_ce: 1.6340
2025/06/22 22:52:03 - mmengine - INFO - Iter(train) [   461/140000]  lr: 1.0000e-03  eta: 13:46:27  time: 0.3406  data_time: 0.0032  memory: 7172  loss: 1.6351  loss_ce: 1.6351
2025/06/22 22:52:04 - mmengine - INFO - Iter(train) [   462/140000]  lr: 1.0000e-03  eta: 13:46:37  time: 0.3404  data_time: 0.0034  memory: 7172  loss: 1.6437  loss_ce: 1.6437
2025/06/22 22:52:04 - mmengine - INFO - Iter(train) [   463/140000]  lr: 1.0000e-03  eta: 13:46:48  time: 0.3486  data_time: 0.0035  memory: 7172  loss: 1.6457  loss_ce: 1.6457
2025/06/22 22:52:04 - mmengine - INFO - Iter(train) [   464/140000]  lr: 1.0000e-03  eta: 13:46:37  time: 0.3437  data_time: 0.0034  memory: 7172  loss: 1.6472  loss_ce: 1.6472
2025/06/22 22:52:05 - mmengine - INFO - Iter(train) [   465/140000]  lr: 1.0000e-03  eta: 13:46:47  time: 0.3502  data_time: 0.0034  memory: 7172  loss: 1.6463  loss_ce: 1.6463
2025/06/22 22:52:05 - mmengine - INFO - Iter(train) [   466/140000]  lr: 1.0000e-03  eta: 13:47:01  time: 0.3594  data_time: 0.0035  memory: 7172  loss: 1.6471  loss_ce: 1.6471
2025/06/22 22:52:05 - mmengine - INFO - Iter(train) [   467/140000]  lr: 1.0000e-03  eta: 13:47:12  time: 0.3617  data_time: 0.0039  memory: 7172  loss: 1.6437  loss_ce: 1.6437
2025/06/22 22:52:06 - mmengine - INFO - Iter(train) [   468/140000]  lr: 1.0000e-03  eta: 13:47:25  time: 0.3700  data_time: 0.0040  memory: 7172  loss: 1.6488  loss_ce: 1.6488
2025/06/22 22:52:06 - mmengine - INFO - Iter(train) [   469/140000]  lr: 1.0000e-03  eta: 13:47:39  time: 0.3788  data_time: 0.0041  memory: 7172  loss: 1.6456  loss_ce: 1.6456
2025/06/22 22:52:07 - mmengine - INFO - Iter(train) [   470/140000]  lr: 1.0000e-03  eta: 13:47:51  time: 0.3813  data_time: 0.0042  memory: 7172  loss: 1.6458  loss_ce: 1.6458
2025/06/22 22:52:07 - mmengine - INFO - Iter(train) [   471/140000]  lr: 1.0000e-03  eta: 13:47:37  time: 0.3802  data_time: 0.0040  memory: 7172  loss: 1.6471  loss_ce: 1.6471
2025/06/22 22:52:07 - mmengine - INFO - Iter(train) [   472/140000]  lr: 1.0000e-03  eta: 13:47:49  time: 0.3807  data_time: 0.0039  memory: 7172  loss: 1.6444  loss_ce: 1.6444
2025/06/22 22:52:08 - mmengine - INFO - Iter(train) [   473/140000]  lr: 1.0000e-03  eta: 13:48:02  time: 0.3818  data_time: 0.0037  memory: 7172  loss: 1.6384  loss_ce: 1.6384
2025/06/22 22:52:08 - mmengine - INFO - Iter(train) [   474/140000]  lr: 1.0000e-03  eta: 13:48:12  time: 0.3890  data_time: 0.0039  memory: 7172  loss: 1.6374  loss_ce: 1.6374
2025/06/22 22:52:09 - mmengine - INFO - Iter(train) [   475/140000]  lr: 1.0000e-03  eta: 13:48:00  time: 0.3817  data_time: 0.0039  memory: 7172  loss: 1.6347  loss_ce: 1.6347
2025/06/22 22:52:09 - mmengine - INFO - Iter(train) [   476/140000]  lr: 1.0000e-03  eta: 13:48:05  time: 0.3786  data_time: 0.0037  memory: 7172  loss: 1.6344  loss_ce: 1.6344
2025/06/22 22:52:09 - mmengine - INFO - Iter(train) [   477/140000]  lr: 1.0000e-03  eta: 13:47:51  time: 0.3703  data_time: 0.0035  memory: 7172  loss: 1.6382  loss_ce: 1.6382
2025/06/22 22:52:10 - mmengine - INFO - Iter(train) [   478/140000]  lr: 1.0000e-03  eta: 13:47:37  time: 0.3612  data_time: 0.0034  memory: 7172  loss: 1.6314  loss_ce: 1.6314
2025/06/22 22:52:10 - mmengine - INFO - Iter(train) [   479/140000]  lr: 1.0000e-03  eta: 13:47:41  time: 0.3577  data_time: 0.0033  memory: 7172  loss: 1.6304  loss_ce: 1.6304
2025/06/22 22:52:10 - mmengine - INFO - Iter(train) [   480/140000]  lr: 1.0000e-03  eta: 13:47:29  time: 0.3498  data_time: 0.0034  memory: 7172  loss: 1.6331  loss_ce: 1.6331
2025/06/22 22:52:11 - mmengine - INFO - Iter(train) [   481/140000]  lr: 1.0000e-03  eta: 13:47:17  time: 0.3503  data_time: 0.0035  memory: 7172  loss: 1.6304  loss_ce: 1.6304
2025/06/22 22:52:11 - mmengine - INFO - Iter(train) [   482/140000]  lr: 1.0000e-03  eta: 13:47:01  time: 0.3409  data_time: 0.0037  memory: 7172  loss: 1.6326  loss_ce: 1.6326
2025/06/22 22:52:11 - mmengine - INFO - Iter(train) [   483/140000]  lr: 1.0000e-03  eta: 13:47:06  time: 0.3378  data_time: 0.0036  memory: 7172  loss: 1.6370  loss_ce: 1.6370
2025/06/22 22:52:11 - mmengine - INFO - Iter(train) [   484/140000]  lr: 1.0000e-03  eta: 13:46:52  time: 0.3298  data_time: 0.0034  memory: 7172  loss: 1.6415  loss_ce: 1.6415
2025/06/22 22:52:12 - mmengine - INFO - Iter(train) [   485/140000]  lr: 1.0000e-03  eta: 13:47:01  time: 0.3368  data_time: 0.0035  memory: 7172  loss: 1.6441  loss_ce: 1.6441
2025/06/22 22:52:12 - mmengine - INFO - Iter(train) [   486/140000]  lr: 1.0000e-03  eta: 13:46:49  time: 0.3307  data_time: 0.0035  memory: 7172  loss: 1.6382  loss_ce: 1.6382
2025/06/22 22:52:13 - mmengine - INFO - Iter(train) [   487/140000]  lr: 1.0000e-03  eta: 13:46:36  time: 0.3309  data_time: 0.0035  memory: 7172  loss: 1.6356  loss_ce: 1.6356
2025/06/22 22:52:13 - mmengine - INFO - Iter(train) [   488/140000]  lr: 1.0000e-03  eta: 13:46:42  time: 0.3378  data_time: 0.0035  memory: 7172  loss: 1.6366  loss_ce: 1.6366
2025/06/22 22:52:13 - mmengine - INFO - Iter(train) [   489/140000]  lr: 1.0000e-03  eta: 13:46:30  time: 0.3324  data_time: 0.0035  memory: 7172  loss: 1.6383  loss_ce: 1.6383
2025/06/22 22:52:14 - mmengine - INFO - Iter(train) [   490/140000]  lr: 1.0000e-03  eta: 13:46:38  time: 0.3390  data_time: 0.0034  memory: 7172  loss: 1.6340  loss_ce: 1.6340
2025/06/22 22:52:14 - mmengine - INFO - Iter(train) [   491/140000]  lr: 1.0000e-03  eta: 13:46:26  time: 0.3390  data_time: 0.0033  memory: 7172  loss: 1.6401  loss_ce: 1.6401
2025/06/22 22:52:14 - mmengine - INFO - Iter(train) [   492/140000]  lr: 1.0000e-03  eta: 13:46:36  time: 0.3479  data_time: 0.0032  memory: 7172  loss: 1.6363  loss_ce: 1.6363
2025/06/22 22:52:15 - mmengine - INFO - Iter(train) [   493/140000]  lr: 1.0000e-03  eta: 13:46:21  time: 0.3412  data_time: 0.0033  memory: 7172  loss: 1.6369  loss_ce: 1.6369
2025/06/22 22:52:15 - mmengine - INFO - Iter(train) [   494/140000]  lr: 1.0000e-03  eta: 13:46:08  time: 0.3412  data_time: 0.0034  memory: 7172  loss: 1.6383  loss_ce: 1.6383
2025/06/22 22:52:15 - mmengine - INFO - Iter(train) [   495/140000]  lr: 1.0000e-03  eta: 13:46:14  time: 0.3400  data_time: 0.0033  memory: 7172  loss: 1.6394  loss_ce: 1.6394
2025/06/22 22:52:16 - mmengine - INFO - Iter(train) [   496/140000]  lr: 1.0000e-03  eta: 13:46:02  time: 0.3402  data_time: 0.0034  memory: 7172  loss: 1.6391  loss_ce: 1.6391
2025/06/22 22:52:16 - mmengine - INFO - Iter(train) [   497/140000]  lr: 1.0000e-03  eta: 13:45:47  time: 0.3393  data_time: 0.0033  memory: 7172  loss: 1.6393  loss_ce: 1.6393
2025/06/22 22:52:16 - mmengine - INFO - Iter(train) [   498/140000]  lr: 1.0000e-03  eta: 13:45:53  time: 0.3394  data_time: 0.0037  memory: 7172  loss: 1.6420  loss_ce: 1.6420
2025/06/22 22:52:17 - mmengine - INFO - Iter(train) [   499/140000]  lr: 1.0000e-03  eta: 13:45:41  time: 0.3392  data_time: 0.0039  memory: 7172  loss: 1.6431  loss_ce: 1.6431
2025/06/22 22:52:17 - mmengine - INFO - Iter(train) [   500/140000]  lr: 1.0000e-03  eta: 13:45:29  time: 0.3324  data_time: 0.0040  memory: 7172  loss: 1.6448  loss_ce: 1.6448
2025/06/22 22:52:17 - mmengine - INFO - Iter(train) [   501/140000]  lr: 1.0000e-03  eta: 13:45:35  time: 0.3386  data_time: 0.0042  memory: 7172  loss: 1.6474  loss_ce: 1.6474
2025/06/22 22:52:18 - mmengine - INFO - Iter(train) [   502/140000]  lr: 1.0000e-03  eta: 13:45:25  time: 0.3313  data_time: 0.0044  memory: 7172  loss: 1.6475  loss_ce: 1.6475
2025/06/22 22:52:18 - mmengine - INFO - Iter(train) [   503/140000]  lr: 1.0000e-03  eta: 13:45:11  time: 0.3315  data_time: 0.0045  memory: 7172  loss: 1.6511  loss_ce: 1.6511
2025/06/22 22:52:18 - mmengine - INFO - Iter(train) [   504/140000]  lr: 1.0000e-03  eta: 13:45:16  time: 0.3379  data_time: 0.0045  memory: 7172  loss: 1.6523  loss_ce: 1.6523
2025/06/22 22:52:19 - mmengine - INFO - Iter(train) [   505/140000]  lr: 1.0000e-03  eta: 13:45:05  time: 0.3317  data_time: 0.0045  memory: 7172  loss: 1.6486  loss_ce: 1.6486
2025/06/22 22:52:19 - mmengine - INFO - Iter(train) [   506/140000]  lr: 1.0000e-03  eta: 13:45:13  time: 0.3391  data_time: 0.0046  memory: 7172  loss: 1.6501  loss_ce: 1.6501
2025/06/22 22:52:19 - mmengine - INFO - Iter(train) [   507/140000]  lr: 1.0000e-03  eta: 13:45:01  time: 0.3397  data_time: 0.0049  memory: 7172  loss: 1.6473  loss_ce: 1.6473
2025/06/22 22:52:20 - mmengine - INFO - Iter(train) [   508/140000]  lr: 1.0000e-03  eta: 13:44:49  time: 0.3330  data_time: 0.0046  memory: 7172  loss: 1.6552  loss_ce: 1.6552
2025/06/22 22:52:20 - mmengine - INFO - Iter(train) [   509/140000]  lr: 1.0000e-03  eta: 13:44:54  time: 0.3393  data_time: 0.0043  memory: 7172  loss: 1.6541  loss_ce: 1.6541
2025/06/22 22:52:20 - mmengine - INFO - Iter(train) [   510/140000]  lr: 1.0000e-03  eta: 13:44:42  time: 0.3390  data_time: 0.0043  memory: 7172  loss: 1.6582  loss_ce: 1.6582
2025/06/22 22:52:21 - mmengine - INFO - Iter(train) [   511/140000]  lr: 1.0000e-03  eta: 13:44:28  time: 0.3317  data_time: 0.0040  memory: 7172  loss: 1.6543  loss_ce: 1.6543
2025/06/22 22:52:21 - mmengine - INFO - Iter(train) [   512/140000]  lr: 1.0000e-03  eta: 13:44:14  time: 0.3304  data_time: 0.0037  memory: 7172  loss: 1.6492  loss_ce: 1.6492
2025/06/22 22:52:21 - mmengine - INFO - Iter(train) [   513/140000]  lr: 1.0000e-03  eta: 13:43:59  time: 0.3297  data_time: 0.0036  memory: 7172  loss: 1.6426  loss_ce: 1.6426
2025/06/22 22:52:22 - mmengine - INFO - Iter(train) [   514/140000]  lr: 1.0000e-03  eta: 13:44:07  time: 0.3308  data_time: 0.0037  memory: 7172  loss: 1.6363  loss_ce: 1.6363
2025/06/22 22:52:22 - mmengine - INFO - Iter(train) [   515/140000]  lr: 1.0000e-03  eta: 13:44:17  time: 0.3385  data_time: 0.0038  memory: 7172  loss: 1.6355  loss_ce: 1.6355
2025/06/22 22:52:22 - mmengine - INFO - Iter(train) [   516/140000]  lr: 1.0000e-03  eta: 13:44:05  time: 0.3310  data_time: 0.0036  memory: 7172  loss: 1.6355  loss_ce: 1.6355
2025/06/22 22:52:23 - mmengine - INFO - Iter(train) [   517/140000]  lr: 1.0000e-03  eta: 13:43:53  time: 0.3309  data_time: 0.0035  memory: 7172  loss: 1.6348  loss_ce: 1.6348
2025/06/22 22:52:23 - mmengine - INFO - Iter(train) [   518/140000]  lr: 1.0000e-03  eta: 13:43:57  time: 0.3369  data_time: 0.0034  memory: 7172  loss: 1.6291  loss_ce: 1.6291
2025/06/22 22:52:23 - mmengine - INFO - Iter(train) [   519/140000]  lr: 1.0000e-03  eta: 13:43:46  time: 0.3308  data_time: 0.0033  memory: 7172  loss: 1.6338  loss_ce: 1.6338
2025/06/22 22:52:24 - mmengine - INFO - Iter(train) [   520/140000]  lr: 1.0000e-03  eta: 13:43:35  time: 0.3310  data_time: 0.0034  memory: 7172  loss: 1.6399  loss_ce: 1.6399
2025/06/22 22:52:24 - mmengine - INFO - Iter(train) [   521/140000]  lr: 1.0000e-03  eta: 13:43:19  time: 0.3302  data_time: 0.0033  memory: 7172  loss: 1.6376  loss_ce: 1.6376
2025/06/22 22:52:24 - mmengine - INFO - Iter(train) [   522/140000]  lr: 1.0000e-03  eta: 13:43:05  time: 0.3301  data_time: 0.0033  memory: 7172  loss: 1.6388  loss_ce: 1.6388
2025/06/22 22:52:25 - mmengine - INFO - Iter(train) [   523/140000]  lr: 1.0000e-03  eta: 13:43:12  time: 0.3382  data_time: 0.0033  memory: 7172  loss: 1.6392  loss_ce: 1.6392
2025/06/22 22:52:25 - mmengine - INFO - Iter(train) [   524/140000]  lr: 1.0000e-03  eta: 13:43:01  time: 0.3310  data_time: 0.0031  memory: 7172  loss: 1.6393  loss_ce: 1.6393
2025/06/22 22:52:25 - mmengine - INFO - Iter(train) [   525/140000]  lr: 1.0000e-03  eta: 13:42:49  time: 0.3227  data_time: 0.0029  memory: 7172  loss: 1.6416  loss_ce: 1.6416
2025/06/22 22:52:26 - mmengine - INFO - Iter(train) [   526/140000]  lr: 1.0000e-03  eta: 13:42:54  time: 0.3289  data_time: 0.0030  memory: 7172  loss: 1.6421  loss_ce: 1.6421
2025/06/22 22:52:26 - mmengine - INFO - Iter(train) [   527/140000]  lr: 1.0000e-03  eta: 13:42:42  time: 0.3292  data_time: 0.0032  memory: 7172  loss: 1.6448  loss_ce: 1.6448
2025/06/22 22:5