2025/06/17 23:13:56 - mmengine - INFO - 
------------------------------------------------------------
System environment:
    sys.platform: linux
    Python: 3.9.21 (main, Dec 11 2024, 16:24:11) [GCC 11.2.0]
    CUDA available: True
    MUSA available: False
    numpy_random_seed: 950341527
    GPU 0: NVIDIA GeForce RTX 4090
    CUDA_HOME: /usr/local/cuda
    NVCC: Cuda compilation tools, release 12.2, V12.2.140
    GCC: gcc (Ubuntu 9.4.0-1ubuntu1~20.04.2) 9.4.0
    PyTorch: 2.1.2+cu121
    PyTorch compiling details: PyTorch built with:
  - GCC 9.3
  - C++ Version: 201703
  - Intel(R) oneAPI Math Kernel Library Version 2022.2-Product Build 20220804 for Intel(R) 64 architecture applications
  - Intel(R) MKL-DNN v3.1.1 (Git Hash 64f6bcbcbab628e96f33a62c3e975f8535a7bde4)
  - OpenMP 201511 (a.k.a. OpenMP 4.5)
  - LAPACK is enabled (usually provided by MKL)
  - NNPACK is enabled
  - CPU capability usage: AVX2
  - CUDA Runtime 12.1
  - NVCC architecture flags: -gencode;arch=compute_50,code=sm_50;-gencode;arch=compute_60,code=sm_60;-gencode;arch=compute_70,code=sm_70;-gencode;arch=compute_75,code=sm_75;-gencode;arch=compute_80,code=sm_80;-gencode;arch=compute_86,code=sm_86;-gencode;arch=compute_90,code=sm_90
  - CuDNN 8.9.2
  - Magma 2.6.1
  - Build settings: BLAS_INFO=mkl, BUILD_TYPE=Release, CUDA_VERSION=12.1, CUDNN_VERSION=8.9.2, CXX_COMPILER=/opt/rh/devtoolset-9/root/usr/bin/c++, CXX_FLAGS= -D_GLIBCXX_USE_CXX11_ABI=0 -fabi-version=11 -fvisibility-inlines-hidden -DUSE_PTHREADPOOL -DNDEBUG -DUSE_KINETO -DLIBKINETO_NOROCTRACER -DUSE_FBGEMM -DUSE_QNNPACK -DUSE_PYTORCH_QNNPACK -DUSE_XNNPACK -DSYMBOLICATE_MOBILE_DEBUG_HANDLE -O2 -fPIC -Wall -Wextra -Werror=return-type -Werror=non-virtual-dtor -Werror=bool-operation -Wnarrowing -Wno-missing-field-initializers -Wno-type-limits -Wno-array-bounds -Wno-unknown-pragmas -Wno-unused-parameter -Wno-unused-function -Wno-unused-result -Wno-strict-overflow -Wno-strict-aliasing -Wno-stringop-overflow -Wno-psabi -Wno-error=pedantic -Wno-error=old-style-cast -Wno-invalid-partial-specialization -Wno-unused-private-field -Wno-aligned-allocation-unavailable -Wno-missing-braces -fdiagnostics-color=always -faligned-new -Wno-unused-but-set-variable -Wno-maybe-uninitialized -fno-math-errno -fno-trapping-math -Werror=format -Werror=cast-function-type -Wno-stringop-overflow, LAPACK_INFO=mkl, PERF_WITH_AVX=1, PERF_WITH_AVX2=1, PERF_WITH_AVX512=1, TORCH_DISABLE_GPU_ASSERTS=ON, TORCH_VERSION=2.1.2, USE_CUDA=ON, USE_CUDNN=ON, USE_EXCEPTION_PTR=1, USE_GFLAGS=OFF, USE_GLOG=OFF, USE_MKL=ON, USE_MKLDNN=ON, USE_MPI=OFF, USE_NCCL=1, USE_NNPACK=ON, USE_OPENMP=ON, USE_ROCM=OFF, 

    TorchVision: 0.16.2+cu121
    OpenCV: 4.6.0
    MMEngine: 0.10.4

Runtime environment:
    cudnn_benchmark: True
    mp_cfg: {'mp_start_method': 'fork', 'opencv_num_threads': 0}
    dist_cfg: {'backend': 'nccl'}
    seed: 950341527
    Distributed launcher: none
    Distributed training: False
    GPU number: 1
------------------------------------------------------------

2025/06/17 23:13:56 - mmengine - INFO - Config:
custom_hooks = [
    dict(
        interval=20,
        metric_key='mIoU',
        rule='greater',
        type='SaveTrainableModulesHook'),
]
data_root = ''
dataset_type = 'UDD5Dataset'
default_hooks = dict(
    checkpoint=dict(
        interval=1000, rule='greater', save_best='mIoU',
        type='CheckpointHook'),
    logger=dict(interval=1, log_metric_by_epoch=False, type='LoggerHook'),
    param_scheduler=dict(type='ParamSchedulerHook'),
    sampler_seed=dict(type='DistSamplerSeedHook'),
    timer=dict(type='IterTimerHook'),
    visualization=dict(interval=1, type='SegVisualizationHook'))
default_scope = 'mmseg'
env_cfg = dict(
    cudnn_benchmark=True,
    dist_cfg=dict(backend='nccl'),
    mp_cfg=dict(mp_start_method='fork', opencv_num_threads=0))
launcher = 'none'
load_from = None
log_level = 'DEBUG'
log_processor = dict(by_epoch=False)
model = dict(
    bg_idx=4,
    clip_type='CLIP',
    cls_token_lambda=-0.0001,
    feature_cls_token_lambda=0,
    feature_up=True,
    feature_up_cfg=dict(
        model_name='jbu_one',
        model_path='simfeatup_dev/weights/xclip_jbu_one_million_aid.ckpt'),
    ignore_residual=True,
    model_type='NACLIP',
    name_path='./configs/cls_udd5.txt',
    prob_thd=0.4,
    type='SegEarthSegmentation',
    vit_type='ViT-B/16')
optim_wrapper = dict(
    optimizer=dict(lr=0.001, type='Adam'), type='OptimWrapper')
param_scheduler = dict(
    by_epoch=True, gamma=0.1, milestones=[
        50,
        100,
    ], type='MultiStepLR')
resume = False
test_cfg = dict(type='TestLoop')
test_dataloader = dict(
    batch_size=1,
    dataset=dict(
        data_prefix=dict(
            img_path='data/UDD/UDD/UDD5/val/src',
            seg_map_path='data/UDD/UDD/UDD5/val/gt'),
        data_root='',
        pipeline=[
            dict(type='LoadImageFromFile'),
            dict(keep_ratio=True, scale=(
                448,
                448,
            ), type='Resize'),
            dict(type='LoadAnnotations'),
            dict(type='PackSegInputs'),
        ],
        type='UDD5Dataset'),
    num_workers=4,
    sampler=dict(shuffle=False, type='DefaultSampler'))
test_evaluator = dict(
    iou_metrics=[
        'mIoU',
    ], type='IoUMetric')
test_pipeline = [
    dict(type='LoadImageFromFile'),
    dict(keep_ratio=True, scale=(
        448,
        448,
    ), type='Resize'),
    dict(type='LoadAnnotations'),
    dict(type='PackSegInputs'),
]
train_cfg = dict(max_epochs=500, type='EpochBasedTrainLoop', val_interval=20)
train_dataloader = dict(
    batch_size=1,
    dataset=dict(
        data_prefix=dict(
            img_path='data/UDD/UDD/UDD5/train/src',
            seg_map_path='data/UDD/UDD/UDD5/train/gt'),
        data_root='',
        pipeline=[
            dict(type='LoadImageFromFile'),
            dict(type='LoadAnnotations'),
            dict(keep_ratio=True, scale=(
                448,
                448,
            ), type='Resize'),
            dict(prob=0.5, type='RandomFlip'),
            dict(type='PhotoMetricDistortion'),
            dict(type='PackSegInputs'),
        ],
        type='UDD5Dataset'),
    num_workers=4,
    persistent_workers=True,
    sampler=dict(shuffle=True, type='DefaultSampler'))
train_pipeline = [
    dict(type='LoadImageFromFile'),
    dict(type='LoadAnnotations'),
    dict(keep_ratio=True, scale=(
        448,
        448,
    ), type='Resize'),
    dict(prob=0.5, type='RandomFlip'),
    dict(type='PhotoMetricDistortion'),
    dict(type='PackSegInputs'),
]
val_cfg = dict(type='ValLoop')
val_dataloader = dict(
    batch_size=1,
    dataset=dict(
        data_prefix=dict(
            img_path='data/UDD/UDD/UDD5/val/src',
            seg_map_path='data/UDD/UDD/UDD5/val/gt'),
        data_root='',
        pipeline=[
            dict(type='LoadImageFromFile'),
            dict(keep_ratio=True, scale=(
                448,
                448,
            ), type='Resize'),
            dict(type='LoadAnnotations'),
            dict(type='PackSegInputs'),
        ],
        type='UDD5Dataset'),
    num_workers=4,
    persistent_workers=True,
    sampler=dict(shuffle=False, type='DefaultSampler'))
val_evaluator = dict(
    iou_metrics=[
        'mIoU',
    ], type='IoUMetric')
val_pipeline = [
    dict(type='LoadImageFromFile'),
    dict(keep_ratio=True, scale=(
        448,
        448,
    ), type='Resize'),
    dict(type='LoadAnnotations'),
    dict(type='PackSegInputs'),
]
vis_backends = [
    dict(type='LocalVisBackend'),
]
visualizer = dict(
    alpha=0.5,
    name='visualizer',
    type='SegLocalVisualizer',
    vis_backends=[
        dict(type='LocalVisBackend'),
    ])
work_dir = './train_logs/'

2025/06/17 23:13:56 - mmengine - DEBUG - Modules of mmseg's visualizer registry have been automatically imported from mmseg.visualization
2025/06/17 23:13:56 - mmengine - DEBUG - Get class `SegLocalVisualizer` from "visualizer" registry in "mmseg"
2025/06/17 23:13:56 - mmengine - DEBUG - Modules of mmseg's vis_backend registry have been automatically imported from mmseg.visualization
2025/06/17 23:13:56 - mmengine - DEBUG - Get class `LocalVisBackend` from "vis_backend" registry in "mmengine"
2025/06/17 23:13:56 - mmengine - DEBUG - An `LocalVisBackend` instance is built from registry, and its implementation can be found in mmengine.visualization.vis_backend
2025/06/17 23:13:56 - mmengine - DEBUG - An `SegLocalVisualizer` instance is built from registry, and its implementation can be found in mmseg.visualization.local_visualizer
2025/06/17 23:13:56 - mmengine - DEBUG - Attribute `_env_initialized` is not defined in <class 'mmengine.visualization.vis_backend.LocalVisBackend'> or `<class 'mmengine.visualization.vis_backend.LocalVisBackend'>._env_initialized is False, `_init_env` will be called and <class 'mmengine.visualization.vis_backend.LocalVisBackend'>._env_initialized will be set to True
2025/06/17 23:13:56 - mmengine - DEBUG - Modules of mmseg's model registry have been automatically imported from mmseg.models
2025/06/17 23:13:56 - mmengine - DEBUG - Get class `SegEarthSegmentation` from "model" registry in "mmseg"
2025/06/17 23:14:01 - mmengine - DEBUG - An `SegEarthSegmentation` instance is built from registry, and its implementation can be found in segearth_segmentor
2025/06/17 23:14:01 - mmengine - INFO - Distributed training is not used, all SyncBatchNorm (SyncBN) layers in the model will be automatically reverted to BatchNormXd layers if they are used.
2025/06/17 23:14:01 - mmengine - DEBUG - Modules of mmseg's hook registry have been automatically imported from mmseg.engine.hooks
2025/06/17 23:14:01 - mmengine - DEBUG - Get class `RuntimeInfoHook` from "hook" registry in "mmengine"
2025/06/17 23:14:01 - mmengine - DEBUG - An `RuntimeInfoHook` instance is built from registry, and its implementation can be found in mmengine.hooks.runtime_info_hook
2025/06/17 23:14:01 - mmengine - DEBUG - Get class `IterTimerHook` from "hook" registry in "mmengine"
2025/06/17 23:14:01 - mmengine - DEBUG - An `IterTimerHook` instance is built from registry, and its implementation can be found in mmengine.hooks.iter_timer_hook
2025/06/17 23:14:01 - mmengine - DEBUG - Get class `DistSamplerSeedHook` from "hook" registry in "mmengine"
2025/06/17 23:14:01 - mmengine - DEBUG - An `DistSamplerSeedHook` instance is built from registry, and its implementation can be found in mmengine.hooks.sampler_seed_hook
2025/06/17 23:14:01 - mmengine - DEBUG - Get class `LoggerHook` from "hook" registry in "mmengine"
2025/06/17 23:14:01 - mmengine - DEBUG - An `LoggerHook` instance is built from registry, and its implementation can be found in mmengine.hooks.logger_hook
2025/06/17 23:14:01 - mmengine - DEBUG - Get class `ParamSchedulerHook` from "hook" registry in "mmengine"
2025/06/17 23:14:01 - mmengine - DEBUG - An `ParamSchedulerHook` instance is built from registry, and its implementation can be found in mmengine.hooks.param_scheduler_hook
2025/06/17 23:14:01 - mmengine - DEBUG - Get class `CheckpointHook` from "hook" registry in "mmengine"
2025/06/17 23:14:01 - mmengine - DEBUG - An `CheckpointHook` instance is built from registry, and its implementation can be found in mmengine.hooks.checkpoint_hook
2025/06/17 23:14:01 - mmengine - DEBUG - Get class `SegVisualizationHook` from "hook" registry in "mmseg"
2025/06/17 23:14:01 - mmengine - DEBUG - An `SegVisualizationHook` instance is built from registry, and its implementation can be found in mmseg.engine.hooks.visualization_hook
2025/06/17 23:14:01 - mmengine - DEBUG - Get class `SaveTrainableModulesHook` from "hook" registry in "mmengine"
2025/06/17 23:14:01 - mmengine - DEBUG - An `SaveTrainableModulesHook` instance is built from registry, and its implementation can be found in Hook
2025/06/17 23:14:01 - mmengine - INFO - Hooks will be executed in the following order:
before_run:
(VERY_HIGH   ) RuntimeInfoHook                    
(BELOW_NORMAL) LoggerHook                         
 -------------------- 
before_train:
(VERY_HIGH   ) RuntimeInfoHook                    
(NORMAL      ) IterTimerHook                      
(VERY_LOW    ) CheckpointHook                     
 -------------------- 
before_train_epoch:
(VERY_HIGH   ) RuntimeInfoHook                    
(NORMAL      ) IterTimerHook                      
(NORMAL      ) DistSamplerSeedHook                
 -------------------- 
before_train_iter:
(VERY_HIGH   ) RuntimeInfoHook                    
(NORMAL      ) IterTimerHook                      
 -------------------- 
after_train_iter:
(VERY_HIGH   ) RuntimeInfoHook                    
(NORMAL      ) IterTimerHook                      
(NORMAL      ) SegVisualizationHook               
(BELOW_NORMAL) LoggerHook                         
(LOW         ) ParamSchedulerHook                 
(VERY_LOW    ) CheckpointHook                     
 -------------------- 
after_train_epoch:
(NORMAL      ) IterTimerHook                      
(NORMAL      ) SaveTrainableModulesHook           
(LOW         ) ParamSchedulerHook                 
(VERY_LOW    ) CheckpointHook                     
 -------------------- 
before_val:
(VERY_HIGH   ) RuntimeInfoHook                    
 -------------------- 
before_val_epoch:
(NORMAL      ) IterTimerHook                      
 -------------------- 
before_val_iter:
(NORMAL      ) IterTimerHook                      
 -------------------- 
after_val_iter:
(NORMAL      ) IterTimerHook                      
(NORMAL      ) SegVisualizationHook               
(BELOW_NORMAL) LoggerHook                         
 -------------------- 
after_val_epoch:
(VERY_HIGH   ) RuntimeInfoHook                    
(NORMAL      ) IterTimerHook                      
(NORMAL      ) SaveTrainableModulesHook           
(BELOW_NORMAL) LoggerHook                         
(LOW         ) ParamSchedulerHook                 
(VERY_LOW    ) CheckpointHook                     
 -------------------- 
after_val:
(VERY_HIGH   ) RuntimeInfoHook                    
 -------------------- 
after_train:
(VERY_HIGH   ) RuntimeInfoHook                    
(VERY_LOW    ) CheckpointHook                     
 -------------------- 
before_test:
(VERY_HIGH   ) RuntimeInfoHook                    
 -------------------- 
before_test_epoch:
(NORMAL      ) IterTimerHook                      
 -------------------- 
before_test_iter:
(NORMAL      ) IterTimerHook                      
 -------------------- 
after_test_iter:
(NORMAL      ) IterTimerHook                      
(NORMAL      ) SegVisualizationHook               
(BELOW_NORMAL) LoggerHook                         
 -------------------- 
after_test_epoch:
(VERY_HIGH   ) RuntimeInfoHook                    
(NORMAL      ) IterTimerHook                      
(BELOW_NORMAL) LoggerHook                         
 -------------------- 
after_test:
(VERY_HIGH   ) RuntimeInfoHook                    
 -------------------- 
after_run:
(BELOW_NORMAL) LoggerHook                         
 -------------------- 
2025/06/17 23:14:01 - mmengine - DEBUG - The "loop" registry in mmseg did not set import location. Fallback to call `mmseg.utils.register_all_modules` instead.
2025/06/17 23:14:01 - mmengine - DEBUG - Get class `EpochBasedTrainLoop` from "loop" registry in "mmengine"
2025/06/17 23:14:01 - mmengine - DEBUG - Modules of mmseg's dataset registry have been automatically imported from mmseg.datasets
2025/06/17 23:14:01 - mmengine - DEBUG - Get class `UDD5Dataset` from "dataset" registry in "mmseg"
2025/06/17 23:14:01 - mmengine - DEBUG - Modules of mmseg's transform registry have been automatically imported from mmseg.datasets.transforms
2025/06/17 23:14:01 - mmengine - DEBUG - Get class `LoadImageFromFile` from "transform" registry in "mmengine"
2025/06/17 23:14:01 - mmengine - DEBUG - An `LoadImageFromFile` instance is built from registry, and its implementation can be found in mmcv.transforms.loading
2025/06/17 23:14:01 - mmengine - DEBUG - Get class `LoadAnnotations` from "transform" registry in "mmseg"
2025/06/17 23:14:01 - mmengine - DEBUG - An `LoadAnnotations` instance is built from registry, and its implementation can be found in mmseg.datasets.transforms.loading
2025/06/17 23:14:01 - mmengine - DEBUG - Get class `Resize` from "transform" registry in "mmseg"
2025/06/17 23:14:01 - mmengine - DEBUG - An `Resize` instance is built from registry, and its implementation can be found in mmseg.datasets.transforms.transforms
2025/06/17 23:14:01 - mmengine - DEBUG - Get class `RandomFlip` from "transform" registry in "mmseg"
2025/06/17 23:14:01 - mmengine - DEBUG - An `RandomFlip` instance is built from registry, and its implementation can be found in mmseg.datasets.transforms.transforms
2025/06/17 23:14:01 - mmengine - DEBUG - Get class `PhotoMetricDistortion` from "transform" registry in "mmseg"
2025/06/17 23:14:01 - mmengine - DEBUG - An `PhotoMetricDistortion` instance is built from registry, and its implementation can be found in mmseg.datasets.transforms.transforms
2025/06/17 23:14:01 - mmengine - DEBUG - Get class `PackSegInputs` from "transform" registry in "mmseg"
2025/06/17 23:14:01 - mmengine - DEBUG - An `PackSegInputs` instance is built from registry, and its implementation can be found in mmseg.datasets.transforms.formatting
2025/06/17 23:14:01 - mmengine - DEBUG - An `UDD5Dataset` instance is built from registry, and its implementation can be found in custom_datasets
2025/06/17 23:14:01 - mmengine - DEBUG - The "data sampler" registry in mmseg did not set import location. Fallback to call `mmseg.utils.register_all_modules` instead.
2025/06/17 23:14:01 - mmengine - DEBUG - Get class `DefaultSampler` from "data sampler" registry in "mmengine"
2025/06/17 23:14:01 - mmengine - DEBUG - An `DefaultSampler` instance is built from registry, and its implementation can be found in mmengine.dataset.sampler
2025/06/17 23:14:01 - mmengine - DEBUG - Get class `pseudo_collate` from "function" registry in "mmengine"
2025/06/17 23:14:01 - mmengine - DEBUG - An `EpochBasedTrainLoop` instance is built from registry, and its implementation can be found in mmengine.runner.loops
2025/06/17 23:14:01 - mmengine - DEBUG - Modules of mmseg's optimizer wrapper constructor registry have been automatically imported from mmseg.engine.optimizers
2025/06/17 23:14:01 - mmengine - DEBUG - Get class `DefaultOptimWrapperConstructor` from "optimizer wrapper constructor" registry in "mmengine"
2025/06/17 23:14:01 - mmengine - DEBUG - An `DefaultOptimWrapperConstructor` instance is built from registry, and its implementation can be found in mmengine.optim.optimizer.default_constructor
2025/06/17 23:14:01 - mmengine - DEBUG - Modules of mmseg's optimizer registry have been automatically imported from mmseg.engine.optimizers
2025/06/17 23:14:01 - mmengine - DEBUG - Get class `Adam` from "optimizer" registry in "mmengine"
2025/06/17 23:14:01 - mmengine - DEBUG - Get class `Adam` from "optimizer" registry in "mmengine"
2025/06/17 23:14:01 - mmengine - DEBUG - An `Adam` instance is built from registry, and its implementation can be found in torch.optim.adam
2025/06/17 23:14:01 - mmengine - DEBUG - Modules of mmseg's optim_wrapper registry have been automatically imported from mmseg.engine.optimizers
2025/06/17 23:14:01 - mmengine - DEBUG - Get class `OptimWrapper` from "optim_wrapper" registry in "mmengine"
2025/06/17 23:14:01 - mmengine - DEBUG - An `OptimWrapper` instance is built from registry, and its implementation can be found in mmengine.optim.optimizer.optimizer_wrapper
2025/06/17 23:14:01 - mmengine - DEBUG - The `end` of MultiStepLR is not set. Use the max epochs/iters of train loop as default.
2025/06/17 23:14:01 - mmengine - DEBUG - Modules of mmseg's parameter scheduler registry have been automatically imported from mmseg.engine.schedulers
2025/06/17 23:14:01 - mmengine - DEBUG - Get class `MultiStepLR` from "parameter scheduler" registry in "mmengine"
2025/06/17 23:14:01 - mmengine - DEBUG - An `MultiStepLR` instance is built from registry, and its implementation can be found in mmengine.optim.scheduler.lr_scheduler
2025/06/17 23:14:01 - mmengine - DEBUG - Get class `ValLoop` from "loop" registry in "mmengine"
2025/06/17 23:14:01 - mmengine - DEBUG - Get class `UDD5Dataset` from "dataset" registry in "mmseg"
2025/06/17 23:14:01 - mmengine - DEBUG - Get class `LoadImageFromFile` from "transform" registry in "mmengine"
2025/06/17 23:14:01 - mmengine - DEBUG - An `LoadImageFromFile` instance is built from registry, and its implementation can be found in mmcv.transforms.loading
2025/06/17 23:14:01 - mmengine - DEBUG - Get class `Resize` from "transform" registry in "mmseg"
2025/06/17 23:14:01 - mmengine - DEBUG - An `Resize` instance is built from registry, and its implementation can be found in mmseg.datasets.transforms.transforms
2025/06/17 23:14:01 - mmengine - DEBUG - Get class `LoadAnnotations` from "transform" registry in "mmseg"
2025/06/17 23:14:01 - mmengine - DEBUG - An `LoadAnnotations` instance is built from registry, and its implementation can be found in mmseg.datasets.transforms.loading
2025/06/17 23:14:01 - mmengine - DEBUG - Get class `PackSegInputs` from "transform" registry in "mmseg"
2025/06/17 23:14:01 - mmengine - DEBUG - An `PackSegInputs` instance is built from registry, and its implementation can be found in mmseg.datasets.transforms.formatting
2025/06/17 23:14:01 - mmengine - DEBUG - An `UDD5Dataset` instance is built from registry, and its implementation can be found in custom_datasets
2025/06/17 23:14:01 - mmengine - DEBUG - Get class `DefaultSampler` from "data sampler" registry in "mmengine"
2025/06/17 23:14:01 - mmengine - DEBUG - An `DefaultSampler` instance is built from registry, and its implementation can be found in mmengine.dataset.sampler
2025/06/17 23:14:01 - mmengine - DEBUG - Get class `pseudo_collate` from "function" registry in "mmengine"
2025/06/17 23:14:01 - mmengine - DEBUG - Modules of mmseg's metric registry have been automatically imported from mmseg.evaluation
2025/06/17 23:14:01 - mmengine - DEBUG - Get class `IoUMetric` from "metric" registry in "mmseg"
2025/06/17 23:14:01 - mmengine - WARNING - The prefix is not set in metric class IoUMetric.
2025/06/17 23:14:01 - mmengine - DEBUG - An `IoUMetric` instance is built from registry, and its implementation can be found in mmseg.evaluation.metrics.iou_metric
2025/06/17 23:14:01 - mmengine - DEBUG - An `ValLoop` instance is built from registry, and its implementation can be found in mmengine.runner.loops
Name of parameter - Initialization information

net.positional_embedding - torch.Size([77, 512]): 
The value is the same before and after calling `init_weights` of SegEarthSegmentation  

net.text_projection - torch.Size([512, 512]): 
The value is the same before and after calling `init_weights` of SegEarthSegmentation  

net.logit_scale - torch.Size([]): 
The value is the same before and after calling `init_weights` of SegEarthSegmentation  

net.visual.class_embedding - torch.Size([768]): 
The value is the same before and after calling `init_weights` of SegEarthSegmentation  

net.visual.positional_embedding - torch.Size([197, 768]): 
The value is the same before and after calling `init_weights` of SegEarthSegmentation  

net.visual.proj - torch.Size([768, 512]): 
The value is the same before and after calling `init_weights` of SegEarthSegmentation  

net.visual.conv1.weight - torch.Size([768, 3, 16, 16]): 
The value is the same before and after calling `init_weights` of SegEarthSegmentation  

net.visual.ln_pre.weight - torch.Size([768]): 
The value is the same before and after calling `init_weights` of SegEarthSegmentation  

net.visual.ln_pre.bias - torch.Size([768]): 
The value is the same before and after calling `init_weights` of SegEarthSegmentation  

net.visual.transformer.resblocks.0.ln_1.weight - torch.Size([768]): 
The value is the same before and after calling `init_weights` of SegEarthSegmentation  

net.visual.transformer.resblocks.0.ln_1.bias - torch.Size([768]): 
The value is the same before and after calling `init_weights` of SegEarthSegmentation  

net.visual.transformer.resblocks.0.attn.in_proj_weight - torch.Size([2304, 768]): 
The value is the same before and after calling `init_weights` of SegEarthSegmentation  

net.visual.transformer.resblocks.0.attn.in_proj_bias - torch.Size([2304]): 
The value is the same before and after calling `init_weights` of SegEarthSegmentation  

net.visual.transformer.resblocks.0.attn.out_proj.weight - torch.Size([768, 768]): 
The value is the same before and after calling `init_weights` of SegEarthSegmentation  

net.visual.transformer.resblocks.0.attn.out_proj.bias - torch.Size([768]): 
The value is the same before and after calling `init_weights` of SegEarthSegmentation  

net.visual.transformer.resblocks.0.ln_2.weight - torch.Size([768]): 
The value is the same before and after calling `init_weights` of SegEarthSegmentation  

net.visual.transformer.resblocks.0.ln_2.bias - torch.Size([768]): 
The value is the same before and after calling `init_weights` of SegEarthSegmentation  

net.visual.transformer.resblocks.0.mlp.c_fc.weight - torch.Size([3072, 768]): 
The value is the same before and after calling `init_weights` of SegEarthSegmentation  

net.visual.transformer.resblocks.0.mlp.c_fc.bias - torch.Size([3072]): 
The value is the same before and after calling `init_weights` of SegEarthSegmentation  

net.visual.transformer.resblocks.0.mlp.c_proj.weight - torch.Size([768, 3072]): 
The value is the same before and after calling `init_weights` of SegEarthSegmentation  

net.visual.transformer.resblocks.0.mlp.c_proj.bias - torch.Size([768]): 
The value is the same before and after calling `init_weights` of SegEarthSegmentation  

net.visual.transformer.resblocks.1.ln_1.weight - torch.Size([768]): 
The value is the same before and after calling `init_weights` of SegEarthSegmentation  

net.visual.transformer.resblocks.1.ln_1.bias - torch.Size([768]): 
The value is the same before and after calling `init_weights` of SegEarthSegmentation  

net.visual.transformer.resblocks.1.attn.in_proj_weight - torch.Size([2304, 768]): 
The value is the same before and after calling `init_weights` of SegEarthSegmentation  

net.visual.transformer.resblocks.1.attn.in_proj_bias - torch.Size([2304]): 
The value is the same before and after calling `init_weights` of SegEarthSegmentation  

net.visual.transformer.resblocks.1.attn.out_proj.weight - torch.Size([768, 768]): 
The value is the same before and after calling `init_weights` of SegEarthSegmentation  

net.visual.transformer.resblocks.1.attn.out_proj.bias - torch.Size([768]): 
The value is the same before and after calling `init_weights` of SegEarthSegmentation  

net.visual.transformer.resblocks.1.ln_2.weight - torch.Size([768]): 
The value is the same before and after calling `init_weights` of SegEarthSegmentation  

net.visual.transformer.resblocks.1.ln_2.bias - torch.Size([768]): 
The value is the same before and after calling `init_weights` of SegEarthSegmentation  

net.visual.transformer.resblocks.1.mlp.c_fc.weight - torch.Size([3072, 768]): 
The value is the same before and after calling `init_weights` of SegEarthSegmentation  

net.visual.transformer.resblocks.1.mlp.c_fc.bias - torch.Size([3072]): 
The value is the same before and after calling `init_weights` of SegEarthSegmentation  

net.visual.transformer.resblocks.1.mlp.c_proj.weight - torch.Size([768, 3072]): 
The value is the same before and after calling `init_weights` of SegEarthSegmentation  

net.visual.transformer.resblocks.1.mlp.c_proj.bias - torch.Size([768]): 
The value is the same before and after calling `init_weights` of SegEarthSegmentation  

net.visual.transformer.resblocks.2.ln_1.weight - torch.Size([768]): 
The value is the same before and after calling `init_weights` of SegEarthSegmentation  

net.visual.transformer.resblocks.2.ln_1.bias - torch.Size([768]): 
The value is the same before and after calling `init_weights` of SegEarthSegmentation  

net.visual.transformer.resblocks.2.attn.in_proj_weight - torch.Size([2304, 768]): 
The value is the same before and after calling `init_weights` of SegEarthSegmentation  

net.visual.transformer.resblocks.2.attn.in_proj_bias - torch.Size([2304]): 
The value is the same before and after calling `init_weights` of SegEarthSegmentation  

net.visual.transformer.resblocks.2.attn.out_proj.weight - torch.Size([768, 768]): 
The value is the same before and after calling `init_weights` of SegEarthSegmentation  

net.visual.transformer.resblocks.2.attn.out_proj.bias - torch.Size([768]): 
The value is the same before and after calling `init_weights` of SegEarthSegmentation  

net.visual.transformer.resblocks.2.ln_2.weight - torch.Size([768]): 
The value is the same before and after calling `init_weights` of SegEarthSegmentation  

net.visual.transformer.resblocks.2.ln_2.bias - torch.Size([768]): 
The value is the same before and after calling `init_weights` of SegEarthSegmentation  

net.visual.transformer.resblocks.2.mlp.c_fc.weight - torch.Size([3072, 768]): 
The value is the same before and after calling `init_weights` of SegEarthSegmentation  

net.visual.transformer.resblocks.2.mlp.c_fc.bias - torch.Size([3072]): 
The value is the same before and after calling `init_weights` of SegEarthSegmentation  

net.visual.transformer.resblocks.2.mlp.c_proj.weight - torch.Size([768, 3072]): 
The value is the same before and after calling `init_weights` of SegEarthSegmentation  

net.visual.transformer.resblocks.2.mlp.c_proj.bias - torch.Size([768]): 
The value is the same before and after calling `init_weights` of SegEarthSegmentation  

net.visual.transformer.resblocks.3.ln_1.weight - torch.Size([768]): 
The value is the same before and after calling `init_weights` of SegEarthSegmentation  

net.visual.transformer.resblocks.3.ln_1.bias - torch.Size([768]): 
The value is the same before and after calling `init_weights` of SegEarthSegmentation  

net.visual.transformer.resblocks.3.attn.in_proj_weight - torch.Size([2304, 768]): 
The value is the same before and after calling `init_weights` of SegEarthSegmentation  

net.visual.transformer.resblocks.3.attn.in_proj_bias - torch.Size([2304]): 
The value is the same before and after calling `init_weights` of SegEarthSegmentation  

net.visual.transformer.resblocks.3.attn.out_proj.weight - torch.Size([768, 768]): 
The value is the same before and after calling `init_weights` of SegEarthSegmentation  

net.visual.transformer.resblocks.3.attn.out_proj.bias - torch.Size([768]): 
The value is the same before and after calling `init_weights` of SegEarthSegmentation  

net.visual.transformer.resblocks.3.ln_2.weight - torch.Size([768]): 
The value is the same before and after calling `init_weights` of SegEarthSegmentation  

net.visual.transformer.resblocks.3.ln_2.bias - torch.Size([768]): 
The value is the same before and after calling `init_weights` of SegEarthSegmentation  

net.visual.transformer.resblocks.3.mlp.c_fc.weight - torch.Size([3072, 768]): 
The value is the same before and after calling `init_weights` of SegEarthSegmentation  

net.visual.transformer.resblocks.3.mlp.c_fc.bias - torch.Size([3072]): 
The value is the same before and after calling `init_weights` of SegEarthSegmentation  

net.visual.transformer.resblocks.3.mlp.c_proj.weight - torch.Size([768, 3072]): 
The value is the same before and after calling `init_weights` of SegEarthSegmentation  

net.visual.transformer.resblocks.3.mlp.c_proj.bias - torch.Size([768]): 
The value is the same before and after calling `init_weights` of SegEarthSegmentation  

net.visual.transformer.resblocks.4.ln_1.weight - torch.Size([768]): 
The value is the same before and after calling `init_weights` of SegEarthSegmentation  

net.visual.transformer.resblocks.4.ln_1.bias - torch.Size([768]): 
The value is the same before and after calling `init_weights` of SegEarthSegmentation  

net.visual.transformer.resblocks.4.attn.in_proj_weight - torch.Size([2304, 768]): 
The value is the same before and after calling `init_weights` of SegEarthSegmentation  

net.visual.transformer.resblocks.4.attn.in_proj_bias - torch.Size([2304]): 
The value is the same before and after calling `init_weights` of SegEarthSegmentation  

net.visual.transformer.resblocks.4.attn.out_proj.weight - torch.Size([768, 768]): 
The value is the same before and after calling `init_weights` of SegEarthSegmentation  

net.visual.transformer.resblocks.4.attn.out_proj.bias - torch.Size([768]): 
The value is the same before and after calling `init_weights` of SegEarthSegmentation  

net.visual.transformer.resblocks.4.ln_2.weight - torch.Size([768]): 
The value is the same before and after calling `init_weights` of SegEarthSegmentation  

net.visual.transformer.resblocks.4.ln_2.bias - torch.Size([768]): 
The value is the same before and after calling `init_weights` of SegEarthSegmentation  

net.visual.transformer.resblocks.4.mlp.c_fc.weight - torch.Size([3072, 768]): 
The value is the same before and after calling `init_weights` of SegEarthSegmentation  

net.visual.transformer.resblocks.4.mlp.c_fc.bias - torch.Size([3072]): 
The value is the same before and after calling `init_weights` of SegEarthSegmentation  

net.visual.transformer.resblocks.4.mlp.c_proj.weight - torch.Size([768, 3072]): 
The value is the same before and after calling `init_weights` of SegEarthSegmentation  

net.visual.transformer.resblocks.4.mlp.c_proj.bias - torch.Size([768]): 
The value is the same before and after calling `init_weights` of SegEarthSegmentation  

net.visual.transformer.resblocks.5.ln_1.weight - torch.Size([768]): 
The value is the same before and after calling `init_weights` of SegEarthSegmentation  

net.visual.transformer.resblocks.5.ln_1.bias - torch.Size([768]): 
The value is the same before and after calling `init_weights` of SegEarthSegmentation  

net.visual.transformer.resblocks.5.attn.in_proj_weight - torch.Size([2304, 768]): 
The value is the same before and after calling `init_weights` of SegEarthSegmentation  

net.visual.transformer.resblocks.5.attn.in_proj_bias - torch.Size([2304]): 
The value is the same before and after calling `init_weights` of SegEarthSegmentation  

net.visual.transformer.resblocks.5.attn.out_proj.weight - torch.Size([768, 768]): 
The value is the same before and after calling `init_weights` of SegEarthSegmentation  

net.visual.transformer.resblocks.5.attn.out_proj.bias - torch.Size([768]): 
The value is the same before and after calling `init_weights` of SegEarthSegmentation  

net.visual.transformer.resblocks.5.ln_2.weight - torch.Size([768]): 
The value is the same before and after calling `init_weights` of SegEarthSegmentation  

net.visual.transformer.resblocks.5.ln_2.bias - torch.Size([768]): 
The value is the same before and after calling `init_weights` of SegEarthSegmentation  

net.visual.transformer.resblocks.5.mlp.c_fc.weight - torch.Size([3072, 768]): 
The value is the same before and after calling `init_weights` of SegEarthSegmentation  

net.visual.transformer.resblocks.5.mlp.c_fc.bias - torch.Size([3072]): 
The value is the same before and after calling `init_weights` of SegEarthSegmentation  

net.visual.transformer.resblocks.5.mlp.c_proj.weight - torch.Size([768, 3072]): 
The value is the same before and after calling `init_weights` of SegEarthSegmentation  

net.visual.transformer.resblocks.5.mlp.c_proj.bias - torch.Size([768]): 
The value is the same before and after calling `init_weights` of SegEarthSegmentation  

net.visual.transformer.resblocks.6.ln_1.weight - torch.Size([768]): 
The value is the same before and after calling `init_weights` of SegEarthSegmentation  

net.visual.transformer.resblocks.6.ln_1.bias - torch.Size([768]): 
The value is the same before and after calling `init_weights` of SegEarthSegmentation  

net.visual.transformer.resblocks.6.attn.in_proj_weight - torch.Size([2304, 768]): 
The value is the same before and after calling `init_weights` of SegEarthSegmentation  

net.visual.transformer.resblocks.6.attn.in_proj_bias - torch.Size([2304]): 
The value is the same before and after calling `init_weights` of SegEarthSegmentation  

net.visual.transformer.resblocks.6.attn.out_proj.weight - torch.Size([768, 768]): 
The value is the same before and after calling `init_weights` of SegEarthSegmentation  

net.visual.transformer.resblocks.6.attn.out_proj.bias - torch.Size([768]): 
The value is the same before and after calling `init_weights` of SegEarthSegmentation  

net.visual.transformer.resblocks.6.ln_2.weight - torch.Size([768]): 
The value is the same before and after calling `init_weights` of SegEarthSegmentation  

net.visual.transformer.resblocks.6.ln_2.bias - torch.Size([768]): 
The value is the same before and after calling `init_weights` of SegEarthSegmentation  

net.visual.transformer.resblocks.6.mlp.c_fc.weight - torch.Size([3072, 768]): 
The value is the same before and after calling `init_weights` of SegEarthSegmentation  

net.visual.transformer.resblocks.6.mlp.c_fc.bias - torch.Size([3072]): 
The value is the same before and after calling `init_weights` of SegEarthSegmentation  

net.visual.transformer.resblocks.6.mlp.c_proj.weight - torch.Size([768, 3072]): 
The value is the same before and after calling `init_weights` of SegEarthSegmentation  

net.visual.transformer.resblocks.6.mlp.c_proj.bias - torch.Size([768]): 
The value is the same before and after calling `init_weights` of SegEarthSegmentation  

net.visual.transformer.resblocks.7.ln_1.weight - torch.Size([768]): 
The value is the same before and after calling `init_weights` of SegEarthSegmentation  

net.visual.transformer.resblocks.7.ln_1.bias - torch.Size([768]): 
The value is the same before and after calling `init_weights` of SegEarthSegmentation  

net.visual.transformer.resblocks.7.attn.in_proj_weight - torch.Size([2304, 768]): 
The value is the same before and after calling `init_weights` of SegEarthSegmentation  

net.visual.transformer.resblocks.7.attn.in_proj_bias - torch.Size([2304]): 
The value is the same before and after calling `init_weights` of SegEarthSegmentation  

net.visual.transformer.resblocks.7.attn.out_proj.weight - torch.Size([768, 768]): 
The value is the same before and after calling `init_weights` of SegEarthSegmentation  

net.visual.transformer.resblocks.7.attn.out_proj.bias - torch.Size([768]): 
The value is the same before and after calling `init_weights` of SegEarthSegmentation  

net.visual.transformer.resblocks.7.ln_2.weight - torch.Size([768]): 
The value is the same before and after calling `init_weights` of SegEarthSegmentation  

net.visual.transformer.resblocks.7.ln_2.bias - torch.Size([768]): 
The value is the same before and after calling `init_weights` of SegEarthSegmentation  

net.visual.transformer.resblocks.7.mlp.c_fc.weight - torch.Size([3072, 768]): 
The value is the same before and after calling `init_weights` of SegEarthSegmentation  

net.visual.transformer.resblocks.7.mlp.c_fc.bias - torch.Size([3072]): 
The value is the same before and after calling `init_weights` of SegEarthSegmentation  

net.visual.transformer.resblocks.7.mlp.c_proj.weight - torch.Size([768, 3072]): 
The value is the same before and after calling `init_weights` of SegEarthSegmentation  

net.visual.transformer.resblocks.7.mlp.c_proj.bias - torch.Size([768]): 
The value is the same before and after calling `init_weights` of SegEarthSegmentation  

net.visual.transformer.resblocks.8.ln_1.weight - torch.Size([768]): 
The value is the same before and after calling `init_weights` of SegEarthSegmentation  

net.visual.transformer.resblocks.8.ln_1.bias - torch.Size([768]): 
The value is the same before and after calling `init_weights` of SegEarthSegmentation  

net.visual.transformer.resblocks.8.attn.in_proj_weight - torch.Size([2304, 768]): 
The value is the same before and after calling `init_weights` of SegEarthSegmentation  

net.visual.transformer.resblocks.8.attn.in_proj_bias - torch.Size([2304]): 
The value is the same before and after calling `init_weights` of SegEarthSegmentation  

net.visual.transformer.resblocks.8.attn.out_proj.weight - torch.Size([768, 768]): 
The value is the same before and after calling `init_weights` of SegEarthSegmentation  

net.visual.transformer.resblocks.8.attn.out_proj.bias - torch.Size([768]): 
The value is the same before and after calling `init_weights` of SegEarthSegmentation  

net.visual.transformer.resblocks.8.ln_2.weight - torch.Size([768]): 
The value is the same before and after calling `init_weights` of SegEarthSegmentation  

net.visual.transformer.resblocks.8.ln_2.bias - torch.Size([768]): 
The value is the same before and after calling `init_weights` of SegEarthSegmentation  

net.visual.transformer.resblocks.8.mlp.c_fc.weight - torch.Size([3072, 768]): 
The value is the same before and after calling `init_weights` of SegEarthSegmentation  

net.visual.transformer.resblocks.8.mlp.c_fc.bias - torch.Size([3072]): 
The value is the same before and after calling `init_weights` of SegEarthSegmentation  

net.visual.transformer.resblocks.8.mlp.c_proj.weight - torch.Size([768, 3072]): 
The value is the same before and after calling `init_weights` of SegEarthSegmentation  

net.visual.transformer.resblocks.8.mlp.c_proj.bias - torch.Size([768]): 
The value is the same before and after calling `init_weights` of SegEarthSegmentation  

net.visual.transformer.resblocks.9.ln_1.weight - torch.Size([768]): 
The value is the same before and after calling `init_weights` of SegEarthSegmentation  

net.visual.transformer.resblocks.9.ln_1.bias - torch.Size([768]): 
The value is the same before and after calling `init_weights` of SegEarthSegmentation  

net.visual.transformer.resblocks.9.attn.in_proj_weight - torch.Size([2304, 768]): 
The value is the same before and after calling `init_weights` of SegEarthSegmentation  

net.visual.transformer.resblocks.9.attn.in_proj_bias - torch.Size([2304]): 
The value is the same before and after calling `init_weights` of SegEarthSegmentation  

net.visual.transformer.resblocks.9.attn.out_proj.weight - torch.Size([768, 768]): 
The value is the same before and after calling `init_weights` of SegEarthSegmentation  

net.visual.transformer.resblocks.9.attn.out_proj.bias - torch.Size([768]): 
The value is the same before and after calling `init_weights` of SegEarthSegmentation  

net.visual.transformer.resblocks.9.ln_2.weight - torch.Size([768]): 
The value is the same before and after calling `init_weights` of SegEarthSegmentation  

net.visual.transformer.resblocks.9.ln_2.bias - torch.Size([768]): 
The value is the same before and after calling `init_weights` of SegEarthSegmentation  

net.visual.transformer.resblocks.9.mlp.c_fc.weight - torch.Size([3072, 768]): 
The value is the same before and after calling `init_weights` of SegEarthSegmentation  

net.visual.transformer.resblocks.9.mlp.c_fc.bias - torch.Size([3072]): 
The value is the same before and after calling `init_weights` of SegEarthSegmentation  

net.visual.transformer.resblocks.9.mlp.c_proj.weight - torch.Size([768, 3072]): 
The value is the same before and after calling `init_weights` of SegEarthSegmentation  

net.visual.transformer.resblocks.9.mlp.c_proj.bias - torch.Size([768]): 
The value is the same before and after calling `init_weights` of SegEarthSegmentation  

net.visual.transformer.resblocks.10.ln_1.weight - torch.Size([768]): 
The value is the same before and after calling `init_weights` of SegEarthSegmentation  

net.visual.transformer.resblocks.10.ln_1.bias - torch.Size([768]): 
The value is the same before and after calling `init_weights` of SegEarthSegmentation  

net.visual.transformer.resblocks.10.attn.in_proj_weight - torch.Size([2304, 768]): 
The value is the same before and after calling `init_weights` of SegEarthSegmentation  

net.visual.transformer.resblocks.10.attn.in_proj_bias - torch.Size([2304]): 
The value is the same before and after calling `init_weights` of SegEarthSegmentation  

net.visual.transformer.resblocks.10.attn.out_proj.weight - torch.Size([768, 768]): 
The value is the same before and after calling `init_weights` of SegEarthSegmentation  

net.visual.transformer.resblocks.10.attn.out_proj.bias - torch.Size([768]): 
The value is the same before and after calling `init_weights` of SegEarthSegmentation  

net.visual.transformer.resblocks.10.ln_2.weight - torch.Size([768]): 
The value is the same before and after calling `init_weights` of SegEarthSegmentation  

net.visual.transformer.resblocks.10.ln_2.bias - torch.Size([768]): 
The value is the same before and after calling `init_weights` of SegEarthSegmentation  

net.visual.transformer.resblocks.10.mlp.c_fc.weight - torch.Size([3072, 768]): 
The value is the same before and after calling `init_weights` of SegEarthSegmentation  

net.visual.transformer.resblocks.10.mlp.c_fc.bias - torch.Size([3072]): 
The value is the same before and after calling `init_weights` of SegEarthSegmentation  

net.visual.transformer.resblocks.10.mlp.c_proj.weight - torch.Size([768, 3072]): 
The value is the same before and after calling `init_weights` of SegEarthSegmentation  

net.visual.transformer.resblocks.10.mlp.c_proj.bias - torch.Size([768]): 
The value is the same before and after calling `init_weights` of SegEarthSegmentation  

net.visual.transformer.resblocks.11.ln_1.weight - torch.Size([768]): 
The value is the same before and after calling `init_weights` of SegEarthSegmentation  

net.visual.transformer.resblocks.11.ln_1.bias - torch.Size([768]): 
The value is the same before and after calling `init_weights` of SegEarthSegmentation  

net.visual.transformer.resblocks.11.attn.in_proj_weight - torch.Size([2304, 768]): 
The value is the same before and after calling `init_weights` of SegEarthSegmentation  

net.visual.transformer.resblocks.11.attn.in_proj_bias - torch.Size([2304]): 
The value is the same before and after calling `init_weights` of SegEarthSegmentation  

net.visual.transformer.resblocks.11.attn.out_proj.weight - torch.Size([768, 768]): 
The value is the same before and after calling `init_weights` of SegEarthSegmentation  

net.visual.transformer.resblocks.11.attn.out_proj.bias - torch.Size([768]): 
The value is the same before and after calling `init_weights` of SegEarthSegmentation  

net.visual.transformer.resblocks.11.ln_2.weight - torch.Size([768]): 
The value is the same before and after calling `init_weights` of SegEarthSegmentation  

net.visual.transformer.resblocks.11.ln_2.bias - torch.Size([768]): 
The value is the same before and after calling `init_weights` of SegEarthSegmentation  

net.visual.transformer.resblocks.11.mlp.c_fc.weight - torch.Size([3072, 768]): 
The value is the same before and after calling `init_weights` of SegEarthSegmentation  

net.visual.transformer.resblocks.11.mlp.c_fc.bias - torch.Size([3072]): 
The value is the same before and after calling `init_weights` of SegEarthSegmentation  

net.visual.transformer.resblocks.11.mlp.c_proj.weight - torch.Size([768, 3072]): 
The value is the same before and after calling `init_weights` of SegEarthSegmentation  

net.visual.transformer.resblocks.11.mlp.c_proj.bias - torch.Size([768]): 
The value is the same before and after calling `init_weights` of SegEarthSegmentation  

net.visual.ln_post.weight - torch.Size([768]): 
The value is the same before and after calling `init_weights` of SegEarthSegmentation  

net.visual.ln_post.bias - torch.Size([768]): 
The value is the same before and after calling `init_weights` of SegEarthSegmentation  

net.visual.fusion.proj_intermediate.0.weight - torch.Size([768, 768]): 
The value is the same before and after calling `init_weights` of SegEarthSegmentation  

net.visual.fusion.proj_intermediate.0.bias - torch.Size([768]): 
The value is the same before and after calling `init_weights` of SegEarthSegmentation  

net.visual.fusion.proj_intermediate.1.weight - torch.Size([768, 768]): 
The value is the same before and after calling `init_weights` of SegEarthSegmentation  

net.visual.fusion.proj_intermediate.1.bias - torch.Size([768]): 
The value is the same before and after calling `init_weights` of SegEarthSegmentation  

net.visual.fusion.proj_intermediate.2.weight - torch.Size([768, 768]): 
The value is the same before and after calling `init_weights` of SegEarthSegmentation  

net.visual.fusion.proj_intermediate.2.bias - torch.Size([768]): 
The value is the same before and after calling `init_weights` of SegEarthSegmentation  

net.visual.fusion.proj_last.weight - torch.Size([768, 768]): 
The value is the same before and after calling `init_weights` of SegEarthSegmentation  

net.visual.fusion.proj_last.bias - torch.Size([768]): 
The value is the same before and after calling `init_weights` of SegEarthSegmentation  

net.visual.fusion.fusion_last.weight - torch.Size([768, 1536]): 
The value is the same before and after calling `init_weights` of SegEarthSegmentation  

net.visual.fusion.fusion_last.bias - torch.Size([768]): 
The value is the same before and after calling `init_weights` of SegEarthSegmentation  

net.visual.fusion.fusion_layer.weight - torch.Size([768, 768]): 
The value is the same before and after calling `init_weights` of SegEarthSegmentation  

net.visual.fusion.fusion_layer.bias - torch.Size([768]): 
The value is the same before and after calling `init_weights` of SegEarthSegmentation  

net.transformer.resblocks.0.ln_1.weight - torch.Size([512]): 
The value is the same before and after calling `init_weights` of SegEarthSegmentation  

net.transformer.resblocks.0.ln_1.bias - torch.Size([512]): 
The value is the same before and after calling `init_weights` of SegEarthSegmentation  

net.transformer.resblocks.0.attn.in_proj_weight - torch.Size([1536, 512]): 
The value is the same before and after calling `init_weights` of SegEarthSegmentation  

net.transformer.resblocks.0.attn.in_proj_bias - torch.Size([1536]): 
The value is the same before and after calling `init_weights` of SegEarthSegmentation  

net.transformer.resblocks.0.attn.out_proj.weight - torch.Size([512, 512]): 
The value is the same before and after calling `init_weights` of SegEarthSegmentation  

net.transformer.resblocks.0.attn.out_proj.bias - torch.Size([512]): 
The value is the same before and after calling `init_weights` of SegEarthSegmentation  

net.transformer.resblocks.0.ln_2.weight - torch.Size([512]): 
The value is the same before and after calling `init_weights` of SegEarthSegmentation  

net.transformer.resblocks.0.ln_2.bias - torch.Size([512]): 
The value is the same before and after calling `init_weights` of SegEarthSegmentation  

net.transformer.resblocks.0.mlp.c_fc.weight - torch.Size([2048, 512]): 
The value is the same before and after calling `init_weights` of SegEarthSegmentation  

net.transformer.resblocks.0.mlp.c_fc.bias - torch.Size([2048]): 
The value is the same before and after calling `init_weights` of SegEarthSegmentation  

net.transformer.resblocks.0.mlp.c_proj.weight - torch.Size([512, 2048]): 
The value is the same before and after calling `init_weights` of SegEarthSegmentation  

net.transformer.resblocks.0.mlp.c_proj.bias - torch.Size([512]): 
The value is the same before and after calling `init_weights` of SegEarthSegmentation  

net.transformer.resblocks.1.ln_1.weight - torch.Size([512]): 
The value is the same before and after calling `init_weights` of SegEarthSegmentation  

net.transformer.resblocks.1.ln_1.bias - torch.Size([512]): 
The value is the same before and after calling `init_weights` of SegEarthSegmentation  

net.transformer.resblocks.1.attn.in_proj_weight - torch.Size([1536, 512]): 
The value is the same before and after calling `init_weights` of SegEarthSegmentation  

net.transformer.resblocks.1.attn.in_proj_bias - torch.Size([1536]): 
The value is the same before and after calling `init_weights` of SegEarthSegmentation  

net.transformer.resblocks.1.attn.out_proj.weight - torch.Size([512, 512]): 
The value is the same before and after calling `init_weights` of SegEarthSegmentation  

net.transformer.resblocks.1.attn.out_proj.bias - torch.Size([512]): 
The value is the same before and after calling `init_weights` of SegEarthSegmentation  

net.transformer.resblocks.1.ln_2.weight - torch.Size([512]): 
The value is the same before and after calling `init_weights` of SegEarthSegmentation  

net.transformer.resblocks.1.ln_2.bias - torch.Size([512]): 
The value is the same before and after calling `init_weights` of SegEarthSegmentation  

net.transformer.resblocks.1.mlp.c_fc.weight - torch.Size([2048, 512]): 
The value is the same before and after calling `init_weights` of SegEarthSegmentation  

net.transformer.resblocks.1.mlp.c_fc.bias - torch.Size([2048]): 
The value is the same before and after calling `init_weights` of SegEarthSegmentation  

net.transformer.resblocks.1.mlp.c_proj.weight - torch.Size([512, 2048]): 
The value is the same before and after calling `init_weights` of SegEarthSegmentation  

net.transformer.resblocks.1.mlp.c_proj.bias - torch.Size([512]): 
The value is the same before and after calling `init_weights` of SegEarthSegmentation  

net.transformer.resblocks.2.ln_1.weight - torch.Size([512]): 
The value is the same before and after calling `init_weights` of SegEarthSegmentation  

net.transformer.resblocks.2.ln_1.bias - torch.Size([512]): 
The value is the same before and after calling `init_weights` of SegEarthSegmentation  

net.transformer.resblocks.2.attn.in_proj_weight - torch.Size([1536, 512]): 
The value is the same before and after calling `init_weights` of SegEarthSegmentation  

net.transformer.resblocks.2.attn.in_proj_bias - torch.Size([1536]): 
The value is the same before and after calling `init_weights` of SegEarthSegmentation  

net.transformer.resblocks.2.attn.out_proj.weight - torch.Size([512, 512]): 
The value is the same before and after calling `init_weights` of SegEarthSegmentation  

net.transformer.resblocks.2.attn.out_proj.bias - torch.Size([512]): 
The value is the same before and after calling `init_weights` of SegEarthSegmentation  

net.transformer.resblocks.2.ln_2.weight - torch.Size([512]): 
The value is the same before and after calling `init_weights` of SegEarthSegmentation  

net.transformer.resblocks.2.ln_2.bias - torch.Size([512]): 
The value is the same before and after calling `init_weights` of SegEarthSegmentation  

net.transformer.resblocks.2.mlp.c_fc.weight - torch.Size([2048, 512]): 
The value is the same before and after calling `init_weights` of SegEarthSegmentation  

net.transformer.resblocks.2.mlp.c_fc.bias - torch.Size([2048]): 
The value is the same before and after calling `init_weights` of SegEarthSegmentation  

net.transformer.resblocks.2.mlp.c_proj.weight - torch.Size([512, 2048]): 
The value is the same before and after calling `init_weights` of SegEarthSegmentation  

net.transformer.resblocks.2.mlp.c_proj.bias - torch.Size([512]): 
The value is the same before and after calling `init_weights` of SegEarthSegmentation  

net.transformer.resblocks.3.ln_1.weight - torch.Size([512]): 
The value is the same before and after calling `init_weights` of SegEarthSegmentation  

net.transformer.resblocks.3.ln_1.bias - torch.Size([512]): 
The value is the same before and after calling `init_weights` of SegEarthSegmentation  

net.transformer.resblocks.3.attn.in_proj_weight - torch.Size([1536, 512]): 
The value is the same before and after calling `init_weights` of SegEarthSegmentation  

net.transformer.resblocks.3.attn.in_proj_bias - torch.Size([1536]): 
The value is the same before and after calling `init_weights` of SegEarthSegmentation  

net.transformer.resblocks.3.attn.out_proj.weight - torch.Size([512, 512]): 
The value is the same before and after calling `init_weights` of SegEarthSegmentation  

net.transformer.resblocks.3.attn.out_proj.bias - torch.Size([512]): 
The value is the same before and after calling `init_weights` of SegEarthSegmentation  

net.transformer.resblocks.3.ln_2.weight - torch.Size([512]): 
The value is the same before and after calling `init_weights` of SegEarthSegmentation  

net.transformer.resblocks.3.ln_2.bias - torch.Size([512]): 
The value is the same before and after calling `init_weights` of SegEarthSegmentation  

net.transformer.resblocks.3.mlp.c_fc.weight - torch.Size([2048, 512]): 
The value is the same before and after calling `init_weights` of SegEarthSegmentation  

net.transformer.resblocks.3.mlp.c_fc.bias - torch.Size([2048]): 
The value is the same before and after calling `init_weights` of SegEarthSegmentation  

net.transformer.resblocks.3.mlp.c_proj.weight - torch.Size([512, 2048]): 
The value is the same before and after calling `init_weights` of SegEarthSegmentation  

net.transformer.resblocks.3.mlp.c_proj.bias - torch.Size([512]): 
The value is the same before and after calling `init_weights` of SegEarthSegmentation  

net.transformer.resblocks.4.ln_1.weight - torch.Size([512]): 
The value is the same before and after calling `init_weights` of SegEarthSegmentation  

net.transformer.resblocks.4.ln_1.bias - torch.Size([512]): 
The value is the same before and after calling `init_weights` of SegEarthSegmentation  

net.transformer.resblocks.4.attn.in_proj_weight - torch.Size([1536, 512]): 
The value is the same before and after calling `init_weights` of SegEarthSegmentation  

net.transformer.resblocks.4.attn.in_proj_bias - torch.Size([1536]): 
The value is the same before and after calling `init_weights` of SegEarthSegmentation  

net.transformer.resblocks.4.attn.out_proj.weight - torch.Size([512, 512]): 
The value is the same before and after calling `init_weights` of SegEarthSegmentation  

net.transformer.resblocks.4.attn.out_proj.bias - torch.Size([512]): 
The value is the same before and after calling `init_weights` of SegEarthSegmentation  

net.transformer.resblocks.4.ln_2.weight - torch.Size([512]): 
The value is the same before and after calling `init_weights` of SegEarthSegmentation  

net.transformer.resblocks.4.ln_2.bias - torch.Size([512]): 
The value is the same before and after calling `init_weights` of SegEarthSegmentation  

net.transformer.resblocks.4.mlp.c_fc.weight - torch.Size([2048, 512]): 
The value is the same before and after calling `init_weights` of SegEarthSegmentation  

net.transformer.resblocks.4.mlp.c_fc.bias - torch.Size([2048]): 
The value is the same before and after calling `init_weights` of SegEarthSegmentation  

net.transformer.resblocks.4.mlp.c_proj.weight - torch.Size([512, 2048]): 
The value is the same before and after calling `init_weights` of SegEarthSegmentation  

net.transformer.resblocks.4.mlp.c_proj.bias - torch.Size([512]): 
The value is the same before and after calling `init_weights` of SegEarthSegmentation  

net.transformer.resblocks.5.ln_1.weight - torch.Size([512]): 
The value is the same before and after calling `init_weights` of SegEarthSegmentation  

net.transformer.resblocks.5.ln_1.bias - torch.Size([512]): 
The value is the same before and after calling `init_weights` of SegEarthSegmentation  

net.transformer.resblocks.5.attn.in_proj_weight - torch.Size([1536, 512]): 
The value is the same before and after calling `init_weights` of SegEarthSegmentation  

net.transformer.resblocks.5.attn.in_proj_bias - torch.Size([1536]): 
The value is the same before and after calling `init_weights` of SegEarthSegmentation  

net.transformer.resblocks.5.attn.out_proj.weight - torch.Size([512, 512]): 
The value is the same before and after calling `init_weights` of SegEarthSegmentation  

net.transformer.resblocks.5.attn.out_proj.bias - torch.Size([512]): 
The value is the same before and after calling `init_weights` of SegEarthSegmentation  

net.transformer.resblocks.5.ln_2.weight - torch.Size([512]): 
The value is the same before and after calling `init_weights` of SegEarthSegmentation  

net.transformer.resblocks.5.ln_2.bias - torch.Size([512]): 
The value is the same before and after calling `init_weights` of SegEarthSegmentation  

net.transformer.resblocks.5.mlp.c_fc.weight - torch.Size([2048, 512]): 
The value is the same before and after calling `init_weights` of SegEarthSegmentation  

net.transformer.resblocks.5.mlp.c_fc.bias - torch.Size([2048]): 
The value is the same before and after calling `init_weights` of SegEarthSegmentation  

net.transformer.resblocks.5.mlp.c_proj.weight - torch.Size([512, 2048]): 
The value is the same before and after calling `init_weights` of SegEarthSegmentation  

net.transformer.resblocks.5.mlp.c_proj.bias - torch.Size([512]): 
The value is the same before and after calling `init_weights` of SegEarthSegmentation  

net.transformer.resblocks.6.ln_1.weight - torch.Size([512]): 
The value is the same before and after calling `init_weights` of SegEarthSegmentation  

net.transformer.resblocks.6.ln_1.bias - torch.Size([512]): 
The value is the same before and after calling `init_weights` of SegEarthSegmentation  

net.transformer.resblocks.6.attn.in_proj_weight - torch.Size([1536, 512]): 
The value is the same before and after calling `init_weights` of SegEarthSegmentation  

net.transformer.resblocks.6.attn.in_proj_bias - torch.Size([1536]): 
The value is the same before and after calling `init_weights` of SegEarthSegmentation  

net.transformer.resblocks.6.attn.out_proj.weight - torch.Size([512, 512]): 
The value is the same before and after calling `init_weights` of SegEarthSegmentation  

net.transformer.resblocks.6.attn.out_proj.bias - torch.Size([512]): 
The value is the same before and after calling `init_weights` of SegEarthSegmentation  

net.transformer.resblocks.6.ln_2.weight - torch.Size([512]): 
The value is the same before and after calling `init_weights` of SegEarthSegmentation  

net.transformer.resblocks.6.ln_2.bias - torch.Size([512]): 
The value is the same before and after calling `init_weights` of SegEarthSegmentation  

net.transformer.resblocks.6.mlp.c_fc.weight - torch.Size([2048, 512]): 
The value is the same before and after calling `init_weights` of SegEarthSegmentation  

net.transformer.resblocks.6.mlp.c_fc.bias - torch.Size([2048]): 
The value is the same before and after calling `init_weights` of SegEarthSegmentation  

net.transformer.resblocks.6.mlp.c_proj.weight - torch.Size([512, 2048]): 
The value is the same before and after calling `init_weights` of SegEarthSegmentation  

net.transformer.resblocks.6.mlp.c_proj.bias - torch.Size([512]): 
The value is the same before and after calling `init_weights` of SegEarthSegmentation  

net.transformer.resblocks.7.ln_1.weight - torch.Size([512]): 
The value is the same before and after calling `init_weights` of SegEarthSegmentation  

net.transformer.resblocks.7.ln_1.bias - torch.Size([512]): 
The value is the same before and after calling `init_weights` of SegEarthSegmentation  

net.transformer.resblocks.7.attn.in_proj_weight - torch.Size([1536, 512]): 
The value is the same before and after calling `init_weights` of SegEarthSegmentation  

net.transformer.resblocks.7.attn.in_proj_bias - torch.Size([1536]): 
The value is the same before and after calling `init_weights` of SegEarthSegmentation  

net.transformer.resblocks.7.attn.out_proj.weight - torch.Size([512, 512]): 
The value is the same before and after calling `init_weights` of SegEarthSegmentation  

net.transformer.resblocks.7.attn.out_proj.bias - torch.Size([512]): 
The value is the same before and after calling `init_weights` of SegEarthSegmentation  

net.transformer.resblocks.7.ln_2.weight - torch.Size([512]): 
The value is the same before and after calling `init_weights` of SegEarthSegmentation  

net.transformer.resblocks.7.ln_2.bias - torch.Size([512]): 
The value is the same before and after calling `init_weights` of SegEarthSegmentation  

net.transformer.resblocks.7.mlp.c_fc.weight - torch.Size([2048, 512]): 
The value is the same before and after calling `init_weights` of SegEarthSegmentation  

net.transformer.resblocks.7.mlp.c_fc.bias - torch.Size([2048]): 
The value is the same before and after calling `init_weights` of SegEarthSegmentation  

net.transformer.resblocks.7.mlp.c_proj.weight - torch.Size([512, 2048]): 
The value is the same before and after calling `init_weights` of SegEarthSegmentation  

net.transformer.resblocks.7.mlp.c_proj.bias - torch.Size([512]): 
The value is the same before and after calling `init_weights` of SegEarthSegmentation  

net.transformer.resblocks.8.ln_1.weight - torch.Size([512]): 
The value is the same before and after calling `init_weights` of SegEarthSegmentation  

net.transformer.resblocks.8.ln_1.bias - torch.Size([512]): 
The value is the same before and after calling `init_weights` of SegEarthSegmentation  

net.transformer.resblocks.8.attn.in_proj_weight - torch.Size([1536, 512]): 
The value is the same before and after calling `init_weights` of SegEarthSegmentation  

net.transformer.resblocks.8.attn.in_proj_bias - torch.Size([1536]): 
The value is the same before and after calling `init_weights` of SegEarthSegmentation  

net.transformer.resblocks.8.attn.out_proj.weight - torch.Size([512, 512]): 
The value is the same before and after calling `init_weights` of SegEarthSegmentation  

net.transformer.resblocks.8.attn.out_proj.bias - torch.Size([512]): 
The value is the same before and after calling `init_weights` of SegEarthSegmentation  

net.transformer.resblocks.8.ln_2.weight - torch.Size([512]): 
The value is the same before and after calling `init_weights` of SegEarthSegmentation  

net.transformer.resblocks.8.ln_2.bias - torch.Size([512]): 
The value is the same before and after calling `init_weights` of SegEarthSegmentation  

net.transformer.resblocks.8.mlp.c_fc.weight - torch.Size([2048, 512]): 
The value is the same before and after calling `init_weights` of SegEarthSegmentation  

net.transformer.resblocks.8.mlp.c_fc.bias - torch.Size([2048]): 
The value is the same before and after calling `init_weights` of SegEarthSegmentation  

net.transformer.resblocks.8.mlp.c_proj.weight - torch.Size([512, 2048]): 
The value is the same before and after calling `init_weights` of SegEarthSegmentation  

net.transformer.resblocks.8.mlp.c_proj.bias - torch.Size([512]): 
The value is the same before and after calling `init_weights` of SegEarthSegmentation  

net.transformer.resblocks.9.ln_1.weight - torch.Size([512]): 
The value is the same before and after calling `init_weights` of SegEarthSegmentation  

net.transformer.resblocks.9.ln_1.bias - torch.Size([512]): 
The value is the same before and after calling `init_weights` of SegEarthSegmentation  

net.transformer.resblocks.9.attn.in_proj_weight - torch.Size([1536, 512]): 
The value is the same before and after calling `init_weights` of SegEarthSegmentation  

net.transformer.resblocks.9.attn.in_proj_bias - torch.Size([1536]): 
The value is the same before and after calling `init_weights` of SegEarthSegmentation  

net.transformer.resblocks.9.attn.out_proj.weight - torch.Size([512, 512]): 
The value is the same before and after calling `init_weights` of SegEarthSegmentation  

net.transformer.resblocks.9.attn.out_proj.bias - torch.Size([512]): 
The value is the same before and after calling `init_weights` of SegEarthSegmentation  

net.transformer.resblocks.9.ln_2.weight - torch.Size([512]): 
The value is the same before and after calling `init_weights` of SegEarthSegmentation  

net.transformer.resblocks.9.ln_2.bias - torch.Size([512]): 
The value is the same before and after calling `init_weights` of SegEarthSegmentation  

net.transformer.resblocks.9.mlp.c_fc.weight - torch.Size([2048, 512]): 
The value is the same before and after calling `init_weights` of SegEarthSegmentation  

net.transformer.resblocks.9.mlp.c_fc.bias - torch.Size([2048]): 
The value is the same before and after calling `init_weights` of SegEarthSegmentation  

net.transformer.resblocks.9.mlp.c_proj.weight - torch.Size([512, 2048]): 
The value is the same before and after calling `init_weights` of SegEarthSegmentation  

net.transformer.resblocks.9.mlp.c_proj.bias - torch.Size([512]): 
The value is the same before and after calling `init_weights` of SegEarthSegmentation  

net.transformer.resblocks.10.ln_1.weight - torch.Size([512]): 
The value is the same before and after calling `init_weights` of SegEarthSegmentation  

net.transformer.resblocks.10.ln_1.bias - torch.Size([512]): 
The value is the same before and after calling `init_weights` of SegEarthSegmentation  

net.transformer.resblocks.10.attn.in_proj_weight - torch.Size([1536, 512]): 
The value is the same before and after calling `init_weights` of SegEarthSegmentation  

net.transformer.resblocks.10.attn.in_proj_bias - torch.Size([1536]): 
The value is the same before and after calling `init_weights` of SegEarthSegmentation  

net.transformer.resblocks.10.attn.out_proj.weight - torch.Size([512, 512]): 
The value is the same before and after calling `init_weights` of SegEarthSegmentation  

net.transformer.resblocks.10.attn.out_proj.bias - torch.Size([512]): 
The value is the same before and after calling `init_weights` of SegEarthSegmentation  

net.transformer.resblocks.10.ln_2.weight - torch.Size([512]): 
The value is the same before and after calling `init_weights` of SegEarthSegmentation  

net.transformer.resblocks.10.ln_2.bias - torch.Size([512]): 
The value is the same before and after calling `init_weights` of SegEarthSegmentation  

net.transformer.resblocks.10.mlp.c_fc.weight - torch.Size([2048, 512]): 
The value is the same before and after calling `init_weights` of SegEarthSegmentation  

net.transformer.resblocks.10.mlp.c_fc.bias - torch.Size([2048]): 
The value is the same before and after calling `init_weights` of SegEarthSegmentation  

net.transformer.resblocks.10.mlp.c_proj.weight - torch.Size([512, 2048]): 
The value is the same before and after calling `init_weights` of SegEarthSegmentation  

net.transformer.resblocks.10.mlp.c_proj.bias - torch.Size([512]): 
The value is the same before and after calling `init_weights` of SegEarthSegmentation  

net.transformer.resblocks.11.ln_1.weight - torch.Size([512]): 
The value is the same before and after calling `init_weights` of SegEarthSegmentation  

net.transformer.resblocks.11.ln_1.bias - torch.Size([512]): 
The value is the same before and after calling `init_weights` of SegEarthSegmentation  

net.transformer.resblocks.11.attn.in_proj_weight - torch.Size([1536, 512]): 
The value is the same before and after calling `init_weights` of SegEarthSegmentation  

net.transformer.resblocks.11.attn.in_proj_bias - torch.Size([1536]): 
The value is the same before and after calling `init_weights` of SegEarthSegmentation  

net.transformer.resblocks.11.attn.out_proj.weight - torch.Size([512, 512]): 
The value is the same before and after calling `init_weights` of SegEarthSegmentation  

net.transformer.resblocks.11.attn.out_proj.bias - torch.Size([512]): 
The value is the same before and after calling `init_weights` of SegEarthSegmentation  

net.transformer.resblocks.11.ln_2.weight - torch.Size([512]): 
The value is the same before and after calling `init_weights` of SegEarthSegmentation  

net.transformer.resblocks.11.ln_2.bias - torch.Size([512]): 
The value is the same before and after calling `init_weights` of SegEarthSegmentation  

net.transformer.resblocks.11.mlp.c_fc.weight - torch.Size([2048, 512]): 
The value is the same before and after calling `init_weights` of SegEarthSegmentation  

net.transformer.resblocks.11.mlp.c_fc.bias - torch.Size([2048]): 
The value is the same before and after calling `init_weights` of SegEarthSegmentation  

net.transformer.resblocks.11.mlp.c_proj.weight - torch.Size([512, 2048]): 
The value is the same before and after calling `init_weights` of SegEarthSegmentation  

net.transformer.resblocks.11.mlp.c_proj.bias - torch.Size([512]): 
The value is the same before and after calling `init_weights` of SegEarthSegmentation  

net.token_embedding.weight - torch.Size([49408, 512]): 
The value is the same before and after calling `init_weights` of SegEarthSegmentation  

net.ln_final.weight - torch.Size([512]): 
The value is the same before and after calling `init_weights` of SegEarthSegmentation  

net.ln_final.bias - torch.Size([512]): 
The value is the same before and after calling `init_weights` of SegEarthSegmentation  

upsampler.up.range_temp - torch.Size([]): 
The value is the same before and after calling `init_weights` of SegEarthSegmentation  

upsampler.up.sigma_spatial - torch.Size([]): 
The value is the same before and after calling `init_weights` of SegEarthSegmentation  

upsampler.up.range_proj.0.weight - torch.Size([32, 3, 1, 1]): 
The value is the same before and after calling `init_weights` of SegEarthSegmentation  

upsampler.up.range_proj.0.bias - torch.Size([32]): 
The value is the same before and after calling `init_weights` of SegEarthSegmentation  

upsampler.up.range_proj.3.weight - torch.Size([32, 32, 1, 1]): 
The value is the same before and after calling `init_weights` of SegEarthSegmentation  

upsampler.up.range_proj.3.bias - torch.Size([32]): 
The value is the same before and after calling `init_weights` of SegEarthSegmentation  

upsampler.up.fixup_proj.0.weight - torch.Size([121, 124, 1, 1]): 
The value is the same before and after calling `init_weights` of SegEarthSegmentation  

upsampler.up.fixup_proj.0.bias - torch.Size([121]): 
The value is the same before and after calling `init_weights` of SegEarthSegmentation  

upsampler.up.fixup_proj.3.weight - torch.Size([121, 121, 1, 1]): 
The value is the same before and after calling `init_weights` of SegEarthSegmentation  

upsampler.up.fixup_proj.3.bias - torch.Size([121]): 
The value is the same before and after calling `init_weights` of SegEarthSegmentation  

upsampler.fixup_proj.1.weight - torch.Size([512, 512, 1, 1]): 
The value is the same before and after calling `init_weights` of SegEarthSegmentation  

upsampler.fixup_proj.1.bias - torch.Size([512]): 
The value is the same before and after calling `init_weights` of SegEarthSegmentation  
2025/06/17 23:14:01 - mmengine - WARNING - "FileClient" will be deprecated in future. Please use io functions in https://mmengine.readthedocs.io/en/latest/api/fileio.html#file-io
2025/06/17 23:14:01 - mmengine - WARNING - "HardDiskBackend" is the alias of "LocalBackend" and the former will be deprecated in future.
2025/06/17 23:14:01 - mmengine - INFO - Checkpoints will be saved to /data/SegEarth-OV/train_logs.
2025/06/17 23:14:03 - mmengine - INFO - Iter(train) [    1/60000]  lr: 1.0000e-03  eta: 1 day, 8:35:40  time: 1.9557  data_time: 0.5208  memory: 7132  loss: 1.5950  loss_ce: 1.5950
2025/06/17 23:14:04 - mmengine - INFO - Iter(train) [    2/60000]  lr: 1.0000e-03  eta: 21:23:53  time: 1.2839  data_time: 0.2618  memory: 7172  loss: 1.6050  loss_ce: 1.6050
2025/06/17 23:14:05 - mmengine - INFO - Iter(train) [    3/60000]  lr: 1.0000e-03  eta: 17:04:10  time: 1.0242  data_time: 0.1755  memory: 7172  loss: 1.5951  loss_ce: 1.5951
2025/06/17 23:14:05 - mmengine - INFO - Iter(train) [    4/60000]  lr: 1.0000e-03  eta: 14:25:58  time: 0.8660  data_time: 0.1325  memory: 7172  loss: 1.5850  loss_ce: 1.5850
2025/06/17 23:14:05 - mmengine - INFO - Iter(train) [    5/60000]  lr: 1.0000e-03  eta: 12:55:13  time: 0.7753  data_time: 0.1072  memory: 7172  loss: 1.5626  loss_ce: 1.5626
2025/06/17 23:14:06 - mmengine - INFO - Iter(train) [    6/60000]  lr: 1.0000e-03  eta: 11:49:55  time: 0.7100  data_time: 0.0896  memory: 7172  loss: 1.5427  loss_ce: 1.5427
2025/06/17 23:14:06 - mmengine - INFO - Iter(train) [    7/60000]  lr: 1.0000e-03  eta: 11:08:58  time: 0.6690  data_time: 0.0771  memory: 7172  loss: 1.5389  loss_ce: 1.5389
2025/06/17 23:14:06 - mmengine - INFO - Iter(train) [    8/60000]  lr: 1.0000e-03  eta: 10:32:31  time: 0.6326  data_time: 0.0677  memory: 7172  loss: 1.5337  loss_ce: 1.5337
2025/06/17 23:14:07 - mmengine - INFO - Iter(train) [    9/60000]  lr: 1.0000e-03  eta: 10:05:11  time: 0.6053  data_time: 0.0605  memory: 7172  loss: 1.5278  loss_ce: 1.5278
2025/06/17 23:14:07 - mmengine - INFO - Iter(train) [   10/60000]  lr: 1.0000e-03  eta: 9:35:50  time: 0.5759  data_time: 0.0547  memory: 7172  loss: 1.5270  loss_ce: 1.5270
2025/06/17 23:14:08 - mmengine - INFO - Iter(train) [   11/60000]  lr: 1.0000e-03  eta: 9:12:04  time: 0.4118  data_time: 0.0029  memory: 7172  loss: 1.5096  loss_ce: 1.5096
2025/06/17 23:14:08 - mmengine - INFO - Iter(train) [   12/60000]  lr: 1.0000e-03  eta: 8:58:46  time: 0.3899  data_time: 0.0031  memory: 7172  loss: 1.4902  loss_ce: 1.4902
2025/06/17 23:14:08 - mmengine - INFO - Iter(train) [   13/60000]  lr: 1.0000e-03  eta: 8:47:33  time: 0.3787  data_time: 0.0032  memory: 7172  loss: 1.4880  loss_ce: 1.4880
2025/06/17 23:14:09 - mmengine - INFO - Iter(train) [   14/60000]  lr: 1.0000e-03  eta: 8:38:43  time: 0.3800  data_time: 0.0033  memory: 7172  loss: 1.4788  loss_ce: 1.4788
2025/06/17 23:14:09 - mmengine - INFO - Iter(train) [   15/60000]  lr: 1.0000e-03  eta: 8:30:00  time: 0.3776  data_time: 0.0030  memory: 7172  loss: 1.4785  loss_ce: 1.4785
2025/06/17 23:14:10 - mmengine - INFO - Iter(train) [   16/60000]  lr: 1.0000e-03  eta: 8:23:52  time: 0.3804  data_time: 0.0032  memory: 7172  loss: 1.4749  loss_ce: 1.4749
2025/06/17 23:14:10 - mmengine - INFO - Iter(train) [   17/60000]  lr: 1.0000e-03  eta: 8:18:28  time: 0.3793  data_time: 0.0032  memory: 7172  loss: 1.4616  loss_ce: 1.4616
2025/06/17 23:14:10 - mmengine - INFO - Iter(train) [   18/60000]  lr: 1.0000e-03  eta: 8:12:18  time: 0.3803  data_time: 0.0034  memory: 7172  loss: 1.4528  loss_ce: 1.4528
2025/06/17 23:14:11 - mmengine - INFO - Iter(train) [   19/60000]  lr: 1.0000e-03  eta: 8:02:35  time: 0.3725  data_time: 0.0034  memory: 7172  loss: 1.4494  loss_ce: 1.4494
2025/06/17 23:14:11 - mmengine - INFO - Iter(train) [   20/60000]  lr: 1.0000e-03  eta: 7:58:22  time: 0.3811  data_time: 0.0035  memory: 7172  loss: 1.4413  loss_ce: 1.4413
2025/06/17 23:14:11 - mmengine - INFO - Iter(train) [   21/60000]  lr: 1.0000e-03  eta: 7:54:38  time: 0.3897  data_time: 0.0037  memory: 7172  loss: 1.4460  loss_ce: 1.4460
2025/06/17 23:14:12 - mmengine - INFO - Iter(train) [   22/60000]  lr: 1.0000e-03  eta: 7:51:22  time: 0.3907  data_time: 0.0037  memory: 7172  loss: 1.4451  loss_ce: 1.4451
2025/06/17 23:14:12 - mmengine - INFO - Iter(train) [   23/60000]  lr: 1.0000e-03  eta: 7:48:38  time: 0.3923  data_time: 0.0036  memory: 7172  loss: 1.4368  loss_ce: 1.4368
2025/06/17 23:14:13 - mmengine - INFO - Iter(train) [   24/60000]  lr: 1.0000e-03  eta: 7:44:25  time: 0.3887  data_time: 0.0035  memory: 7172  loss: 1.4340  loss_ce: 1.4340
2025/06/17 23:14:13 - mmengine - INFO - Iter(train) [   25/60000]  lr: 1.0000e-03  eta: 7:38:32  time: 0.3816  data_time: 0.0035  memory: 7172  loss: 1.4280  loss_ce: 1.4280
2025/06/17 23:14:13 - mmengine - INFO - Iter(train) [   26/60000]  lr: 1.0000e-03  eta: 7:35:40  time: 0.3788  data_time: 0.0035  memory: 7172  loss: 1.4366  loss_ce: 1.4366
2025/06/17 23:14:14 - mmengine - INFO - Iter(train) [   27/60000]  lr: 1.0000e-03  eta: 7:30:10  time: 0.3684  data_time: 0.0034  memory: 7172  loss: 1.4455  loss_ce: 1.4455
2025/06/17 23:14:14 - mmengine - INFO - Iter(train) [   28/60000]  lr: 1.0000e-03  eta: 7:25:15  time: 0.3609  data_time: 0.0034  memory: 7172  loss: 1.4489  loss_ce: 1.4489
2025/06/17 23:14:14 - mmengine - INFO - Iter(train) [   29/60000]  lr: 1.0000e-03  eta: 7:23:04  time: 0.3683  data_time: 0.0034  memory: 7172  loss: 1.4492  loss_ce: 1.4492
2025/06/17 23:14:15 - mmengine - INFO - Iter(train) [   30/60000]  lr: 1.0000e-03  eta: 7:18:54  time: 0.3603  data_time: 0.0035  memory: 7172  loss: 1.4467  loss_ce: 1.4467
2025/06/17 23:14:15 - mmengine - INFO - Iter(train) [   31/60000]  lr: 1.0000e-03  eta: 7:14:30  time: 0.3506  data_time: 0.0033  memory: 7172  loss: 1.4410  loss_ce: 1.4410
2025/06/17 23:14:15 - mmengine - INFO - Iter(train) [   32/60000]  lr: 1.0000e-03  eta: 7:12:35  time: 0.3476  data_time: 0.0032  memory: 7172  loss: 1.4422  loss_ce: 1.4422
2025/06/17 23:14:16 - mmengine - INFO - Iter(train) [   33/60000]  lr: 1.0000e-03  eta: 7:09:00  time: 0.3382  data_time: 0.0031  memory: 7172  loss: 1.4384  loss_ce: 1.4384
2025/06/17 23:14:16 - mmengine - INFO - Iter(train) [   34/60000]  lr: 1.0000e-03  eta: 7:05:33  time: 0.3326  data_time: 0.0031  memory: 7172  loss: 1.4421  loss_ce: 1.4421
2025/06/17 23:14:16 - mmengine - INFO - Iter(train) [   35/60000]  lr: 1.0000e-03  eta: 7:01:53  time: 0.3307  data_time: 0.0030  memory: 7172  loss: 1.4420  loss_ce: 1.4420
2025/06/17 23:14:17 - mmengine - INFO - Iter(train) [   36/60000]  lr: 1.0000e-03  eta: 7:00:32  time: 0.3296  data_time: 0.0030  memory: 7172  loss: 1.4388  loss_ce: 1.4388
2025/06/17 23:14:17 - mmengine - INFO - Iter(train) [   37/60000]  lr: 1.0000e-03  eta: 6:57:16  time: 0.3288  data_time: 0.0030  memory: 7172  loss: 1.4315  loss_ce: 1.4315
2025/06/17 23:14:17 - mmengine - INFO - Iter(train) [   38/60000]  lr: 1.0000e-03  eta: 6:54:25  time: 0.3285  data_time: 0.0030  memory: 7172  loss: 1.4314  loss_ce: 1.4314
2025/06/17 23:14:18 - mmengine - INFO - Iter(train) [   39/60000]  lr: 1.0000e-03  eta: 6:51:46  time: 0.3215  data_time: 0.0029  memory: 7172  loss: 1.4309  loss_ce: 1.4309
2025/06/17 23:14:18 - mmengine - INFO - Iter(train) [   40/60000]  lr: 1.0000e-03  eta: 6:49:07  time: 0.3202  data_time: 0.0027  memory: 7172  loss: 1.4365  loss_ce: 1.4365
2025/06/17 23:14:18 - mmengine - INFO - Iter(train) [   41/60000]  lr: 1.0000e-03  eta: 6:48:19  time: 0.3276  data_time: 0.0028  memory: 7172  loss: 1.4339  loss_ce: 1.4339
2025/06/17 23:14:18 - mmengine - INFO - Iter(train) [   42/60000]  lr: 1.0000e-03  eta: 6:45:53  time: 0.3209  data_time: 0.0027  memory: 7172  loss: 1.4297  loss_ce: 1.4297
2025/06/17 23:14:19 - mmengine - INFO - Iter(train) [   43/60000]  lr: 1.0000e-03  eta: 6:43:48  time: 0.3211  data_time: 0.0027  memory: 7172  loss: 1.4312  loss_ce: 1.4312
2025/06/17 23:14:19 - mmengine - INFO - Iter(train) [   44/60000]  lr: 1.0000e-03  eta: 6:41:24  time: 0.3198  data_time: 0.0027  memory: 7172  loss: 1.4302  loss_ce: 1.4302
2025/06/17 23:14:19 - mmengine - INFO - Iter(train) [   45/60000]  lr: 1.0000e-03  eta: 6:40:54  time: 0.3280  data_time: 0.0027  memory: 7172  loss: 1.4348  loss_ce: 1.4348
2025/06/17 23:14:20 - mmengine - INFO - Iter(train) [   46/60000]  lr: 1.0000e-03  eta: 6:38:50  time: 0.3212  data_time: 0.0029  memory: 7172  loss: 1.4270  loss_ce: 1.4270
2025/06/17 23:14:20 - mmengine - INFO - Iter(train) [   47/60000]  lr: 1.0000e-03  eta: 6:36:54  time: 0.3221  data_time: 0.0030  memory: 7172  loss: 1.4316  loss_ce: 1.4316
2025/06/17 23:14:20 - mmengine - INFO - Iter(train) [   48/60000]  lr: 1.0000e-03  eta: 6:36:48  time: 0.3304  data_time: 0.0031  memory: 7172  loss: 1.4269  loss_ce: 1.4269
2025/06/17 23:14:21 - mmengine - INFO - Iter(train) [   49/60000]  lr: 1.0000e-03  eta: 6:35:12  time: 0.3311  data_time: 0.0031  memory: 7172  loss: 1.4242  loss_ce: 1.4242
2025/06/17 23:14:21 - mmengine - INFO - Iter(train) [   50/60000]  lr: 1.0000e-03  eta: 6:34:55  time: 0.3387  data_time: 0.0032  memory: 7172  loss: 1.4219  loss_ce: 1.4219
2025/06/17 23:14:22 - mmengine - INFO - Iter(train) [   51/60000]  lr: 1.0000e-03  eta: 6:35:03  time: 0.3412  data_time: 0.0033  memory: 7172  loss: 1.4222  loss_ce: 1.4222
2025/06/17 23:14:22 - mmengine - INFO - Iter(train) [   52/60000]  lr: 1.0000e-03  eta: 6:35:07  time: 0.3504  data_time: 0.0033  memory: 7172  loss: 1.4167  loss_ce: 1.4167
2025/06/17 23:14:22 - mmengine - INFO - Iter(train) [   53/60000]  lr: 1.0000e-03  eta: 6:34:58  time: 0.3576  data_time: 0.0033  memory: 7172  loss: 1.4153  loss_ce: 1.4153
2025/06/17 23:14:23 - mmengine - INFO - Iter(train) [   54/60000]  lr: 1.0000e-03  eta: 6:33:22  time: 0.3587  data_time: 0.0033  memory: 7172  loss: 1.4145  loss_ce: 1.4145
2025/06/17 23:14:23 - mmengine - INFO - Iter(train) [   55/60000]  lr: 1.0000e-03  eta: 6:31:54  time: 0.3520  data_time: 0.0033  memory: 7172  loss: 1.4034  loss_ce: 1.4034
2025/06/17 23:14:23 - mmengine - INFO - Iter(train) [   56/60000]  lr: 1.0000e-03  eta: 6:30:20  time: 0.3518  data_time: 0.0031  memory: 7172  loss: 1.4168  loss_ce: 1.4168
2025/06/17 23:14:24 - mmengine - INFO - Iter(train) [   57/60000]  lr: 1.0000e-03  eta: 6:28:39  time: 0.3505  data_time: 0.0030  memory: 7172  loss: 1.4086  loss_ce: 1.4086
2025/06/17 23:14:24 - mmengine - INFO - Iter(train) [   58/60000]  lr: 1.0000e-03  eta: 6:27:07  time: 0.3413  data_time: 0.0030  memory: 7172  loss: 1.4156  loss_ce: 1.4156
2025/06/17 23:14:24 - mmengine - INFO - Iter(train) [   59/60000]  lr: 1.0000e-03  eta: 6:25:36  time: 0.3393  data_time: 0.0029  memory: 7172  loss: 1.4156  loss_ce: 1.4156
2025/06/17 23:14:25 - mmengine - INFO - Iter(train) [   60/60000]  lr: 1.0000e-03  eta: 6:24:11  time: 0.3312  data_time: 0.0029  memory: 7172  loss: 1.4171  loss_ce: 1.4171
2025/06/17 23:14:25 - mmengine - INFO - Iter(train) [   61/60000]  lr: 1.0000e-03  eta: 6:24:03  time: 0.3287  data_time: 0.0028  memory: 7172  loss: 1.4182  loss_ce: 1.4182
2025/06/17 23:14:25 - mmengine - INFO - Iter(train) [   62/60000]  lr: 1.0000e-03  eta: 6:22:51  time: 0.3198  data_time: 0.0027  memory: 7172  loss: 1.4216  loss_ce: 1.4216
2025/06/17 23:14:26 - mmengine - INFO - Iter(train) [   63/60000]  lr: 1.0000e-03  eta: 6:21:47  time: 0.3126  data_time: 0.0027  memory: 7172  loss: 1.4203  loss_ce: 1.4203
2025/06/17 23:14:26 - mmengine - INFO - Iter(train) [   64/60000]  lr: 1.0000e-03  eta: 6:21:40  time: 0.3192  data_time: 0.0028  memory: 7172  loss: 1.4094  loss_ce: 1.4094
2025/06/17 23:14:26 - mmengine - INFO - Iter(train) [   65/60000]  lr: 1.0000e-03  eta: 6:20:31  time: 0.3187  data_time: 0.0028  memory: 7172  loss: 1.4128  loss_ce: 1.4128
2025/06/17 23:14:27 - mmengine - INFO - Iter(train) [   66/60000]  lr: 1.0000e-03  eta: 6:19:30  time: 0.3196  data_time: 0.0027  memory: 7172  loss: 1.4002  loss_ce: 1.4002
2025/06/17 23:14:27 - mmengine - INFO - Iter(train) [   67/60000]  lr: 1.0000e-03  eta: 6:18:16  time: 0.3198  data_time: 0.0028  memory: 7172  loss: 1.4093  loss_ce: 1.4093
2025/06/17 23:14:27 - mmengine - INFO - Iter(train) [   68/60000]  lr: 1.0000e-03  eta: 6:18:16  time: 0.3277  data_time: 0.0027  memory: 7172  loss: 1.4076  loss_ce: 1.4076
2025/06/17 23:14:27 - mmengine - INFO - Iter(train) [   69/60000]  lr: 1.0000e-03  eta: 6:17:16  time: 0.3288  data_time: 0.0028  memory: 7172  loss: 1.4068  loss_ce: 1.4068
2025/06/17 23:14:28 - mmengine - INFO - Iter(train) [   70/60000]  lr: 1.0000e-03  eta: 6:16:18  time: 0.3298  data_time: 0.0028  memory: 7172  loss: 1.4001  loss_ce: 1.4001
2025/06/17 23:14:28 - mmengine - INFO - Iter(train) [   71/60000]  lr: 1.0000e-03  eta: 6:15:21  time: 0.3231  data_time: 0.0028  memory: 7172  loss: 1.3990  loss_ce: 1.3990
2025/06/17 23:14:28 - mmengine - INFO - Iter(train) [   72/60000]  lr: 1.0000e-03  eta: 6:15:16  time: 0.3290  data_time: 0.0029  memory: 7172  loss: 1.4022  loss_ce: 1.4022
2025/06/17 23:14:29 - mmengine - INFO - Iter(train) [   73/60000]  lr: 1.0000e-03  eta: 6:14:19  time: 0.3282  data_time: 0.0030  memory: 7172  loss: 1.3970  loss_ce: 1.3970
2025/06/17 23:14:29 - mmengine - INFO - Iter(train) [   74/60000]  lr: 1.0000e-03  eta: 6:13:29  time: 0.3219  data_time: 0.0029  memory: 7172  loss: 1.3988  loss_ce: 1.3988
2025/06/17 23:14:29 - mmengine - INFO - Iter(train) [   75/60000]  lr: 1.0000e-03  eta: 6:12:35  time: 0.3218  data_time: 0.0029  memory: 7172  loss: 1.4012  loss_ce: 1.4012
2025/06/17 23:14:30 - mmengine - INFO - Iter(train) [   76/60000]  lr: 1.0000e-03  eta: 6:12:36  time: 0.3279  data_time: 0.0029  memory: 7172  loss: 1.4006  loss_ce: 1.4006
2025/06/17 23:14:30 - mmengine - INFO - Iter(train) [   77/60000]  lr: 1.0000e-03  eta: 6:11:44  time: 0.3288  data_time: 0.0029  memory: 7172  loss: 1.3953  loss_ce: 1.3953
2025/06/17 23:14:30 - mmengine - INFO - Iter(train) [   78/60000]  lr: 1.0000e-03  eta: 6:10:54  time: 0.3217  data_time: 0.0029  memory: 7172  loss: 1.3874  loss_ce: 1.3874
2025/06/17 23:14:31 - mmengine - INFO - Iter(train) [   79/60000]  lr: 1.0000e-03  eta: 6:11:02  time: 0.3289  data_time: 0.0028  memory: 7172  loss: 1.3843  loss_ce: 1.3843
2025/06/17 23:14:31 - mmengine - INFO - Iter(train) [   80/60000]  lr: 1.0000e-03  eta: 6:10:10  time: 0.3281  data_time: 0.0028  memory: 7172  loss: 1.3835  loss_ce: 1.3835
2025/06/17 23:14:31 - mmengine - INFO - Iter(train) [   81/60000]  lr: 1.0000e-03  eta: 6:09:27  time: 0.3285  data_time: 0.0028  memory: 7172  loss: 1.3902  loss_ce: 1.3902
2025/06/17 23:14:32 - mmengine - INFO - Iter(train) [   82/60000]  lr: 1.0000e-03  eta: 6:09:41  time: 0.3304  data_time: 0.0028  memory: 7172  loss: 1.3948  loss_ce: 1.3948
2025/06/17 23:14:32 - mmengine - INFO - Iter(train) [   83/60000]  lr: 1.0000e-03  eta: 6:08:56  time: 0.3305  data_time: 0.0027  memory: 7172  loss: 1.4000  loss_ce: 1.4000
2025/06/17 23:14:32 - mmengine - INFO - Iter(train) [   84/60000]  lr: 1.0000e-03  eta: 6:08:15  time: 0.3304  data_time: 0.0027  memory: 7172  loss: 1.4094  loss_ce: 1.4094
2025/06/17 23:14:33 - mmengine - INFO - Iter(train) [   85/60000]  lr: 1.0000e-03  eta: 6:08:26  time: 0.3382  data_time: 0.0027  memory: 7172  loss: 1.4088  loss_ce: 1.4088
2025/06/17 23:14:33 - mmengine - INFO - Iter(train) [   86/60000]  lr: 1.0000e-03  eta: 6:07:47  time: 0.3322  data_time: 0.0027  memory: 7172  loss: 1.4045  loss_ce: 1.4045
2025/06/17 23:14:33 - mmengine - INFO - Iter(train) [   87/60000]  lr: 1.0000e-03  eta: 6:07:54  time: 0.3394  data_time: 0.0027  memory: 7172  loss: 1.4045  loss_ce: 1.4045
2025/06/17 23:14:34 - mmengine - INFO - Iter(train) [   88/60000]  lr: 1.0000e-03  eta: 6:07:11  time: 0.3392  data_time: 0.0027  memory: 7172  loss: 1.4142  loss_ce: 1.4142
2025/06/17 23:14:34 - mmengine - INFO - Iter(train) [   89/60000]  lr: 1.0000e-03  eta: 6:07:23  time: 0.3397  data_time: 0.0027  memory: 7172  loss: 1.4193  loss_ce: 1.4193
2025/06/17 23:14:34 - mmengine - INFO - Iter(train) [   90/60000]  lr: 1.0000e-03  eta: 6:06:43  time: 0.3401  data_time: 0.0027  memory: 7172  loss: 1.4233  loss_ce: 1.4233
2025/06/17 23:14:35 - mmengine - INFO - Iter(train) [   91/60000]  lr: 1.0000e-03  eta: 6:06:07  time: 0.3401  data_time: 0.0028  memory: 7172  loss: 1.4196  loss_ce: 1.4196
2025/06/17 23:14:35 - mmengine - INFO - Iter(train) [   92/60000]  lr: 1.0000e-03  eta: 6:05:27  time: 0.3317  data_time: 0.0027  memory: 7172  loss: 1.4152  loss_ce: 1.4152
2025/06/17 23:14:35 - mmengine - INFO - Iter(train) [   93/60000]  lr: 1.0000e-03  eta: 6:04:45  time: 0.3311  data_time: 0.0027  memory: 7172  loss: 1.4108  loss_ce: 1.4108
2025/06/17 23:14:36 - mmengine - INFO - Iter(train) [   94/60000]  lr: 1.0000e-03  eta: 6:05:00  time: 0.3388  data_time: 0.0027  memory: 7172  loss: 1.4050  loss_ce: 1.4050
2025/06/17 23:14:36 - mmengine - INFO - Iter(train) [   95/60000]  lr: 1.0000e-03  eta: 6:04:27  time: 0.3318  data_time: 0.0027  memory: 7172  loss: 1.4078  loss_ce: 1.4078
2025/06/17 23:14:36 - mmengine - INFO - Iter(train) [   96/60000]  lr: 1.0000e-03  eta: 6:04:26  time: 0.3366  data_time: 0.0028  memory: 7172  loss: 1.4094  loss_ce: 1.4094
2025/06/17 23:14:37 - mmengine - INFO - Iter(train) [   97/60000]  lr: 1.0000e-03  eta: 6:03:51  time: 0.3296  data_time: 0.0029  memory: 7172  loss: 1.4120  loss_ce: 1.4120
2025/06/17 23:14:37 - mmengine - INFO - Iter(train) [   98/60000]  lr: 1.0000e-03  eta: 6:03:16  time: 0.3299  data_time: 0.0029  memory: 7172  loss: 1.4123  loss_ce: 1.4123
2025/06/17 23:14:37 - mmengine - INFO - Iter(train) [   99/60000]  lr: 1.0000e-03  eta: 6:02:45  time: 0.3225  data_time: 0.0030  memory: 7172  loss: 1.4091  loss_ce: 1.4091
2025/06/17 23:14:38 - mmengine - INFO - Iter(train) [  100/60000]  lr: 1.0000e-03  eta: 6:02:53  time: 0.3294  data_time: 0.0030  memory: 7172  loss: 1.4084  loss_ce: 1.4084
2025/06/17 23:14:38 - mmengine - INFO - Iter(train) [  101/60000]  lr: 1.0000e-03  eta: 6:02:23  time: 0.3297  data_time: 0.0030  memory: 7172  loss: 1.4064  loss_ce: 1.4064
2025/06/17 23:14:38 - mmengine - INFO - Iter(train) [  102/60000]  lr: 1.0000e-03  eta: 6:01:51  time: 0.3299  data_time: 0.0030  memory: 7172  loss: 1.4040  loss_ce: 1.4040
2025/06/17 23:14:39 - mmengine - INFO - Iter(train) [  103/60000]  lr: 1.0000e-03  eta: 6:01:15  time: 0.3298  data_time: 0.0030  memory: 7172  loss: 1.4075  loss_ce: 1.4075
2025/06/17 23:14:39 - mmengine - INFO - Iter(train) [  104/60000]  lr: 1.0000e-03  eta: 6:00:41  time: 0.3212  data_time: 0.0030  memory: 7172  loss: 1.4045  loss_ce: 1.4045
2025/06/17 23:14:39 - mmengine - INFO - Iter(train) [  105/60000]  lr: 1.0000e-03  eta: 6:00:47  time: 0.3270  data_time: 0.0030  memory: 7172  loss: 1.4025  loss_ce: 1.4025
2025/06/17 23:14:40 - mmengine - INFO - Iter(train) [  106/60000]  lr: 1.0000e-03  eta: 6:00:22  time: 0.3224  data_time: 0.0031  memory: 7172  loss: 1.4248  loss_ce: 1.4248
2025/06/17 23:14:40 - mmengine - INFO - Iter(train) [  107/60000]  lr: 1.0000e-03  eta: 5:59:51  time: 0.3223  data_time: 0.0030  memory: 7172  loss: 1.4265  loss_ce: 1.4265
2025/06/17 23:14:40 - mmengine - INFO - Iter(train) [  108/60000]  lr: 1.0000e-03  eta: 5:59:58  time: 0.3288  data_time: 0.0030  memory: 7172  loss: 1.4200  loss_ce: 1.4200
2025/06/17 23:14:41 - mmengine - INFO - Iter(train) [  109/60000]  lr: 1.0000e-03  eta: 5:59:28  time: 0.3282  data_time: 0.0031  memory: 7172  loss: 1.4178  loss_ce: 1.4178
2025/06/17 23:14:41 - mmengine - INFO - Iter(train) [  110/60000]  lr: 1.0000e-03  eta: 5:59:53  time: 0.3313  data_time: 0.0033  memory: 7172  loss: 1.4155  loss_ce: 1.4155
2025/06/17 23:14:41 - mmengine - INFO - Iter(train) [  111/60000]  lr: 1.0000e-03  eta: 6:00:10  time: 0.3390  data_time: 0.0032  memory: 7172  loss: 1.4117  loss_ce: 1.4117
2025/06/17 23:14:42 - mmengine - INFO - Iter(train) [  112/60000]  lr: 1.0000e-03  eta: 5:59:41  time: 0.3389  data_time: 0.0032  memory: 7172  loss: 1.4095  loss_ce: 1.4095
2025/06/17 23:14:42 - mmengine - INFO - Iter(train) [  113/60000]  lr: 1.0000e-03  eta: 5:59:16  time: 0.3402  data_time: 0.0032  memory: 7172  loss: 1.4067  loss_ce: 1.4067
2025/06/17 23:14:42 - mmengine - INFO - Iter(train) [  114/60000]  lr: 1.0000e-03  eta: 5:59:20  time: 0.3466  data_time: 0.0033  memory: 7172  loss: 1.4092  loss_ce: 1.4092
2025/06/17 23:14:43 - mmengine - INFO - Iter(train) [  115/60000]  lr: 1.0000e-03  eta: 5:58:51  time: 0.3399  data_time: 0.0033  memory: 7172  loss: 1.4128  loss_ce: 1.4128
2025/06/17 23:14:43 - mmengine - INFO - Iter(train) [  116/60000]  lr: 1.0000e-03  eta: 5:58:25  time: 0.3392  data_time: 0.0031  memory: 7172  loss: 1.3979  loss_ce: 1.3979
2025/06/17 23:14:43 - mmengine - INFO - Iter(train) [  117/60000]  lr: 1.0000e-03  eta: 5:58:02  time: 0.3398  data_time: 0.0031  memory: 7172  loss: 1.3880  loss_ce: 1.3880
2025/06/17 23:14:44 - mmengine - INFO - Iter(train) [  118/60000]  lr: 1.0000e-03  eta: 5:57:36  time: 0.3332  data_time: 0.0031  memory: 7172  loss: 1.3859  loss_ce: 1.3859
2025/06/17 23:14:44 - mmengine - INFO - Iter(train) [  119/60000]  lr: 1.0000e-03  eta: 5:57:03  time: 0.3320  data_time: 0.0031  memory: 7172  loss: 1.3923  loss_ce: 1.3923
2025/06/17 23:14:44 - mmengine - INFO - Exp name: cfg_udd5_20250617_231355
2025/06/17 23:14:44 - mmengine - INFO - Iter(train) [  120/60000]  lr: 1.0000e-03  eta: 5:57:11  time: 0.3288  data_time: 0.0028  memory: 7172  loss: 1.3963  loss_ce: 1.3963
2025/06/17 23:14:45 - mmengine - INFO - Iter(train) [  121/60000]  lr: 1.0000e-03  eta: 5:58:18  time: 0.3390  data_time: 0.0126  memory: 7172  loss: 1.4027  loss_ce: 1.4027
2025/06/17 23:14:45 - mmengine - INFO - Iter(train) [  122/60000]  lr: 1.0000e-03  eta: 5:57:55  time: 0.3395  data_time: 0.0129  memory: 7172  loss: 1.4033  loss_ce: 1.4033
2025/06/17 23:14:46 - mmengine - INFO - Iter(train) [  123/60000]  lr: 1.0000e-03  eta: 5:57:33  time: 0.3396  data_time: 0.0130  memory: 7172  loss: 1.4000  loss_ce: 1.4000
2025/06/17 23:14:46 - mmengine - INFO - Iter(train) [  124/60000]  lr: 1.0000e-03  eta: 5:57:43  time: 0.3407  data_time: 0.0129  memory: 7172  loss: 1.4019  loss_ce: 1.4019
2025/06/17 23:14:46 - mmengine - INFO - Iter(train) [  125/60000]  lr: 1.0000e-03  eta: 5:57:19  time: 0.3412  data_time: 0.0128  memory: 7172  loss: 1.3998  loss_ce: 1.3998
2025/06/17 23:14:47 - mmengine - INFO - Iter(train) [  126/60000]  lr: 1.0000e-03  eta: 5:56:55  time: 0.3408  data_time: 0.0129  memory: 7172  loss: 1.3933  loss_ce: 1.3933
2025/06/17 23:14:47 - mmengine - INFO - Iter(train) [  127/60000]  lr: 1.0000e-03  eta: 5:57:07  time: 0.3479  data_time: 0.0129  memory: 7172  loss: 1.3907  loss_ce: 1.3907
2025/06/17 23:14:47 - mmengine - INFO - Iter(train) [  128/60000]  lr: 1.0000e-03  eta: 5:56:43  time: 0.3478  data_time: 0.0129  memory: 7172  loss: 1.3958  loss_ce: 1.3958
2025/06/17 23:14:48 - mmengine - INFO - Iter(train) [  129/60000]  lr: 1.0000e-03  eta: 5:56:21  time: 0.3497  data_time: 0.0127  memory: 7172  loss: 1.3973  loss_ce: 1.3973
2025/06/17 23:14:48 - mmengine - INFO - Iter(train) [  130/60000]  lr: 1.0000e-03  eta: 5:56:35  time: 0.3508  data_time: 0.0128  memory: 7172  loss: 1.3890  loss_ce: 1.3890
2025/06/17 23:14:48 - mmengine - INFO - Iter(train) [  131/60000]  lr: 1.0000e-03  eta: 5:56:15  time: 0.3328  data_time: 0.0030  memory: 7172  loss: 1.3794  loss_ce: 1.3794
2025/06/17 23:14:49 - mmengine - INFO - Iter(train) [  132/60000]  lr: 1.0000e-03  eta: 5:55:52  time: 0.3324  data_time: 0.0027  memory: 7172  loss: 1.3786  loss_ce: 1.3786
2025/06/17 23:14:49 - mmengine - INFO - Iter(train) [  133/60000]  lr: 1.0000e-03  eta: 5:55:25  time: 0.3305  data_time: 0.0028  memory: 7172  loss: 1.3776  loss_ce: 1.3776
2025/06/17 23:14:49 - mmengine - INFO - Iter(train) [  134/60000]  lr: 1.0000e-03  eta: 5:55:31  time: 0.3298  data_time: 0.0029  memory: 7172  loss: 1.3816  loss_ce: 1.3816
2025/06/17 23:14:49 - mmengine - INFO - Iter(train) [  135/60000]  lr: 1.0000e-03  eta: 5:55:11  time: 0.3300  data_time: 0.0031  memory: 7172  loss: 1.3796  loss_ce: 1.3796
2025/06/17 23:14:50 - mmengine - INFO - Iter(train) [  136/60000]  lr: 1.0000e-03  eta: 5:54:55  time: 0.3312  data_time: 0.0032  memory: 7172  loss: 1.3796  loss_ce: 1.3796
2025/06/17 23:14:50 - mmengine - INFO - Iter(train) [  137/60000]  lr: 1.0000e-03  eta: 5:54:28  time: 0.3223  data_time: 0.0031  memory: 7172  loss: 1.3883  loss_ce: 1.3883
2025/06/17 23:14:50 - mmengine - INFO - Iter(train) [  138/60000]  lr: 1.0000e-03  eta: 5:54:36  time: 0.3291  data_time: 0.0032  memory: 7172  loss: 1.3790  loss_ce: 1.3790
2025/06/17 23:14:51 - mmengine - INFO - Iter(train) [  139/60000]  lr: 1.0000e-03  eta: 5:54:16  time: 0.3289  data_time: 0.0033  memory: 7172  loss: 1.3701  loss_ce: 1.3701
2025/06/17 23:14:51 - mmengine - INFO - Iter(train) [  140/60000]  lr: 1.0000e-03  eta: 5:53:59  time: 0.3217  data_time: 0.0033  memory: 7172  loss: 1.3741  loss_ce: 1.3741
2025/06/17 23:14:51 - mmengine - INFO - Iter(train) [  141/60000]  lr: 1.0000e-03  eta: 5:54:11  time: 0.3287  data_time: 0.0034  memory: 7172  loss: 1.3832  loss_ce: 1.3832
2025/06/17 23:14:52 - mmengine - INFO - Iter(train) [  142/60000]  lr: 1.0000e-03  eta: 5:54:27  time: 0.3373  data_time: 0.0033  memory: 7172  loss: 1.3828  loss_ce: 1.3828
2025/06/17 23:14:52 - mmengine - INFO - Iter(train) [  143/60000]  lr: 1.0000e-03  eta: 5:54:16  time: 0.3407  data_time: 0.0031  memory: 7172  loss: 1.3854  loss_ce: 1.3854
2025/06/17 23:14:53 - mmengine - INFO - Iter(train) [  144/60000]  lr: 1.0000e-03  eta: 5:54:24  time: 0.3411  data_time: 0.0032  memory: 7172  loss: 1.3768  loss_ce: 1.3768
2025/06/17 23:14:53 - mmengine - INFO - Iter(train) [  145/60000]  lr: 1.0000e-03  eta: 5:54:35  time: 0.3481  data_time: 0.0032  memory: 7172  loss: 1.3772  loss_ce: 1.3772
2025/06/17 23:14:53 - mmengine - INFO - Iter(train) [  146/60000]  lr: 1.0000e-03  eta: 5:54:13  time: 0.3464  data_time: 0.0031  memory: 7172  loss: 1.3811  loss_ce: 1.3811
2025/06/17 23:14:54 - mmengine - INFO - Iter(train) [  147/60000]  lr: 1.0000e-03  eta: 5:53:54  time: 0.3477  data_time: 0.0031  memory: 7172  loss: 1.3805  loss_ce: 1.3805
2025/06/17 23:14:54 - mmengine - INFO - Iter(train) [  148/60000]  lr: 1.0000e-03  eta: 5:54:10  time: 0.3498  data_time: 0.0032  memory: 7172  loss: 1.3799  loss_ce: 1.3799
2025/06/17 23:14:54 - mmengine - INFO - Iter(train) [  149/60000]  lr: 1.0000e-03  eta: 5:54:35  time: 0.3606  data_time: 0.0034  memory: 7172  loss: 1.3793  loss_ce: 1.3793
2025/06/17 23:14:55 - mmengine - INFO - Iter(train) [  150/60000]  lr: 1.0000e-03  eta: 5:54:46  time: 0.3675  data_time: 0.0033  memory: 7172  loss: 1.3818  loss_ce: 1.3818
2025/06/17 23:14:55 - mmengine - INFO - Iter(train) [  151/60000]  lr: 1.0000e-03  eta: 5:54:27  time: 0.3600  data_time: 0.0033  memory: 7172  loss: 1.3746  loss_ce: 1.3746
2025/06/17 23:14:55 - mmengine - INFO - Iter(train) [  152/60000]  lr: 1.0000e-03  eta: 5:54:43  time: 0.3602  data_time: 0.0033  memory: 7172  loss: 1.3847  loss_ce: 1.3847
2025/06/17 23:14:56 - mmengine - INFO - Iter(train) [  153/60000]  lr: 1.0000e-03  eta: 5:54:32  time: 0.3600  data_time: 0.0033  memory: 7172  loss: 1.3809  loss_ce: 1.3809
2025/06/17 23:14:56 - mmengine - INFO - Iter(train) [  154/60000]  lr: 1.0000e-03  eta: 5:54:34  time: 0.3588  data_time: 0.0033  memory: 7172  loss: 1.3852  loss_ce: 1.3852
2025/06/17 23:14:57 - mmengine - INFO - Iter(train) [  155/60000]  lr: 1.0000e-03  eta: 5:54:18  time: 0.3521  data_time: 0.0032  memory: 7172  loss: 1.3880  loss_ce: 1.3880
2025/06/17 23:14:57 - mmengine - INFO - Iter(train) [  156/60000]  lr: 1.0000e-03  eta: 5:54:03  time: 0.3533  data_time: 0.0032  memory: 7172  loss: 1.3862  loss_ce: 1.3862
2025/06/17 23:14:57 - mmengine - INFO - Iter(train) [  157/60000]  lr: 1.0000e-03  eta: 5:53:39  time: 0.3519  data_time: 0.0032  memory: 7172  loss: 1.3824  loss_ce: 1.3824
2025/06/17 23:14:57 - mmengine - INFO - Iter(train) [  158/60000]  lr: 1.0000e-03  eta: 5:53:49  time: 0.3506  data_time: 0.0032  memory: 7172  loss: 1.3881  loss_ce: 1.3881
2025/06/17 23:14:58 - mmengine - INFO - Iter(train) [  159/60000]  lr: 1.0000e-03  eta: 5:53:36  time: 0.3407  data_time: 0.0031  memory: 7172  loss: 1.3857  loss_ce: 1.3857
2025/06/17 23:14:58 - mmengine - INFO - Iter(train) [  160/60000]  lr: 1.0000e-03  eta: 5:53:46  time: 0.3407  data_time: 0.0031  memory: 7172  loss: 1.3823  loss_ce: 1.3823
2025/06/17 23:14:59 - mmengine - INFO - Iter(train) [  161/60000]  lr: 1.0000e-03  eta: 5:54:03  time: 0.3499  data_time: 0.0033  memory: 7172  loss: 1.3848  loss_ce: 1.3848
2025/06/17 23:14:59 - mmengine - INFO - Iter(train) [  162/60000]  lr: 1.0000e-03  eta: 5:53:55  time: 0.3435  data_time: 0.0034  memory: 7172  loss: 1.3785  loss_ce: 1.3785
2025/06/17 23:14:59 - mmengine - INFO - Iter(train) [  163/60000]  lr: 1.0000e-03  eta: 5:54:01  time: 0.3480  data_time: 0.0035  memory: 7172  loss: 1.3852  loss_ce: 1.3852
2025/06/17 23:15:00 - mmengine - INFO - Iter(train) [  164/60000]  lr: 1.0000e-03  eta: 5:54:12  time: 0.3503  data_time: 0.0035  memory: 7172  loss: 1.3841  loss_ce: 1.3841
2025/06/17 23:15:00 - mmengine - INFO - Iter(train) [  165/60000]  lr: 1.0000e-03  eta: 5:53:56  time: 0.3501  data_time: 0.0035  memory: 7172  loss: 1.3730  loss_ce: 1.3730
2025/06/17 23:15:00 - mmengine - INFO - Iter(train) [  166/60000]  lr: 1.0000e-03  eta: 5:54:07  time: 0.3571  data_time: 0.0034  memory: 7172  loss: 1.3757  loss_ce: 1.3757
2025/06/17 23:15:01 - mmengine - INFO - Iter(train) [  167/60000]  lr: 1.0000e-03  eta: 5:53:52  time: 0.3591  data_time: 0.0034  memory: 7172  loss: 1.3763  loss_ce: 1.3763
2025/06/17 23:15:01 - mmengine - INFO - Iter(train) [  168/60000]  lr: 1.0000e-03  eta: 5:53:43  time: 0.3540  data_time: 0.0032  memory: 7172  loss: 1.3811  loss_ce: 1.3811
2025/06/17 23:15:01 - mmengine - INFO - Iter(train) [  169/60000]  lr: 1.0000e-03  eta: 5:53:48  time: 0.3590  data_time: 0.0032  memory: 7172  loss: 1.3866  loss_ce: 1.3866
2025/06/17 23:15:02 - mmengine - INFO - Iter(train) [  170/60000]  lr: 1.0000e-03  eta: 5:54:01  time: 0.3600  data_time: 0.0032  memory: 7172  loss: 1.3914  loss_ce: 1.3914
2025/06/17 23:15:02 - mmengine - INFO - Iter(train) [  171/60000]  lr: 1.0000e-03  eta: 5:54:19  time: 0.3605  data_time: 0.0032  memory: 7172  loss: 1.3970  loss_ce: 1.3970
2025/06/17 23:15:03 - mmengine - INFO - Iter(train) [  172/60000]  lr: 1.0000e-03  eta: 5:54:34  time: 0.3673  data_time: 0.0031  memory: 7172  loss: 1.3976  loss_ce: 1.3976
2025/06/17 23:15:03 - mmengine - INFO - Iter(train) [  173/60000]  lr: 1.0000e-03  eta: 5:54:49  time: 0.3699  data_time: 0.0033  memory: 7172  loss: 1.3968  loss_ce: 1.3968
2025/06/17 23:15:03 - mmengine - INFO - Iter(train) [  174/60000]  lr: 1.0000e-03  eta: 5:55:04  time: 0.3713  data_time: 0.0034  memory: 7172  loss: 1.3959  loss_ce: 1.3959
2025/06/17 23:15:04 - mmengine - INFO - Iter(train) [  175/60000]  lr: 1.0000e-03  eta: 5:55:19  time: 0.3802  data_time: 0.0034  memory: 7172  loss: 1.4025  loss_ce: 1.4025
2025/06/17 23:15:04 - mmengine - INFO - Iter(train) [  176/60000]  lr: 1.0000e-03  eta: 5:55:30  time: 0.3808  data_time: 0.0035  memory: 7172  loss: 1.3923  loss_ce: 1.3923
2025/06/17 23:15:05 - mmengine - INFO - Iter(train) [  177/60000]  lr: 1.0000e-03  eta: 5:55:46  time: 0.3897  data_time: 0.0035  memory: 7172  loss: 1.3927  loss_ce: 1.3927
2025/06/17 23:15:05 - mmengine - INFO - Iter(train) [  178/60000]  lr: 1.0000e-03  eta: 5:55:57  time: 0.3956  data_time: 0.0036  memory: 7172  loss: 1.3843  loss_ce: 1.3843
2025/06/17 23:15:05 - mmengine - INFO - Iter(train) [  179/60000]  lr: 1.0000e-03  eta: 5:55:43  time: 0.3904  data_time: 0.0036  memory: 7172  loss: 1.3798  loss_ce: 1.3798
2025/06/17 23:15:06 - mmengine - INFO - Iter(train) [  180/60000]  lr: 1.0000e-03  eta: 5:56:00  time: 0.3920  data_time: 0.0035  memory: 7172  loss: 1.3719  loss_ce: 1.3719
2025/06/17 23:15:06 - mmengine - INFO - Iter(train) [  181/60000]  lr: 1.0000e-03  eta: 5:56:09  time: 0.3897  data_time: 0.0034  memory: 7172  loss: 1.3655  loss_ce: 1.3655
2025/06/17 23:15:07 - mmengine - INFO - Iter(train) [  182/60000]  lr: 1.0000e-03  eta: 5:56:23  time: 0.3897  data_time: 0.0033  memory: 7172  loss: 1.3612  loss_ce: 1.3612
2025/06/17 23:15:07 - mmengine - INFO - Iter(train) [  183/60000]  lr: 1.0000e-03  eta: 5:56:36  time: 0.3896  data_time: 0.0030  memory: 7172  loss: 1.3659  loss_ce: 1.3659
2025/06/17 23:15:07 - mmengine - INFO - Iter(train) [  184/60000]  lr: 1.0000e-03  eta: 5:57:20  time: 0.3990  data_time: 0.0029  memory: 7172  loss: 1.3619  loss_ce: 1.3619
2025/06/17 23:15:08 - mmengine - INFO - Iter(train) [  185/60000]  lr: 1.0000e-03  eta: 5:57:35  time: 0.3996  data_time: 0.0031  memory: 7172  loss: 1.3609  loss_ce: 1.3609
2025/06/17 23:15:08 - mmengine - INFO - Iter(train) [  186/60000]  lr: 1.0000e-03  eta: 5:57:38  time: 0.3973  data_time: 0.0030  memory: 7172  loss: 1.3719  loss_ce: 1.3719
2025/06/17 23:15:09 - mmengine - INFO - Iter(train) [  187/60000]  lr: 1.0000e-03  eta: 5:57:30  time: 0.3904  data_time: 0.0031  memory: 7172  loss: 1.3783  loss_ce: 1.3783
2025/06/17 23:15:09 - mmengine - INFO - Iter(train) [  188/60000]  lr: 1.0000e-03  eta: 5:57:44  time: 0.3918  data_time: 0.0029  memory: 7172  loss: 1.3840  loss_ce: 1.3840
2025/06/17 23:15:09 - mmengine - INFO - Iter(train) [  189/60000]  lr: 1.0000e-03  eta: 5:58:26  time: 0.4093  data_time: 0.0031  memory: 7172  loss: 1.3860  loss_ce: 1.3860
2025/06/17 23:15:10 - mmengine - INFO - Iter(train) [  190/60000]  lr: 1.0000e-03  eta: 5:58:37  time: 0.4081  data_time: 0.0031  memory: 7172  loss: 1.3922  loss_ce: 1.3922
2025/06/17 23:15:10 - mmengine - INFO - Iter(train) [  191/60000]  lr: 1.0000e-03  eta: 5:58:52  time: 0.4104  data_time: 0.0030  memory: 7172  loss: 1.3887  loss_ce: 1.3887
2025/06/17 23:15:11 - mmengine - INFO - Iter(train) [  192/60000]  lr: 1.0000e-03  eta: 5:59:07  time: 0.4112  data_time: 0.0031  memory: 7172  loss: 1.3908  loss_ce: 1.3908
2025/06/17 23:15:11 - mmengine - INFO - Iter(train) [  193/60000]  lr: 1.0000e-03  eta: 5:59:16  time: 0.4106  data_time: 0.0033  memory: 7172  loss: 1.3841  loss_ce: 1.3841
2025/06/17 23:15:11 - mmengine - INFO - Iter(train) [  194/60000]  lr: 1.0000e-03  eta: 5:59:31  time: 0.4023  data_time: 0.0032  memory: 7172  loss: 1.3846  loss_ce: 1.3846
2025/06/17 23:15:12 - mmengine - INFO - Iter(train) [  195/60000]  lr: 1.0000e-03  eta: 5:59:39  time: 0.4002  data_time: 0.0031  memory: 7172  loss: 1.3837  loss_ce: 1.3837
2025/06/17 23:15:12 - mmengine - INFO - Iter(train) [  196/60000]  lr: 1.0000e-03  eta: 5:59:50  time: 0.4034  data_time: 0.0030  memory: 7172  loss: 1.3812  loss_ce: 1.3812
2025/06/17 23:15:13 - mmengine - INFO - Iter(train) [  197/60000]  lr: 1.0000e-03  eta: 6:00:04  time: 0.4105  data_time: 0.0030  memory: 7172  loss: 1.3800  loss_ce: 1.3800
2025/06/17 23:15:13 - mmengine - INFO - Iter(train) [  198/60000]  lr: 1.0000e-03  eta: 6:00:12  time: 0.4089  data_time: 0.0032  memory: 7172  loss: 1.3786  loss_ce: 1.3786
2025/06/17 23:15:13 - mmengine - INFO - Iter(train) [  199/60000]  lr: 1.0000e-03  eta: 6:00:25  time: 0.4003  data_time: 0.0031  memory: 7172  loss: 1.3775  loss_ce: 1.3775
2025/06/17 23:15:14 - mmengine - INFO - Iter(train) [  200/60000]  lr: 1.0000e-03  eta: 6:00:07  time: 0.3911  data_time: 0.0031  memory: 7172  loss: 1.3727  loss_ce: 1.3727
2025/06/17 23:15:14 - mmengine - INFO - Iter(train) [  201/60000]  lr: 1.0000e-03  eta: 6:00:16  time: 0.3895  data_time: 0.0031  memory: 7172  loss: 1.3760  loss_ce: 1.3760
2025/06/17 23:15:15 - mmengine - INFO - Iter(train) [  202/60000]  lr: 1.0000e-03  eta: 6:00:28  time: 0.3889  data_time: 0.0031  memory: 7172  loss: 1.3758  loss_ce: 1.3758
2025/06/17 23:15:15 - mmengine - INFO - Iter(train) [  203/60000]  lr: 1.0000e-03  eta: 6:00:39  time: 0.3899  data_time: 0.0030  memory: 7172  loss: 1.3940  loss_ce: 1.3940
2025/06/17 23:15:15 - mmengine - INFO - Iter(train) [  204/60000]  lr: 1.0000e-03  eta: 6:00:49  time: 0.3885  data_time: 0.0030  memory: 7172  loss: 1.4038  loss_ce: 1.4038
2025/06/17 23:15:16 - mmengine - INFO - Iter(train) [  205/60000]  lr: 1.0000e-03  eta: 6:01:00  time: 0.3900  data_time: 0.0031  memory: 7172  loss: 1.4030  loss_ce: 1.4030
2025/06/17 23:15:16 - mmengine - INFO - Iter(train) [  206/60000]  lr: 1.0000e-03  eta: 6:01:11  time: 0.3902  data_time: 0.0033  memory: 7172  loss: 1.4047  loss_ce: 1.4047
2025/06/17 23:15:17 - mmengine - INFO - Iter(train) [  207/60000]  lr: 1.0000e-03  eta: 6:01:22  time: 0.3894  data_time: 0.0033  memory: 7172  loss: 1.4046  loss_ce: 1.4046
2025/06/17 23:15:17 - mmengine - INFO - Iter(train) [  208/60000]  lr: 1.0000e-03  eta: 6:01:32  time: 0.3904  data_time: 0.0034  memory: 7172  loss: 1.4006  loss_ce: 1.4006
2025/06/17 23:15:17 - mmengine - INFO - Iter(train) [  209/60000]  lr: 1.0000e-03  eta: 6:01:40  time: 0.3891  data_time: 0.0035  memory: 7172  loss: 1.4024  loss_ce: 1.4024
2025/06/17 23:15:18 - mmengine - INFO - Iter(train) [  210/60000]  lr: 1.0000e-03  eta: 6:01:32  time: 0.3924  data_time: 0.0036  memory: 7172  loss: 1.4081  loss_ce: 1.4081
2025/06/17 23:15:18 - mmengine - INFO - Iter(train) [  211/60000]  lr: 1.0000e-03  eta: 6:01:30  time: 0.3888  data_time: 0.0038  memory: 7172  loss: 1.4090  loss_ce: 1.4090
2025/06/17 23:15:18 - mmengine - INFO - Iter(train) [  212/60000]  lr: 1.0000e-03  eta: 6:01:15  time: 0.3796  data_time: 0.0039  memory: 7172  loss: 1.4090  loss_ce: 1.4090
2025/06/17 23:15:19 - mmengine - INFO - Iter(train) [  213/60000]  lr: 1.0000e-03  eta: 6:01:01  time: 0.3708  data_time: 0.0038  memory: 7172  loss: 1.3959  loss_ce: 1.3959
2025/06/17 23:15:19 - mmengine - INFO - Iter(train) [  214/60000]  lr: 1.0000e-03  eta: 6:01:04  time: 0.3685  data_time: 0.0038  memory: 7172  loss: 1.3893  loss_ce: 1.3893
2025/06/17 23:15:19 - mmengine - INFO - Iter(train) [  215/60000]  lr: 1.0000e-03  eta: 6:00:47  time: 0.3587  data_time: 0.0037  memory: 7172  loss: 1.3902  loss_ce: 1.3902
2025/06/17 23:15:20 - mmengine - INFO - Iter(train) [  216/60000]  lr: 1.0000e-03  eta: 6:00:32  time: 0.3493  data_time: 0.0035  memory: 7172  loss: 1.3830  loss_ce: 1.3830
2025/06/17 23:15:20 - mmengine - INFO - Iter(train) [  217/60000]  lr: 1.0000e-03  eta: 6:00:18  time: 0.3410  data_time: 0.0034  memory: 7172  loss: 1.3846  loss_ce: 1.3846
2025/06/17 23:15:20 - mmengine - INFO - Iter(train) [  218/60000]  lr: 1.0000e-03  eta: 6:00:17  time: 0.3369  data_time: 0.0032  memory: 7172  loss: 1.3849  loss_ce: 1.3849
2025/06/17 23:15:21 - mmengine - INFO - Iter(train) [  219/60000]  lr: 1.0000e-03  eta: 6:00:09  time: 0.3310  data_time: 0.0031  memory: 7172  loss: 1.3896  loss_ce: 1.3896
2025/06/17 23:15:21 - mmengine - INFO - Iter(train) [  220/60000]  lr: 1.0000e-03  eta: 6:00:18  time: 0.3369  data_time: 0.0031  memory: 7172  loss: 1.3792  loss_ce: 1.3792
2025/06/17 23:15:21 - mmengine - INFO - Iter(train) [  221/60000]  lr: 1.0000e-03  eta: 6:00:05  time: 0.3326  data_time: 0.0029  memory: 7172  loss: 1.3785  loss_ce: 1.3785
2025/06/17 23:15:22 - mmengine - INFO - Iter(train) [  222/60000]  lr: 1.0000e-03  eta: 6:00:12  time: 0.3408  data_time: 0.0029  memory: 7172  loss: 1.3763  loss_ce: 1.3763
2025/06/17 23:15:22 - mmengine - INFO - Iter(train) [  223/60000]  lr: 1.0000e-03  eta: 6:00:20  time: 0.3486  data_time: 0.0029  memory: 7172  loss: 1.3676  loss_ce: 1.3676
2025/06/17 23:15:22 - mmengine - INFO - Iter(train) [  224/60000]  lr: 1.0000e-03  eta: 6:00:30  time: 0.3511  data_time: 0.0029  memory: 7172  loss: 1.3679  loss_ce: 1.3679
2025/06/17 23:15:23 - mmengine - INFO - Iter(train) [  225/60000]  lr: 1.0000e-03  eta: 6:00:18  time: 0.3527  data_time: 0.0030  memory: 7172  loss: 1.3718  loss_ce: 1.3718
2025/06/17 23:15:23 - mmengine - INFO - Iter(train) [  226/60000]  lr: 1.0000e-03  eta: 6:00:24  time: 0.3603  data_time: 0.0030  memory: 7172  loss: 1.3745  loss_ce: 1.3745
2025/06/17 23:15:24 - mmengine - INFO - Iter(train) [  227/60000]  lr: 1.0000e-03  eta: 6:00:10  time: 0.3598  data_time: 0.0030  memory: 7172  loss: 1.3635  loss_ce: 1.3635
2025/06/17 23:15:24 - mmengine - INFO - Iter(train) [  228/60000]  lr: 1.0000e-03  eta: 6:00:15  time: 0.3622  data_time: 0.0030  memory: 7172  loss: 1.3612  loss_ce: 1.3612
2025/06/17 23:15:24 - mmengine - INFO - Iter(train) [  229/60000]  lr: 1.0000e-03  eta: 6:00:00  time: 0.3595  data_time: 0.0030  memory: 7172  loss: 1.3585  loss_ce: 1.3585
2025/06/17 23:15:25 - mmengine - INFO - Iter(train) [  230/60000]  lr: 1.0000e-03  eta: 5:59:48  time: 0.3512  data_time: 0.0028  memory: 7172  loss: 1.3642  loss_ce: 1.3642
2025/06/17 23:15:25 - mmengine - INFO - Iter(train) [  231/60000]  lr: 1.0000e-03  eta: 5:59:53  time: 0.3583  data_time: 0.0029  memory: 7172  loss: 1.3652  loss_ce: 1.3652
2025/06/17 23:15:25 - mmengine - INFO - Iter(train) [  232/60000]  lr: 1.0000e-03  eta: 6:00:03  time: 0.3594  data_time: 0.0027  memory: 7172  loss: 1.3755  loss_ce: 1.3755
2025/06/17 23:15:26 - mmengine - INFO - Iter(train) [  233/60000]  lr: 1.0000e-03  eta: 5:59:49  time: 0.3508  data_time: 0.0028  memory: 7172  loss: 1.3820  loss_ce: 1.3820
2025/06/17 23:15:26 - mmengine - INFO - Iter(train) [  234/60000]  lr: 1.0000e-03  eta: 5:59:55  time: 0.3494  data_time: 0.0029  memory: 7172  loss: 1.3843  loss_ce: 1.3843
2025/06/17 23:15:26 - mmengine - INFO - Iter(train) [  235/60000]  lr: 1.0000e-03  eta: 5:59:40  time: 0.3481  data_time: 0.0029  memory: 7172  loss: 1.3852  loss_ce: 1.3852
2025/06/17 23:15:27 - mmengine - INFO - Iter(train) [  236/60000]  lr: 1.0000e-03  eta: 5:59:28  time: 0.3412  data_time: 0.0028  memory: 7172  loss: 1.3882  loss_ce: 1.3882
2025/06/17 23:15:27 - mmengine - INFO - Iter(train) [  237/60000]  lr: 1.0000e-03  eta: 5:59:25  time: 0.3453  data_time: 0.0029  memory: 7172  loss: 1.3928  loss_ce: 1.3928
2025/06/17 23:15:27 - mmengine - INFO - Iter(train) [  238/60000]  lr: 1.0000e-03  eta: 5:59:17  time: 0.3399  data_time: 0.0030  memory: 7172  loss: 1.3951  loss_ce: 1.3951
2025/06/17 23:15:28 - mmengine - INFO - Iter(train) [  239/60000]  lr: 1.0000e-03  eta: 5:59:04  time: 0.3404  data_time: 0.0030  memory: 7172  loss: 1.3900  loss_ce: 1.3900
2025/06/17 23:15:28 - mmengine - INFO - Exp name: cfg_udd5_20250617_231355
2025/06/17 23:15:28 - mmengine - INFO - Iter(train) [  240/60000]  lr: 1.0000e-03  eta: 5:58:50  time: 0.3395  data_time: 0.0031  memory: 7172  loss: 1.3906  loss_ce: 1.3906
2025/06/17 23:15:28 - mmengine - INFO - Iter(train) [  241/60000]  lr: 1.0000e-03  eta: 5:59:25  time: 0.3514  data_time: 0.0143  memory: 7172  loss: 1.3940  loss_ce: 1.3940
2025/06/17 23:15:29 - mmengine - INFO - Iter(train) [  242/60000]  lr: 1.0000e-03  eta: 5:59:30  time: 0.3493  data_time: 0.0144  memory: 7172  loss: 1.3883  loss_ce: 1.3883
2025/06/17 23:15:29 - mmengine - INFO - Iter(train) [  243/60000]  lr: 1.0000e-03  eta: 5:59:17  time: 0.3496  data_time: 0.0144  memory: 7172  loss: 1.3864  loss_ce: 1.3864
2025/06/17 23:15:29 - mmengine - INFO - Iter(train) [  244/60000]  lr: 1.0000e-03  eta: 5:59:24  time: 0.3501  data_time: 0.0142  memory: 7172  loss: 1.3867  loss_ce: 1.3867
2025/06/17 23:15:30 - mmengine - INFO - Iter(train) [  245/60000]  lr: 1.0000e-03  eta: 5:59:13  time: 0.3514  data_time: 0.0142  memory: 7172  loss: 1.3864  loss_ce: 1.3864
2025/06/17 23:15:30 - mmengine - INFO - Iter(train) [  246/60000]  lr: 1.0000e-03  eta: 5:59:14  time: 0.3567  data_time: 0.0144  memory: 7172  loss: 1.3821  loss_ce: 1.3821
2025/06/17 23:15:30 - mmengine - INFO - Iter(train) [  247/60000]  lr: 1.0000e-03  eta: 5:59:02  time: 0.3527  data_time: 0.0143  memory: 7172  loss: 1.3789  loss_ce: 1.3789
2025/06/17 23:15:31 - mmengine - INFO - Iter(train) [  248/60000]  lr: 1.0000e-03  eta: 5:58:48  time: 0.3502  data_time: 0.0141  memory: 7172  loss: 1.3806  loss_ce: 1.3806
2025/06/17 23:15:31 - mmengine - INFO - Iter(train) [  249/60000]  lr: 1.0000e-03  eta: 5:58:38  time: 0.3513  data_time: 0.0141  memory: 7172  loss: 1.3840  loss_ce: 1.3840
2025/06/17 23:15:32 - mmengine - INFO - Iter(train) [  250/60000]  lr: 1.0000e-03  eta: 5:58:43  time: 0.3589  data_time: 0.0141  memory: 7172  loss: 1.3840  loss_ce: 1.3840
2025/06/17 23:15:32 - mmengine - INFO - Iter(train) [  251/60000]  lr: 1.0000e-03  eta: 5:58:31  time: 0.3397  data_time: 0.0028  memory: 7172  loss: 1.3851  loss_ce: 1.3851
2025/06/17 23:15:32 - mmengine - INFO - Iter(train) [  252/60000]  lr: 1.0000e-03  eta: 5:58:34  time: 0.3392  data_time: 0.0027  memory: 7172  loss: 1.3787  loss_ce: 1.3787
2025/06/17 23:15:33 - mmengine - INFO - Iter(train) [  253/60000]  lr: 1.0000e-03  eta: 5:58:24  time: 0.3398  data_time: 0.0028  memory: 7172  loss: 1.3735  loss_ce: 1.3735
2025/06/17 23:15:33 - mmengine - INFO - Iter(train) [  254/60000]  lr: 1.0000e-03  eta: 5:58:32  time: 0.3404  data_time: 0.0031  memory: 7172  loss: 1.3752  loss_ce: 1.3752
2025/06/17 23:15:33 - mmengine - INFO - Iter(train) [  255/60000]  lr: 1.0000e-03  eta: 5:58:20  time: 0.3398  data_time: 0.0032  memory: 7172  loss: 1.3706  loss_ce: 1.3706
2025/06/17 23:15:34 - mmengine - INFO - Iter(train) [  256/60000]  lr: 1.0000e-03  eta: 5:58:23  time: 0.3403  data_time: 0.0030  memory: 7172  loss: 1.3765  loss_ce: 1.3765
2025/06/17 23:15:34 - mmengine - INFO - Iter(train) [  257/60000]  lr: 1.0000e-03  eta: 5:58:10  time: 0.3397  data_time: 0.0030  memory: 7172  loss: 1.3808  loss_ce: 1.3808
2025/06/17 23:15:34 - mmengine - INFO - Iter(train) [  258/60000]  lr: 1.0000e-03  eta: 5:57:59  time: 0.3408  data_time: 0.0031  memory: 7172  loss: 1.3775  loss_ce: 1.3775
2025/06/17 23:15:35 - mmengine - INFO - Iter(train) [  259/60000]  lr: 1.0000e-03  eta: 5:58:05  time: 0.3475  data_time: 0.0032  memory: 7172  loss: 1.3766  loss_ce: 1.3766
2025/06/17 23:15:35 - mmengine - INFO - Iter(train) [  260/60000]  lr: 1.0000e-03  eta: 5:57:54  time: 0.3404  data_time: 0.0033  memory: 7172  loss: 1.3730  loss_ce: 1.3730
2025/06/17 23:15:35 - mmengine - INFO - Iter(train) [  261/60000]  lr: 1.0000e-03  eta: 5:57:59  time: 0.3478  data_time: 0.0032  memory: 7172  loss: 1.3669  loss_ce: 1.3669
2025/06/17 23:15:36 - mmengine - INFO - Iter(train) [  262/60000]  lr: 1.0000e-03  eta: 5:57:48  time: 0.3415  data_time: 0.0033  memory: 7172  loss: 1.3735  loss_ce: 1.3735
2025/06/17 23:15:36 - mmengine - INFO - Iter(train) [  263/60000]  lr: 1.0000e-03  eta: 5:57:37  time: 0.3410  data_time: 0.0031  memory: 7172  loss: 1.3752  loss_ce: 1.3752
2025/06/17 23:15:36 - mmengine - INFO - Iter(train) [  264/60000]  lr: 1.0000e-03  eta: 5:57:40  time: 0.3388  data_time: 0.0029  memory: 7172  loss: 1.3675  loss_ce: 1.3675
2025/06/17 23:15:37 - mmengine - INFO - Iter(train) [  265/60000]  lr: 1.0000e-03  eta: 5:57:29  time: 0.3386  data_time: 0.0029  memory: 7172  loss: 1.3680  loss_ce: 1.3680
2025/06/17 23:15:37 - mmengine - INFO - Iter(train) [  266/60000]  lr: 1.0000e-03  eta: 5:57:18  time: 0.3326  data_time: 0.0031  memory: 7172  loss: 1.3700  loss_ce: 1.3700
2025/06/17 23:15:37 - mmengine - INFO - Iter(train) [  267/60000]  lr: 1.0000e-03  eta: 5:57:22  time: 0.3399  data_time: 0.0030  memory: 7172  loss: 1.3627  loss_ce: 1.3627
2025/06/17 23:15:38 - mmengine - INFO - Iter(train) [  268/60000]  lr: 1.0000e-03  eta: 5:57:13  time: 0.3403  data_time: 0.0030  memory: 7172  loss: 1.3718  loss_ce: 1.3718
2025/06/17 23:15:38 - mmengine - INFO - Iter(train) [  269/60000]  lr: 1.0000e-03  eta: 5:57:17  time: 0.3394  data_time: 0.0031  memory: 7172  loss: 1.3732  loss_ce: 1.3732
2025/06/17 23:15:38 - mmengine - INFO - Iter(train) [  270/60000]  lr: 1.0000e-03  eta: 5:57:07  time: 0.3399  data_time: 0.0030  memory: 7172  loss: 1.3761  loss_ce: 1.3761
2025/06/17 23:15:39 - mmengine - INFO - Iter(train) [  271/60000]  lr: 1.0000e-03  eta: 5:57:13  time: 0.3401  data_time: 0.0030  memory: 7172  loss: 1.3788  loss_ce: 1.3788
2025/06/17 23:15:39 - mmengine - INFO - Iter(train) [  272/60000]  lr: 1.0000e-03  eta: 5:57:01  time: 0.3396  data_time: 0.0030  memory: 7172  loss: 1.3790  loss_ce: 1.3790
2025/06/17 23:15:39 - mmengine - INFO - Iter(train) [  273/60000]  lr: 1.0000e-03  eta: 5:56:52  time: 0.3401  data_time: 0.0030  memory: 7172  loss: 1.3775  loss_ce: 1.3775
2025/06/17 23:15:40 - mmengine - INFO - Iter(train) [  274/60000]  lr: 1.0000e-03  eta: 5:56:57  time: 0.3412  data_time: 0.0030  memory: 7172  loss: 1.3754  loss_ce: 1.3754
2025/06/17 23:15:40 - mmengine - INFO - Iter(train) [  275/60000]  lr: 1.0000e-03  eta: 5:56:45  time: 0.3408  data_time: 0.0030  memory: 7172  loss: 1.3776  loss_ce: 1.3776
2025/06/17 23:15:40 - mmengine - INFO - Iter(train) [  276/60000]  lr: 1.0000e-03  eta: 5:56:51  time: 0.3480  data_time: 0.0028  memory: 7172  loss: 1.3682  loss_ce: 1.3682
2025/06/17 23:15:41 - mmengine - INFO - Iter(train) [  277/60000]  lr: 1.0000e-03  eta: 5:56:40  time: 0.3414  data_time: 0.0028  memory: 7172  loss: 1.3731  loss_ce: 1.3731
2025/06/17 23:15:41 - mmengine - INFO - Iter(train) [  278/60000]  lr: 1.0000e-03  eta: 5:56:29  time: 0.3402  data_time: 0.0028  memory: 7172  loss: 1.3623  loss_ce: 1.3623
2025/06/17 23:15:41 - mmengine - INFO - Iter(train) [  279/60000]  lr: 1.0000e-03  eta: 5:56:34  time: 0.3404  data_time: 0.0028  memory: 7172  loss: 1.3658  loss_ce: 1.3658
2025/06/17 23:15:42 - mmengine - INFO - Iter(train) [  280/60000]  lr: 1.0000e-03  eta: 5:56:22  time: 0.3395  data_time: 0.0027  memory: 7172  loss: 1.3639  loss_ce: 1.3639
2025/06/17 23:15:42 - mmengine - INFO - Iter(train) [  281/60000]  lr: 1.0000e-03  eta: 5:56:12  time: 0.3320  data_time: 0.0027  memory: 7172  loss: 1.3637  loss_ce: 1.3637
2025/06/17 23:15:42 - mmengine - INFO - Iter(train) [  282/60000]  lr: 1.0000e-03  eta: 5:56:18  time: 0.3398  data_time: 0.0027  memory: 7172  loss: 1.3672  loss_ce: 1.3672
2025/06/17 23:15:43 - mmengine - INFO - Iter(train) [  283/60000]  lr: 1.0000e-03  eta: 5:56:09  time: 0.3398  data_time: 0.0027  memory: 7172  loss: 1.3686  loss_ce: 1.3686
2025/06/17 23:15:43 - mmengine - INFO - Iter(train) [  284/60000]  lr: 1.0000e-03  eta: 5:55:55  time: 0.3308  data_time: 0.0027  memory: 7172  loss: 1.3700  loss_ce: 1.3700
2025/06/17 23:15:43 - mmengine - INFO - Iter(train) [  285/60000]  lr: 1.0000e-03  eta: 5:55:43  time: 0.3304  data_time: 0.0027  memory: 7172  loss: 1.3669  loss_ce: 1.3669
2025/06/17 23:15:44 - mmengine - INFO - Iter(train) [  286/60000]  lr: 1.0000e-03  eta: 5:55:32  time: 0.3224  data_time: 0.0027  memory: 7172  loss: 1.3671  loss_ce: 1.3671
2025/06/17 23:15:44 - mmengine - INFO - Iter(train) [  287/60000]  lr: 1.0000e-03  eta: 5:55:19  time: 0.3209  data_time: 0.0029  memory: 7172  loss: 1.3674  loss_ce: 1.3674
2025/06/17 23:15:44 - mmengine - INFO - Iter(train) [  288/60000]  lr: 1.0000e-03  eta: 5:55:07  time: 0.3201  data_time: 0.0029  memory: 7172  loss: 1.3723  loss_ce: 1.3723
2025/06/17 23:15:45 - mmengine - INFO - Iter(train) [  289/60000]  lr: 1.0000e-03  eta: 5:55:11  time: 0.3200  data_time: 0.0028  memory: 7172  loss: 1.3627  loss_ce: 1.3627
2025/06/17 23:15:45 - mmengine - INFO - Iter(train) [  290/60000]  lr: 1.0000e-03  eta: 5:55:01  time: 0.3205  data_time: 0.0028  memory: 7172  loss: 1.3632  loss_ce: 1.3632
2025/06/17 23:15:45 - mmengine - INFO - Iter(train) [  291/60000]  lr: 1.0000e-03  eta: 5:54:51  time: 0.3202  data_time: 0.0028  memory: 7172  loss: 1.3603  loss_ce: 1.3603
2025/06/17 23:15:46 - mmengine - INFO - Iter(train) [  292/60000]  lr: 1.0000e-03  eta: 5:54:38  time: 0.3110  data_time: 0.0028  memory: 7172  loss: 1.3506  loss_ce: 1.3506
2025/06/17 23:15:46 - mmengine - INFO - Iter(train) [  293/60000]  lr: 1.0000e-03  eta: 5:54:27  time: 0.3098  data_time: 0.0029  memory: 7172  loss: 1.3534  loss_ce: 1.3534
2025/06/17 23:15:46 - mmengine - INFO - Iter(train) [  294/60000]  lr: 1.0000e-03  eta: 5:54:16  time: 0.3107  data_time: 0.0028  memory: 7172  loss: 1.3549  loss_ce: 1.3549
2025/06/17 23:15:47 - mmengine - INFO - Iter(train) [  295/60000]  lr: 1.0000e-03  eta: 5:54:22  time: 0.3193  data_time: 0.0029  memory: 7172  loss: 1.3607  loss_ce: 1.3607
2025/06/17 23:15:47 - mmengine - INFO - Iter(train) [  296/60000]  lr: 1.0000e-03  eta: 5:54:29  time: 0.3279  data_time: 0.0029  memory: 7172  loss: 1.3641  loss_ce: 1.3641
2025/06/17 23:15:47 - mmengine - INFO - Iter(train) [  297/60000]  lr: 1.0000e-03  eta: 5:54:18  time: 0.3286  data_time: 0.0027  memory: 7172  loss: 1.3621  loss_ce: 1.3621
2025/06/17 23:15:48 - mmengine - INFO - Iter(train) [  298/60000]  lr: 1.0000e-03  eta: 5:54:10  time: 0.3303  data_time: 0.0027  memory: 7172  loss: 1.3634  loss_ce: 1.3634
2025/06/17 23:15:48 - mmengine - INFO - Iter(train) [  299/60000]  lr: 1.0000e-03  eta: 5:54:13  time: 0.3296  data_time: 0.0028  memory: 7172  loss: 1.3749  loss_ce: 1.3749
2025/06/17 23:15:48 - mmengine - INFO - Iter(train) [  300/60000]  lr: 1.0000e-03  eta: 5:54:04  time: 0.3299  data_time: 0.0028  memory: 7172  loss: 1.3739  loss_ce: 1.3739
2025/06/17 23:15:49 - mmengine - INFO - Iter(train) [  301/60000]  lr: 1.0000e-03  eta: 5:54:12  time: 0.3386  data_time: 0.0028  memory: 7172  loss: 1.3723  loss_ce: 1.3723
2025/06/17 23:15:49 - mmengine - INFO - Iter(train) [  302/60000]  lr: 1.0000e-03  eta: 5:54:03  time: 0.3404  data_time: 0.0028  memory: 7172  loss: 1.3789  loss_ce: 1.3789
2025/06/17 23:15:49 - mmengine - INFO - Iter(train) [  303/60000]  lr: 1.0000e-03  eta: 5:54:10  time: 0.3492  data_time: 0.0029  memory: 7172  loss: 1.3797  loss_ce: 1.3797
2025/06/17 23:15:50 - mmengine - INFO - Iter(train) [  304/60000]  lr: 1.0000e-03  eta: 5:54:00  time: 0.3494  data_time: 0.0029  memory: 7172  loss: 1.3804  loss_ce: 1.3804
2025/06/17 23:15:50 - mmengine - INFO - Iter(train) [  305/60000]  lr: 1.0000e-03  eta: 5:53:49  time: 0.3406  data_time: 0.0029  memory: 7172  loss: 1.3815  loss_ce: 1.3815
2025/06/17 23:15:50 - mmengine - INFO - Iter(train) [  306/60000]  lr: 1.0000e-03  eta: 5:53:54  time: 0.3399  data_time: 0.0029  memory: 7172  loss: 1.3867  loss_ce: 1.3867
2025/06/17 23:15:51 - mmengine - INFO - Iter(train) [  307/60000]  lr: 1.0000e-03  eta: 5:54:02  time: 0.3495  data_time: 0.0031  memory: 7172  loss: 1.3916  loss_ce: 1.3916
2025/06/17 23:15:51 - mmengine - INFO - Iter(train) [  308/60000]  lr: 1.0000e-03  eta: 5:53:52  time: 0.3484  data_time: 0.0031  memory: 7172  loss: 1.3874  loss_ce: 1.3874
2025/06/17 23:15:51 - mmengine - INFO - Iter(train) [  309/60000]  lr: 1.0000e-03  eta: 5:53:57  time: 0.3496  data_time: 0.0030  memory: 7172  loss: 1.3870  loss_ce: 1.3870
2025/06/17 23:15:52 - mmengine - INFO - Iter(train) [  310/60000]  lr: 1.0000e-03  eta: 5:53:49  time: 0.3496  data_time: 0.0029  memory: 7172  loss: 1.3857  loss_ce: 1.3857
2025/06/17 23:15:52 - mmengine - INFO - Iter(train) [  311/60000]  lr: 1.0000e-03  eta: 5:53:40  time: 0.3412  data_time: 0.0031  memory: 7172  loss: 1.3955  loss_ce: 1.3955
2025/06/17 23:15:52 - mmengine - INFO - Iter(train) [  312/60000]  lr: 1.0000e-03  eta: 5:53:44  time: 0.3479  data_time: 0.0030  memory: 7172  loss: 1.4134  loss_ce: 1.4134
2025/06/17 23:15:53 - mmengine - INFO - Iter(train) [  313/60000]  lr: 1.0000e-03  eta: 5:53:35  time: 0.3394  data_time: 0.0030  memory: 7172  loss: 1.4178  loss_ce: 1.4178
2025/06/17 23:15:53 - mmengine - INFO - Iter(train) [  314/60000]  lr: 1.0000e-03  eta: 5:53:27  time: 0.3402  data_time: 0.0029  memory: 7172  loss: 1.4184  loss_ce: 1.4184
2025/06/17 23:15:53 - mmengine - INFO - Iter(train) [  315/60000]  lr: 1.0000e-03  eta: 5:53:29  time: 0.3474  data_time: 0.0029  memory: 7172  loss: 1.4088  loss_ce: 1.4088
2025/06/17 23:15:54 - mmengine - INFO - Iter(train) [  316/60000]  lr: 1.0000e-03  eta: 5:53:06  time: 0.3325  data_time: 0.0029  memory: 7172  loss: 1.4099  loss_ce: 1.4099
2025/06/17 23:15:54 - mmengine - INFO - Iter(train) [  317/60000]  lr: 1.0000e-03  eta: 5:52:55  time: 0.3222  data_time: 0.0027  memory: 7172  loss: 1.4094  loss_ce: 1.4094
2025/06/17 23:15:54 - mmengine - INFO - Iter(train) [  318/60000]  lr: 1.0000e-03  eta: 5:52:58  time: 0.3291  data_time: 0.0027  memory: 7172  loss: 1.4071  loss_ce: 1.4071
2025/06/17 23:15:55 - mmengine - INFO - Iter(train) [  319/60000]  lr: 1.0000e-03  eta: 5:52:49  time: 0.3216  data_time: 0.0028  memory: 7172  loss: 1.3985  loss_ce: 1.3985
2025/06/17 23:15:55 - mmengine - INFO - Iter(train) [  320/60000]  lr: 1.0000e-03  eta: 5:52:41  time: 0.3212  data_time: 0.0028  memory: 7172  loss: 1.4061  loss_ce: 1.4061
2025/06/17 23:15:55 - mmengine - INFO - Iter(train) [  321/60000]  lr: 1.0000e-03  eta: 5:52:44  time: 0.3274  data_time: 0.0027  memory: 7172  loss: 1.3958  loss_ce: 1.3958
2025/06/17 23:15:56 - mmengine - INFO - Iter(train) [  322/60000]  lr: 1.0000e-03  eta: 5:52:35  time: 0.3201  data_time: 0.0027  memory: 7172  loss: 1.3827  loss_ce: 1.3827
2025/06/17 23:15:56 - mmengine - INFO - Iter(train) [  323/60000]  lr: 1.0000e-03  eta: 5:52:27  time: 0.3207  data_time: 0.0027  memory: 7172  loss: 1.3769  loss_ce: 1.3769
2025/06/17 23:15:56 - mmengine - INFO - Iter(train) [  324/60000]  lr: 1.0000e-03  eta: 5:52:34  time: 0.3285  data_time: 0.0027  memory: 7172  loss: 1.3802  loss_ce: 1.3802
2025/06/17 23:15:57 - mmengine - INFO - Iter(train) [  325/60000]  lr: 1.0000e-03  eta: 5:52:25  time: 0.3222  data_time: 0.0027  memory: 7172  loss: 1.3860  loss_ce: 1.3860
2025/06/17 23:15:57 - mmengine - INFO - Iter(train) [  326/60000]  lr: 1.0000e-03  eta: 5:52:30  time: 0.3369  data_time: 0.0027  memory: 7172  loss: 1.3803  loss_ce: 1.3803
2025/06/17 23:15:57 - mmengine - INFO - Iter(train) [  327/60000]  lr: 1.0000e-03  eta: 5:52:37  time: 0.3469  data_time: 0.0028  memory: 7172  loss: 1.3808  loss_ce: 1.3808
2025/06/17 23:15:58 - mmengine - INFO - Iter(train) [  328/60000]  lr: 1.0000e-03  eta: 5:52:29  time: 0.3409  data_time: 0.0028  memory: 7172  loss: 1.3864  loss_ce: 1.3864
2025/06/17 23:15:58 - mmengine - INFO - Iter(train) [  329/60000]  lr: 1.0000e-03  eta: 5:52:22  time: 0.3413  data_time: 0.0028  memory: 7172  loss: 1.3929  loss_ce: 1.3929
2025/06/17 23:15:58 - mmengine - INFO - Iter(train) [  330/60000]  lr: 1.0000e-03  eta: 5:52:27  time: 0.3487  data_time: 0.0028  memory: 7172  loss: 1.3882  loss_ce: 1.3882
2025/06/17 23:15:59 - mmengine - INFO - Iter(train) [  331/60000]  lr: 1.0000e-03  eta: 5:52:34  time: 0.3511  data_time: 0.0027  memory: 7172  loss: 1.3910  loss_ce: 1.3910
2025/06/17 23:15:59 - mmengine - INFO - Iter(train) [  332/60000]  lr: 1.0000e-03  eta: 5:52:27  time: 0.3519  data_time: 0.0027  memory: 7172  loss: 1.3881  loss_ce: 1.3881
2025/06/17 23:15:59 - mmengine - INFO - Iter(train) [  333/60000]  lr: 1.0000e-03  eta: 5:52:32  time: 0.3594  data_time: 0.0027  memory: 7172  loss: 1.3881  loss_ce: 1.3881
2025/06/17 23:16:00 - mmengine - INFO - Iter(train) [  334/60000]  lr: 1.0000e-03  eta: 5:52:24  time: 0.3513  data_time: 0.0027  memory: 7172  loss: 1.3906  loss_ce: 1.3906
2025/06/17 23:16:00 - mmengine - INFO - Iter(train) [  335/60000]  lr: 1.0000e-03  eta: 5:52:16  time: 0.3511  data_time: 0.0027  memory: 7172  loss: 1.3889  loss_ce: 1.3889
2025/06/17 23:16:00 - mmengine - INFO - Iter(train) [  336/60000]  lr: 1.0000e-03  eta: 5:52:20  time: 0.3512  data_time: 0.0027  memory: 7172  loss: 1.3846  loss_ce: 1.3846
2025/06/17 23:16:01 - mmengine - INFO - Iter(train) [  337/60000]  lr: 1.0000e-03  eta: 5:52:14  time: 0.3433  data_time: 0.0026  memory: 7172  loss: 1.3813  loss_ce: 1.3813
2025/06/17 23:16:01 - mmengine - INFO - Iter(train) [  338/60000]  lr: 1.0000e-03  eta: 5:52:17  time: 0.3496  data_time: 0.0027  memory: 7172  loss: 1.3787  loss_ce: 1.3787
2025/06/17 23:16:02 - mmengine - INFO - Iter(train) [  339/60000]  lr: 1.0000e-03  eta: 5:52:09  time: 0.3490  data_time: 0.0027  memory: 7172  loss: 1.3698  loss_ce: 1.3698
2025/06/17 23:16:02 - mmengine - INFO - Iter(train) [  340/60000]  lr: 1.0000e-03  eta: 5:52:18  time: 0.3516  data_time: 0.0029  memory: 7172  loss: 1.3740  loss_ce: 1.3740
2025/06/17 23:16:02 - mmengine - INFO - Iter(train) [  341/60000]  lr: 1.0000e-03  eta: 5:52:23  time: 0.3498  data_time: 0.0031  memory: 7172  loss: 1.3741  loss_ce: 1.3741
2025/06/17 23:16:03 - mmengine - INFO - Iter(train) [  342/60000]  lr: 1.0000e-03  eta: 5:52:30  time: 0.3584  data_time: 0.0030  memory: 7172  loss: 1.3716  loss_ce: 1.3716
2025/06/17 23:16:03 - mmengine - INFO - Iter(train) [  343/60000]  lr: 1.0000e-03  eta: 5:52:38  time: 0.3598  data_time: 0.0030  memory: 7172  loss: 1.3731  loss_ce: 1.3731
2025/06/17 23:16:04 - mmengine - INFO - Iter(train) [  344/60000]  lr: 1.0000e-03  eta: 5:52:46  time: 0.3691  data_time: 0.0032  memory: 7172  loss: 1.3639  loss_ce: 1.3639
2025/06/17 23:16:04 - mmengine - INFO - Iter(train) [  345/60000]  lr: 1.0000e-03  eta: 5:52:52  time: 0.3774  data_time: 0.0032  memory: 7172  loss: 1.3652  loss_ce: 1.3652
2025/06/17 23:16:04 - mmengine - INFO - Iter(train) [  346/60000]  lr: 1.0000e-03  eta: 5:52:46  time: 0.3715  data_time: 0.0032  memory: 7172  loss: 1.3721  loss_ce: 1.3721
2025/06/17 23:16:05 - mmengine - INFO - Iter(train) [  347/60000]  lr: 1.0000e-03  eta: 5:52:53  time: 0.3793  data_time: 0.0032  memory: 7172  loss: 1.3763  loss_ce: 1.3763
2025/06/17 23:16:05 - mmengine - INFO - Iter(train) [  348/60000]  lr: 1.0000e-03  eta: 5:52:59  time: 0.3806  data_time: 0.0032  memory: 7172  loss: 1.3773  loss_ce: 1.3773
2025/06/17 23:16:05 - mmengine - INFO - Iter(train) [  349/60000]  lr: 1.0000e-03  eta: 5:53:05  time: 0.3893  data_time: 0.0032  memory: 7172  loss: 1.3829  loss_ce: 1.3829
2025/06/17 23:16:06 - mmengine - INFO - Iter(train) [  350/60000]  lr: 1.0000e-03  eta: 5:52:58  time: 0.3799  data_time: 0.0030  memory: 7172  loss: 1.3753  loss_ce: 1.3753
2025/06/17 23:16:06 - mmengine - INFO - Iter(train) [  351/60000]  lr: 1.0000e-03  eta: 5:53:01  time: 0.3794  data_time: 0.0030  memory: 7172  loss: 1.3728  loss_ce: 1.3728
2025/06/17 23:16:06 - mmengine - INFO - Iter(train) [  352/60000]  lr: 1.0000e-03  eta: 5:52:57  time: 0.3724  data_time: 0.0031  memory: 7172  loss: 1.3691  loss_ce: 1.3691
2025/06/17 23:16:07 - mmengine - INFO - Iter(train) [  353/60000]  lr: 1.0000e-03  eta: 5:52:59  time: 0.3691  data_time: 0.0032  memory: 7172  loss: 1.3694  loss_ce: 1.3694
2025/06/17 23:16:07 - mmengine - INFO - Iter(train) [  354/60000]  lr: 1.0000e-03  eta: 5:52:53  time: 0.3610  data_time: 0.0031  memory: 7172  loss: 1.3746  loss_ce: 1.3746
2025/06/17 23:16:07 - mmengine - INFO - Iter(train) [  355/60000]  lr: 1.0000e-03  eta: 5:52:58  time: 0.3605  data_time: 0.0032  memory: 7172  loss: 1.3702  loss_ce: 1.3702
2025/06/17 23:16:08 - mmengine - INFO - Iter(train) [  356/60000]  lr: 1.0000e-03  eta: 5:53:04  time: 0.3674  data_time: 0.0033  memory: 7172  loss: 1.3647  loss_ce: 1.3647
2025/06/17 23:16:08 - mmengine - INFO - Iter(train) [  357/60000]  lr: 1.0000e-03  eta: 5:52:57  time: 0.3595  data_time: 0.0033  memory: 7172  loss: 1.3618  loss_ce: 1.3618
2025/06/17 23:16:09 - mmengine - INFO - Iter(train) [  358/60000]  lr: 1.0000e-03  eta: 5:53:03  time: 0.3597  data_time: 0.0033  memory: 7172  loss: 1.3644  loss_ce: 1.3644
2025/06/17 23:16:09 - mmengine - INFO - Iter(train) [  359/60000]  lr: 1.0000e-03  eta: 5:53:09  time: 0.3594  data_time: 0.0033  memory: 7172  loss: 1.3687  loss_ce: 1.3687
2025/06/17 23:16:09 - mmengine - INFO - Exp name: cfg_udd5_20250617_231355
2025/06/17 23:16:09 - mmengine - INFO - Iter(train) [  360/60000]  lr: 1.0000e-03  eta: 5:53:01  time: 0.3589  data_time: 0.0033  memory: 7172  loss: 1.3728  loss_ce: 1.3728
2025/06/17 23:16:10 - mmengine - INFO - Iter(train) [  361/60000]  lr: 1.0000e-03  eta: 5:53:42  time: 0.3821  data_time: 0.0225  memory: 7172  loss: 1.3719  loss_ce: 1.3719
2025/06/17 23:16:10 - mmengine - INFO - Iter(train) [  362/60000]  lr: 1.0000e-03  eta: 5:53:48  time: 0.3882  data_time: 0.0223  memory: 7172  loss: 1.3793  loss_ce: 1.3793
2025/06/17 23:16:11 - mmengine - INFO - Iter(train) [  363/60000]  lr: 1.0000e-03  eta: 5:53:55  time: 0.3911  data_time: 0.0222  memory: 7172  loss: 1.3828  loss_ce: 1.3828
2025/06/17 23:16:11 - mmengine - INFO - Iter(train) [  364/60000]  lr: 1.0000e-03  eta: 5:54:01  time: 0.3983  data_time: 0.0222  memory: 7172  loss: 1.3792  loss_ce: 1.3792
2025/06/17 23:16:11 - mmengine - INFO - Iter(train) [  365/60000]  lr: 1.0000e-03  eta: 5:54:06  time: 0.3991  data_time: 0.0221  memory: 7172  loss: 1.3833  loss_ce: 1.3833
2025/06/17 23:16:12 - mmengine - INFO - Iter(train) [  366/60000]  lr: 1.0000e-03  eta: 5:54:01  time: 0.3921  data_time: 0.0221  memory: 7172  loss: 1.3839  loss_ce: 1.3839
2025/06/17 23:16:12 - mmengine - INFO - Iter(train) [  367/60000]  lr: 1.0000e-03  eta: 5:54:06  time: 0.3996  data_time: 0.0221  memory: 7172  loss: 1.3835  loss_ce: 1.3835
2025/06/17 23:16:13 - mmengine - INFO - Iter(train) [  368/60000]  lr: 1.0000e-03  eta: 5:54:12  time: 0.3998  data_time: 0.0222  memory: 7172  loss: 1.3867  loss_ce: 1.3867
2025/06/17 23:16:13 - mmengine - INFO - Iter(train) [  369/60000]  lr: 1.0000e-03  eta: 5:54:17  time: 0.3997  data_time: 0.0221  memory: 7172  loss: 1.3779  loss_ce: 1.3779
2025/06/17 23:16:13 - mmengine - INFO - Iter(train) [  370/60000]  lr: 1.0000e-03  eta: 5:54:09  time: 0.3993  data_time: 0.0222  memory: 7172  loss: 1.3748  loss_ce: 1.3748
2025/06/17 23:16:14 - mmengine - INFO - Iter(train) [  371/60000]  lr: 1.0000e-03  eta: 5:54:02  time: 0.3704  data_time: 0.0029  memory: 7172  loss: 1.3744  loss_ce: 1.3744
2025/06/17 23:16:14 - mmengine - INFO - Iter(train) [  372/60000]  lr: 1.0000e-03  eta: 5:54:07  time: 0.3702  data_time: 0.0030  memory: 7172  loss: 1.3654  loss_ce: 1.3654
2025/06/17 23:16:14 - mmengine - INFO - Iter(train) [  373/60000]  lr: 1.0000e-03  eta: 5:54:15  time: 0.3710  data_time: 0.0032  memory: 7172  loss: 1.3660  loss_ce: 1.3660
2025/06/17 23:16:15 - mmengine - INFO - Iter(train) [  374/60000]  lr: 1.0000e-03  eta: 5:54:18  time: 0.3690  data_time: 0.0031  memory: 7172  loss: 1.3628  loss_ce: 1.3628
2025/06/17 23:16:15 - mmengine - INFO - Iter(train) [  375/60000]  lr: 1.0000e-03  eta: 5:54:09  time: 0.3602  data_time: 0.0031  memory: 7172  loss: 1.3620  loss_ce: 1.3620
2025/06/17 23:16:15 - mmengine - INFO - Iter(train) [  376/60000]  lr: 1.0000e-03  eta: 5:54:02  time: 0.3594  data_time: 0.0030  memory: 7172  loss: 1.3608  loss_ce: 1.3608
2025/06/17 23:16:16 - mmengine - INFO - Iter(train) [  377/60000]  lr: 1.0000e-03  eta: 5:54:06  time: 0.3585  data_time: 0.0030  memory: 7172  loss: 1.3596  loss_ce: 1.3596
2025/06/17 23:16:16 - mmengine - INFO - Iter(train) [  378/60000]  lr: 1.0000e-03  eta: 5:54:01  time: 0.3517  data_time: 0.0031  memory: 7172  loss: 1.3515  loss_ce: 1.3515
2025/06/17 23:16:16 - mmengine - INFO - Iter(train) [  379/60000]  lr: 1.0000e-03  eta: 5:54:03  time: 0.3499  data_time: 0.0031  memory: 7172  loss: 1.3615  loss_ce: 1.3615
2025/06/17 23:16:17 - mmengine - INFO - Iter(train) [  380/60000]  lr: 1.0000e-03  eta: 5:53:56  time: 0.3505  data_time: 0.0030  memory: 7172  loss: 1.3648  loss_ce: 1.3648
2025/06/17 23:16:17 - mmengine - INFO - Iter(train) [  381/60000]  lr: 1.0000e-03  eta: 5:54:01  time: 0.3576  data_time: 0.0032  memory: 7172  loss: 1.3679  loss_ce: 1.3679
2025/06/17 23:16:18 - mmengine - INFO - Iter(train) [  382/60000]  lr: 1.0000e-03  eta: 5:53:53  time: 0.3497  data_time: 0.0030  memory: 7172  loss: 1.3732  loss_ce: 1.3732
2025/06/17 23:16:18 - mmengine - INFO - Iter(train) [  383/60000]  lr: 1.0000e-03  eta: 5:53:46  time: 0.3403  data_time: 0.0030  memory: 7172  loss: 1.3639  loss_ce: 1.3639
2025/06/17 23:16:18 - mmengine - INFO - Iter(train) [  384/60000]  lr: 1.0000e-03  eta: 5:53:37  time: 0.3328  data_time: 0.0031  memory: 7172  loss: 1.3687  loss_ce: 1.3687
2025/06/17 23:16:18 - mmengine - INFO - Iter(train) [  385/60000]  lr: 1.0000e-03  eta: 5:53:29  time: 0.3326  data_time: 0.0031  memory: 7172  loss: 1.3715  loss_ce: 1.3715
2025/06/17 23:16:19 - mmengine - INFO - Iter(train) [  386/60000]  lr: 1.0000e-03  eta: 5:53:31  time: 0.3382  data_time: 0.0031  memory: 7172  loss: 1.3767  loss_ce: 1.3767
2025/06/17 23:16:19 - mmengine - INFO - Iter(train) [  387/60000]  lr: 1.0000e-03  eta: 5:53:24  time: 0.3315  data_time: 0.0033  memory: 7172  loss: 1.3782  loss_ce: 1.3782
2025/06/17 23:16:20 - mmengine - INFO - Iter(train) [  388/60000]  lr: 1.0000e-03  eta: 5:53:30  time: 0.3389  data_time: 0.0031  memory: 7172  loss: 1.3780  loss_ce: 1.3780
2025/06/17 23:16:20 - mmengine - INFO - Iter(train) [  389/60000]  lr: 1.0000e-03  eta: 5:53:35  time: 0.3400  data_time: 0.0031  memory: 7172  loss: 1.3725  loss_ce: 1.3725
2025/06/17 23:16:20 - mmengine - INFO - Iter(train) [  390/60000]  lr: 1.0000e-03  eta: 5:53:28  time: 0.3400  data_time: 0.0032  memory: 7172  loss: 1.3732  loss_ce: 1.3732
2025/06/17 23:16:21 - mmengine - INFO - Iter(train) [  391/60000]  lr: 1.0000e-03  eta: 5:53:20  time: 0.3321  data_time: 0.0031  memory: 7172  loss: 1.3768  loss_ce: 1.3768
2025/06/17 23:16:21 - mmengine - INFO - Iter(train) [  392/60000]  lr: 1.0000e-03  eta: 5:53:25  time: 0.3400  data_time: 0.0031  memory: 7172  loss: 1.3705  loss_ce: 1.3705
2025/06/17 23:16:21 - mmengine - INFO - Iter(train) [  393/60000]  lr: 1.0000e-03  eta: 5:53:30  time: 0.3475  data_time: 0.0032  memory: 7172  loss: 1.3737  loss_ce: 1.3737
2025/06/17 23:16:22 - mmengine - INFO - Iter(train) [  394/60000]  lr: 1.0000e-03  eta: 5:53:23  time: 0.3490  data_time: 0.0030  memory: 7172  loss: 1.3737  loss_ce: 1.3737
2025/06/17 23:16:22 - mmengine - INFO - Iter(train) [  395/60000]  lr: 1.0000e-03  eta: 5:53:28  time: 0.3578  data_time: 0.0030  memory: 7172  loss: 1.3712  loss_ce: 1.3712
2025/06/17 23:16:22 - mmengine - INFO - Iter(train) [  396/60000]  lr: 1.0000e-03  eta: 5:53:35  time: 0.3612  data_time: 0.0031  memory: 7172  loss: 1.3672  loss_ce: 1.3672
2025/06/17 23:16:23 - mmengine - INFO - Iter(train) [  397/60000]  lr: 1.0000e-03  eta: 5:53:41  time: 0.3691  data_time: 0.0030  memory: 7172  loss: 1.3630  loss_ce: 1.3630
2025/06/17 23:16:23 - mmengine - INFO - Iter(train) [  398/60000]  lr: 1.0000e-03  eta: 5:53:46  time: 0.3688  data_time: 0.0031  memory: 7172  loss: 1.3700  loss_ce: 1.3700
2025/06/17 23:16:23 - mmengine - INFO - Iter(train) [  399/60000]  lr: 1.0000e-03  eta: 5:53:38  time: 0.3607  data_time: 0.0031  memory: 7172  loss: 1.3686  loss_ce: 1.3686
2025/06/17 23:16:24 - mmengine - INFO - Iter(train) [  400/60000]  lr: 1.0000e-03  eta: 5:53:32  time: 0.3607  data_time: 0.0030  memory: 7172  loss: 1.3625  loss_ce: 1.3625
2025/06/17 23:16:24 - mmengine - INFO - Iter(train) [  401/60000]  lr: 1.0000e-03  eta: 5:53:24  time: 0.3602  data_time: 0.0030  memory: 7172  loss: 1.3618  loss_ce: 1.3618
2025/06/17 23:16:24 - mmengine - INFO - Iter(train) [  402/60000]  lr: 1.0000e-03  eta: 5:53:26  time: 0.3585  data_time: 0.0031  memory: 7172  loss: 1.3646  loss_ce: 1.3646
2025/06/17 23:16:25 - mmengine - INFO - Iter(train) [  403/60000]  lr: 1.0000e-03  eta: 5:53:19  time: 0.3509  data_time: 0.0031  memory: 7172  loss: 1.3681  loss_ce: 1.3681
2025/06/17 23:16:25 - mmengine - INFO - Iter(train) [  404/60000]  lr: 1.0000e-03  eta: 5:53:12  time: 0.3507  data_time: 0.0031  memory: 7172  loss: 1.3680  loss_ce: 1.3680
2025/06/17 23:16:25 - mmengine - INFO - Iter(train) [  405/60000]  lr: 1.0000e-03  eta: 5:53:14  time: 0.3489  data_time: 0.0032  memory: 7172  loss: 1.3719  loss_ce: 1.3719
2025/06/17 23:16:26 - mmengine - INFO - Iter(train) [  406/60000]  lr: 1.0000e-03  eta: 5:53:08  time: 0.3396  data_time: 0.0032  memory: 7172  loss: 1.3728  loss_ce: 1.3728
2025/06/17 23:16:26 - mmengine - INFO - Iter(train) [  407/60000]  lr: 1.0000e-03  eta: 5:53:02  time: 0.3319  data_time: 0.0031  memory: 7172  loss: 1.3788  loss_ce: 1.3788
2025/06/17 23:16:26 - mmengine - INFO - Iter(train) [  408/60000]  lr: 1.0000e-03  eta: 5:53:05  time: 0.3303  data_time: 0.0031  memory: 7172  loss: 1.3788  loss_ce: 1.3788
2025/06/17 23:16:27 - mmengine - INFO - Iter(train) [  409/60000]  lr: 1.0000e-03  eta: 5:52:58  time: 0.3311  data_time: 0.0032  memory: 7172  loss: 1.3819  loss_ce: 1.3819
2025/06/17 23:16:27 - mmengine - INFO - Iter(train) [  410/60000]  lr: 1.0000e-03  eta: 5:52:51  time: 0.3303  data_time: 0.0032  memory: 7172  loss: 1.3806  loss_ce: 1.3806
2025/06/17 23:16:27 - mmengine - INFO - Iter(train) [  411/60000]  lr: 1.0000e-03  eta: 5:52:52  time: 0.3367  data_time: 0.0032  memory: 7172  loss: 1.3758  loss_ce: 1.3758
2025/06/17 23:16:28 - mmengine - INFO - Iter(train) [  412/60000]  lr: 1.0000e-03  eta: 5:52:44  time: 0.3296  data_time: 0.0032  memory: 7172  loss: 1.3772  loss_ce: 1.3772
2025/06/17 23:16:28 - mmengine - INFO - Iter(train) [  413/60000]  lr: 1.0000e-03  eta: 5:52:37  time: 0.3289  data_time: 0.0032  memory: 7172  loss: 1.3736  loss_ce: 1.3736
2025/06/17 23:16:28 - mmengine - INFO - Iter(train) [  414/60000]  lr: 1.0000e-03  eta: 5:52:30  time: 0.3289  data_time: 0.0033  memory: 7172  loss: 1.3767  loss_ce: 1.3767
2025/06/17 23:16:29 - mmengine - INFO - Iter(train) [  415/60000]  lr: 1.0000e-03  eta: 5:52:34  time: 0.3302  data_time: 0.0033  memory: 7172  loss: 1.3691  loss_ce: 1.3691
2025/06/17 23:16:29 - mmengine - INFO - Iter(train) [  416/60000]  lr: 1.0000e-03  eta: 5:52:27  time: 0.3299  data_time: 0.0032  memory: 7172  loss: 1.3730  loss_ce: 1.3730
2025/06/17 23:16:29 - mmengine - INFO - Iter(train) [  417/60000]  lr: 1.0000e-03  eta: 5:52:21  time: 0.3293  data_time: 0.0032  memory: 7172  loss: 1.3647  loss_ce: 1.3647
2025/06/17 23:16:30 - mmengine - INFO - Iter(train) [  418/60000]  lr: 1.0000e-03  eta: 5:52:16  time: 0.3238  data_time: 0.0032  memory: 7172  loss: 1.3597  loss_ce: 1.3597
2025/06/17 23:16:30 - mmengine - INFO - Iter(train) [  419/60000]  lr: 1.0000e-03  eta: 5:52:06  time: 0.3208  data_time: 0.0031  memory: 7172  loss: 1.3522  loss_ce: 1.3522
2025/06/17 23:16:30 - mmengine - INFO - Iter(train) [  420/60000]  lr: 1.0000e-03  eta: 5:51:57  time: 0.3197  data_time: 0.0031  memory: 7172  loss: 1.3607  loss_ce: 1.3607
2025/06/17 23:16:31 - mmengine - INFO - Iter(train) [  421/60000]  lr: 1.0000e-03  eta: 5:52:00  time: 0.3207  data_time: 0.0031  memory: 7172  loss: 1.3637  loss_ce: 1.3637
2025/06/17 23:16:31 - mmengine - INFO - Iter(train) [  422/60000]  lr: 1.0000e-03  eta: 5:51:54  time: 0.3219  data_time: 0.0031  memory: 7172  loss: 1.3650  loss_ce: 1.3650
2025/06/17 23:16:31 - mmengine - INFO - Iter(train) [  423/60000]  lr: 1.0000e-03  eta: 5:51:46  time: 0.3219  data_time: 0.0030  memory: 7172  loss: 1.3614  loss_ce: 1.3614
2025/06/17 23:16:32 - mmengine - INFO - Iter(train) [  424/60000]  lr: 1.0000e-03  eta: 5:51:49  time: 0.3285  data_time: 0.0029  memory: 7172  loss: 1.3554  loss_ce: 1.3554
2025/06/17 23:16:32 - mmengine - INFO - Iter(train) [  425/60000]  lr: 1.0000e-03  eta: 5:51:43  time: 0.3210  data_time: 0.0029  memory: 7172  loss: 1.3622  loss_ce: 1.3622
2025/06/17 23:16:32 - mmengine - INFO - Iter(train) [  426/60000]  lr: 1.0000e-03  eta: 5:51:38  time: 0.3221  data_time: 0.0029  memory: 7172  loss: 1.3573  loss_ce: 1.3573
2025/06/17 23:16:33 - mmengine - INFO - Iter(train) [  427/60000]  lr: 1.0000e-03  eta: 5:51:40  time: 0.3284  data_time: 0.0030  memory: 7172  loss: 1.3630  loss_ce: 1.3630
2025/06/17 23:16:33 - mmengine - INFO - Iter(train) [  428/60000]  lr: 1.0000e-03  eta: 5:51:34  time: 0.3272  data_time: 0.0031  memory: 7172  loss: 1.3650  loss_ce: 1.3650
2025/06/17 23:16:33 - mmengine - INFO - Iter(train) [  429/60000]  lr: 1.0000e-03  eta: 5:51:28  time: 0.3300  data_time: 0.0030  memory: 7172  loss: 1.3669  loss_ce: 1.3669
2025/06/17 23:16:34 - mmengine - INFO - Iter(train) [  430/60000]  lr: 1.0000e-03  eta: 5:51:30  time: 0.3379  data_time: 0.0032  memory: 7172  loss: 1.3625  loss_ce: 1.3625
2025/06/17 23:16:34 - mmengine - INFO - Iter(train) [  431/60000]  lr: 1.0000e-03  eta: 5:51:24  time: 0.3313  data_time: 0.0030  memory: 7172  loss: 1.3605  loss_ce: 1.3605
2025/06/17 23:16:34 - mmengine - INFO - Iter(train) [  432/60000]  lr: 1.0000e-03  eta: 5:51:18  time: 0.3312  data_time: 0.0030  memory: 7172  loss: 1.3626  loss_ce: 1.3626
2025/06/17 23:16:35 - mmengine - INFO - Iter(train) [  433/60000]  lr: 1.0000e-03  eta: 5:51:10  time: 0.3304  data_time: 0.0031  memory: 7172  loss: 1.3700  loss_ce: 1.3700
2025/06/17 23:16:35 - mmengine - INFO - Iter(train) [  434/60000]  lr: 1.0000e-03  eta: 5:51:03  time: 0.3231  data_time: 0.0031  memory: 7172  loss: 1.3685  loss_ce: 1.3685
2025/06/17 23:16:35 - mmengine - INFO - Iter(train) [  435/60000]  lr: 1.0000e-03  eta: 5:50:54  time: 0.3214  data_time: 0.0030  memory: 7172  loss: 1.3644  loss_ce: 1.3644
2025/06/17 23:16:36 - mmengine - INFO - Iter(train) [  436/60000]  lr: 1.0000e-03  eta: 5:50:47  time: 0.3198  data_time: 0.0032  memory: 7172  loss: 1.3622  loss_ce: 1.3622
2025/06/17 23:16:36 - mmengine - INFO - Iter(train) [  437/60000]  lr: 1.0000e-03  eta: 5:50:47  time: 0.3175  data_time: 0.0031  memory: 7172  loss: 1.3795  loss_ce: 1.3795
2025/06/17 23:16:36 - mmengine - INFO - Iter(train) [  438/60000]  lr: 1.0000e-03  eta: 5:50:43  time: 0.3193  data_time: 0.0030  memory: 7172  loss: 1.3773  loss_ce: 1.3773
2025/06/17 23:16:37 - mmengine - INFO - Iter(train) [  439/60000]  lr: 1.0000e-03  eta: 5:50:37  time: 0.3194  data_time: 0.0030  memory: 7172  loss: 1.3838  loss_ce: 1.3838
2025/06/17 23:16:37 - mmengine - INFO - Iter(train) [  440/60000]  lr: 1.0000e-03  eta: 5:50:31  time: 0.3131  data_time: 0.0029  memory: 7172  loss: 1.3855  loss_ce: 1.3855
2025/06/17 23:16:37 - mmengine - INFO - Iter(train) [  441/60000]  lr: 1.0000e-03  eta: 5:50:23  time: 0.3113  data_time: 0.0029  memory: 7172  loss: 1.3862  loss_ce: 1.3862
2025/06/17 23:16:37 - mmengine - INFO - Iter(train) [  442/60000]  lr: 1.0000e-03  eta: 5:50:16  time: 0.3103  data_time: 0.0030  memory: 7172  loss: 1.3893  loss_ce: 1.3893
2025/06/17 23:16:38 - mmengine - INFO - Iter(train) [  443/60000]  lr: 1.0000e-03  eta: 5:50:08  time: 0.3102  data_time: 0.0030  memory: 7172  loss: 1.3827  loss_ce: 1.3827
2025/06/17 23:16:38 - mmengine - INFO - Iter(train) [  444/60000]  lr: 1.0000e-03  eta: 5:50:01  time: 0.3100  data_time: 0.0031  memory: 7172  loss: 1.3908  loss_ce: 1.3908
2025/06/17 23:16:38 - mmengine - INFO - Iter(train) [  445/60000]  lr: 1.0000e-03  eta: 5:49:53  time: 0.3104  data_time: 0.0032  memory: 7172  loss: 1.3869  loss_ce: 1.3869
2025/06/17 23:16:39 - mmengine - INFO - Iter(train) [  446/60000]  lr: 1.0000e-03  eta: 5:49:46  time: 0.3099  data_time: 0.0030  memory: 7172  loss: 1.3905  loss_ce: 1.3905
2025/06/17 23:16:39 - mmengine - INFO - Iter(train) [  447/60000]  lr: 1.0000e-03  eta: 5:49:38  time: 0.3046  data_time: 0.0030  memory: 7172  loss: 1.3708  loss_ce: 1.3708
2025/06/17 23:16:39 - mmengine - INFO - Iter(train) [  448/60000]  lr: 1.0000e-03  eta: 5:49:31  time: 0.3015  data_time: 0.0031  memory: 7172  loss: 1.3742  loss_ce: 1.3742
2025/06/17 23:16:40 - mmengine - INFO - Iter(train) [  449/60000]  lr: 1.0000e-03  eta: 5:49:23  time: 0.3002  data_time: 0.0031  memory: 7172  loss: 1.3676  loss_ce: 1.3676
2025/06/17 23:16:40 - mmengine - INFO - Iter(train) [  450/60000]  lr: 1.0000e-03  eta: 5:49:17  time: 0.2993  data_time: 0.0031  memory: 7172  loss: 1.3662  loss_ce: 1.3662
2025/06/17 23:16:40 - mmengine - INFO - Iter(train) [  451/60000]  lr: 1.0000e-03  eta: 5:49:09  time: 0.2996  data_time: 0.0031  memory: 7172  loss: 1.3631  loss_ce: 1.3631
2025/06/17 23:16:40 - mmengine - INFO - Iter(train) [  452/60000]  lr: 1.0000e-03  eta: 5:49:11  time: 0.3063  data_time: 0.0030  memory: 7172  loss: 1.3514  loss_ce: 1.3514
2025/06/17 23:16:41 - mmengine - INFO - Iter(train) [  453/60000]  lr: 1.0000e-03  eta: 5:49:07  time: 0.3089  data_time: 0.0030  memory: 7172  loss: 1.3618  loss_ce: 1.3618
2025/06/17 23:16:41 - mmengine - INFO - Iter(train) [  454/60000]  lr: 1.0000e-03  eta: 5:49:11  time: 0.3173  data_time: 0.0028  memory: 7172  loss: 1.3572  loss_ce: 1.3572
2025/06/17 23:16:42 - mmengine - INFO - Iter(train) [  455/60000]  lr: 1.0000e-03  eta: 5:49:06  time: 0.3192  data_time: 0.0027  memory: 7172  loss: 1.3652  loss_ce: 1.3652
2025/06/17 23:16:42 - mmengine - INFO - Iter(train) [  456/60000]  lr: 1.0000e-03  eta: 5:49:10  time: 0.3276  data_time: 0.0030  memory: 7172  loss: 1.3646  loss_ce: 1.3646
2025/06/17 23:16:42 - mmengine - INFO - Iter(train) [  457/60000]  lr: 1.0000e-03  eta: 5:49:06  time: 0.3303  data_time: 0.0032  memory: 7172  loss: 1.3641  loss_ce: 1.3641
2025/06/17 23:16:43 - mmengine - INFO - Iter(train) [  458/60000]  lr: 1.0000e-03  eta: 5:48:58  time: 0.3299  data_time: 0.0033  memory: 7172  loss: 1.3625  loss_ce: 1.3625
2025/06/17 23:16:43 - mmengine - INFO - Iter(train) [  459/60000]  lr: 1.0000e-03  eta: 5:49:03  time: 0.3390  data_time: 0.0033  memory: 7172  loss: 1.3642  loss_ce: 1.3642
2025/06/17 23:16:43 - mmengine - INFO - Iter(train) [  460/60000]  lr: 1.0000e-03  eta: 5:48:58  time: 0.3404  data_time: 0.0033  memory: 7172  loss: 1.3670  loss_ce: 1.3670
2025/06/17 23:16:44 - mmengine - INFO - Iter(train) [  461/60000]  lr: 1.0000e-03  eta: 5:49:00  time: 0.3478  data_time: 0.0033  memory: 7172  loss: 1.3782  loss_ce: 1.3782
2025/06/17 23:16:44 - mmengine - INFO - Iter(train) [  462/60000]  lr: 1.0000e-03  eta: 5:48:54  time: 0.3416  data_time: 0.0033  memory: 7172  loss: 1.3805  loss_ce: 1.3805
2025/06/17 23:16:44 - mmengine - INFO - Iter(train) [  463/60000]  lr: 1.0000e-03  eta: 5:48:49  time: 0.3408  data_time: 0.0033  memory: 7172  loss: 1.3706  loss_ce: 1.3706
2025/06/17 23:16:45 - mmengine - INFO - Iter(train) [  464/60000]  lr: 1.0000e-03  eta: 5:48:43  time: 0.3325  data_time: 0.0033  memory: 7172  loss: 1.3715  loss_ce: 1.3715
2025/06/17 23:16:45 - mmengine - INFO - Iter(train) [  465/60000]  lr: 1.0000e-03  eta: 5:48:35  time: 0.3305  data_time: 0.0034  memory: 7172  loss: 1.3719  loss_ce: 1.3719
2025/06/17 23:16:45 - mmengine - INFO - Iter(train) [  466/60000]  lr: 1.0000e-03  eta: 5:48:28  time: 0.3219  data_time: 0.0032  memory: 7172  loss: 1.3729  loss_ce: 1.3729
2025/06/17 23:16:45 - mmengine - INFO - Iter(train) [  467/60000]  lr: 1.0000e-03  eta: 5:48:22  time: 0.3199  data_time: 0.0030  memory: 7172  loss: 1.3738  loss_ce: 1.3738
2025/06/17 23:16:46 - mmengine - INFO - Iter(train) [  468/60000]  lr: 1.0000e-03  eta: 5:48:15  time: 0.3205  data_time: 0.0028  memory: 7172  loss: 1.3721  loss_ce: 1.3721
2025/06/17 23:16:46 - mmengine - INFO - Iter(train) [  469/60000]  lr: 1.0000e-03  eta: 5:48:08  time: 0.3115  data_time: 0.0028  memory: 7172  loss: 1.3775  loss_ce: 1.3775
2025/06/17 23:16:46 - mmengine - INFO - Iter(train) [  470/60000]  lr: 1.0000e-03  eta: 5:48:11  time: 0.3169  data_time: 0.0029  memory: 7172  loss: 1.3743  loss_ce: 1.3743
2025/06/17 23:16:47 - mmengine - INFO - Iter(train) [  471/60000]  lr: 1.0000e-03  eta: 5:48:05  time: 0.3107  data_time: 0.0029  memory: 7172  loss: 1.3638  loss_ce: 1.3638
2025/06/17 23:16:47 - mmengine - INFO - Iter(train) [  472/60000]  lr: 1.0000e-03  eta: 5:48:00  time: 0.3113  data_time: 0.0029  memory: 7172  loss: 1.3740  loss_ce: 1.3740
2025/06/17 23:16:47 - mmengine - INFO - Iter(train) [  473/60000]  lr: 1.0000e-03  eta: 5:47:54  time: 0.3104  data_time: 0.0029  memory: 7172  loss: 1.3811  loss_ce: 1.3811
2025/06/17 23:16:48 - mmengine - INFO - Iter(train) [  474/60000]  lr: 1.0000e-03  eta: 5:47:47  time: 0.3101  data_time: 0.0029  memory: 7172  loss: 1.3809  loss_ce: 1.3809
2025/06/17 23:16:48 - mmengine - INFO - Iter(train) [  475/60000]  lr: 1.0000e-03  eta: 5:47:40  time: 0.3099  data_time: 0.0029  memory: 7172  loss: 1.3753  loss_ce: 1.3753
2025/06/17 23:16:48 - mmengine - INFO - Iter(train) [  476/60000]  lr: 1.0000e-03  eta: 5:47:33  time: 0.3100  data_time: 0.0030  memory: 7172  loss: 1.3789  loss_ce: 1.3789
2025/06/17 23:16:49 - mmengine - INFO - Iter(train) [  477/60000]  lr: 1.0000e-03  eta: 5:47:27  time: 0.3100  data_time: 0.0030  memory: 7172  loss: 1.3798  loss_ce: 1.3798
2025/06/17 23:16:49 - mmengine - INFO - Iter(train) [  478/60000]  lr: 1.0000e-03  eta: 5:47:21  time: 0.3100  data_time: 0.0030  memory: 7172  loss: 1.3834  loss_ce: 1.3834
2025/06/17 23:16:49 - mmengine - INFO - Iter(train) [  479/60000]  lr: 1.0000e-03  eta: 5:47:13  time: 0.3094  data_time: 0.0030  memory: 7172  loss: 1.3878  loss_ce: 1.3878
2025/06/17 23:16:49 - mmengine - INFO - Exp name: cfg_udd5_20250617_231355
2025/06/17 23:16:49 - mmengine - INFO - Iter(train) [  480/60000]  lr: 1.0000e-03  eta: 5:47:07  time: 0.3022  data_time: 0.0029  memory: 7172  loss: 1.3895  loss_ce: 1.3895
2025/06/17 23:16:50 - mmengine - INFO - Iter(train) [  481/60000]  lr: 1.0000e-03  eta: 5:47:35  time: 0.3295  data_time: 0.0227  memory: 7172  loss: 1.3890  loss_ce: 1.3890
2025/06/17 23:16:50 - mmengine - INFO - Iter(train) [  482/60000]  lr: 1.0000e-03  eta: 5:47:31  time: 0.3298  data_time: 0.0228  memory: 7172  loss: 1.3824  loss_ce: 1.3824
2025/06/17 23:16:51 - mmengine - INFO - Iter(train) [  483/60000]  lr: 1.0000e-03  eta: 5:47:24  time: 0.3293  data_time: 0.0227  memory: 7172  loss: 1.3854  loss_ce: 1.3854
2025/06/17 23:16:51 - mmengine - INFO - Iter(train) [  484/60000]  lr: 1.0000e-03  eta: 5:47:19  time: 0.3301  data_time: 0.0226  memory: 7172  loss: 1.3835  loss_ce: 1.3835
2025/06/17 23:16:51 - mmengine - INFO - Iter(train) [  485/60000]  lr: 1.0000e-03  eta: 5:47:12  time: 0.3305  data_time: 0.0227  memory: 7172  loss: 1.3885  loss_ce: 1.3885
2025/06/17 23:16:52 - mmengine - INFO - Iter(train) [  486/60000]  lr: 1.0000e-03  eta: 5:47:04  time: 0.3298  data_time: 0.0227  memory: 7172  loss: 1.3808  loss_ce: 1.3808
2025/06/17 23:16:52 - mmengine - INFO - Iter(train) [  487/60000]  lr: 1.0000e-03  eta: 5:47:09  time: 0.3383  data_time: 0.0227  memory: 7172  loss: 1.3803  loss_ce: 1.3803
2025/06/17 23:16:52 - mmengine - INFO - Iter(train) [  488/60000]  lr: 1.0000e-03  eta: 5:47:04  time: 0.3394  data_time: 0.0227  memory: 7172  loss: 1.3792  loss_ce: 1.3792
2025/06/17 23:16:53 - mmengine - INFO - Iter(train) [  489/60000]  lr: 1.0000e-03  eta: 5:47:07  time: 0.3476  data_time: 0.0226  memory: 7172  loss: 1.3778  loss_ce: 1.3778
2025/06/17 23:16:53 - mmengine - INFO - Iter(train) [  490/60000]  lr: 1.0000e-03  eta: 5:47:03  time: 0.3496  data_time: 0.0227  memory: 7172  loss: 1.3776  loss_ce: 1.3776
2025/06/17 23:16:53 - mmengine - INFO - Iter(train) [  491/60000]  lr: 1.0000e-03  eta: 5:46:57  time: 0.3219  data_time: 0.0029  memory: 7172  loss: 1.3833  loss_ce: 1.3833
2025/06/17 23:16:54 - mmengine - INFO - Iter(train) [  492/60000]  lr: 1.0000e-03  eta: 5:47:01  time: 0.3290  data_time: 0.0027  memory: 7172  loss: 1.3834  loss_ce: 1.3834
2025/06/17 23:16:54 - mmengine - INFO - Iter(train) [  493/60000]  lr: 1.0000e-03  eta: 5:47:05  time: 0.3372  data_time: 0.0030  memory: 7172  loss: 1.3795  loss_ce: 1.3795
2025/06/17 23:16:54 - mmengine - INFO - Iter(train) [  494/60000]  lr: 1.0000e-03  eta: 5:46:59  time: 0.3366  data_time: 0.0030  memory: 7172  loss: 1.3768  loss_ce: 1.3768
2025/06/17 23:16:55 - mmengine - INFO - Iter(train) [  495/60000]  lr: 1.0000e-03  eta: 5:46:55  time: 0.3386  data_time: 0.0029  memory: 7172  loss: 1.3744  loss_ce: 1.3744
2025/06/17 23:16:55 - mmengine - INFO - Iter(train) [  496/60000]  lr: 1.0000e-03  eta: 5:46:58  time: 0.3477  data_time: 0.0027  memory: 7172  loss: 1.3801  loss_ce: 1.3801
2025/06/17 23:16:55 - mmengine - INFO - Iter(train) [  497/60000]  lr: 1.0000e-03  eta: 5:46:54  time: 0.3404  data_time: 0.0029  memory: 7172  loss: 1.3877  loss_ce: 1.3877
2025/06/17 23:16:56 - mmengine - INFO - Iter(train) [  498/60000]  lr: 1.0000e-03  eta: 5:46:58  time: 0.3479  data_time: 0.0030  memory: 7172  loss: 1.3848  loss_ce: 1.3848
2025/06/17 23:16:56 - mmengine - INFO - Iter(train) [  499/60000]  lr: 1.0000e-03  eta: 5:46:55  time: 0.3430  data_time: 0.0031  memory: 7172  loss: 1.3831  loss_ce: 1.3831
2025/06/17 23:16:56 - mmengine - INFO - Iter(train) [  500/60000]  lr: 1.0000e-03  eta: 5:46:57  time: 0.3481  data_time: 0.0030  memory: 7172  loss: 1.3806  loss_ce: 1.3806
2025/06/17 23:16:57 - mmengine - INFO - Iter(train) [  501/60000]  lr: 1.0000e-03  eta: 5:46:53  time: 0.3490  data_time: 0.0030  memory: 7172  loss: 1.3821  loss_ce: 1.3821
2025/06/17 23:16:57 - mmengine - INFO - Iter(train) [  502/60000]  lr: 1.0000e-03  eta: 5:46:57  time: 0.3494  data_time: 0.0031  memory: 7172  loss: 1.3819  loss_ce: 1.3819
2025/06/17 23:16:57 - mmengine - INFO - Iter(train) [  503/60000]  lr: 1.0000e-03  eta: 5:47:02  time: 0.3508  data_time: 0.0030  memory: 7172  loss: 1.3787  loss_ce: 1.3787
2025/06/17 23:16:58 - mmengine - INFO - Iter(train) [  504/60000]  lr: 1.0000e-03  eta: 5:46:57  time: 0.3513  data_time: 0.0030  memory: 7172  loss: 1.3835  loss_ce: 1.3835
2025/06/17 23:16:58 - mmengine - INFO - Iter(train) [  505/60000]  lr: 1.0000e-03  eta: 5:46:52  time: 0.3505  data_time: 0.0030  memory: 7172  loss: 1.3841  loss_ce: 1.3841
2025/06/17 23:16:58 - mmengine - INFO - Iter(train) [  506/60000]  lr: 1.0000e-03  eta: 5:46:56  time: 0.3512  data_time: 0.0030  memory: 7172  loss: 1.3832  loss_ce: 1.3832
2025/06/17 23:16:59 - mmengine - INFO - Iter(train) [  507/60000]  lr: 1.0000e-03  eta: 5:46:53  time: 0.3516  data_time: 0.0029  memory: 7172  loss: 1.3813  loss_ce: 1.3813
2025/06/17 23:16:59 - mmengine - INFO - Iter(train) [  508/60000]  lr: 1.0000e-03  eta: 5:46:45  time: 0.3419  data_time: 0.0029  memory: 7172  loss: 1.3785  loss_ce: 1.3785
2025/06/17 23:16:59 - mmengine - INFO - Iter(train) [  509/60000]  lr: 1.0000e-03  eta: 5:46:48  time: 0.3469  data_time: 0.0028  memory: 7172  loss: 1.3763  loss_ce: 1.3763
2025/06/17 23:17:00 - mmengine - INFO - Iter(train) [  510/60000]  lr: 1.0000e-03  eta: 5:46:44  time: 0.3414  data_time: 0.0030  memory: 7172  loss: 1.3769  loss_ce: 1.3769
2025/06/17 23:17:00 - mmengine - INFO - Iter(train) [  511/60000]  lr: 1.0000e-03  eta: 5:46:48  time: 0.3486  data_time: 0.0030  memory: 7172  loss: 1.3736  loss_ce: 1.3736
2025/06/17 23:17:01 - mmengine - INFO - Iter(train) [  512/60000]  lr: 1.0000e-03  eta: 5:46:43  time: 0.3407  data_time: 0.0030  memory: 7172  loss: 1.3718  loss_ce: 1.3718
2025/06/17 23:17:01 - mmengine - INFO - Iter(train) [  513/60000]  lr: 1.0000e-03  eta: 5:46:39  time: 0.3329  data_time: 0.0030  memory: 7172  loss: 1.3716  loss_ce: 1.3716
2025/06/17 23:17:01 - mmengine - INFO - Iter(train) [  514/60000]  lr: 1.0000e-03  eta: 5:46:44  time: 0.3413  data_time: 0.0032  memory: 7172  loss: 1.3679  loss_ce: 1.3679
2025/06/17 23:17:02 - mmengine - INFO - Iter(train) [  515/60000]  lr: 1.0000e-03  eta: 5:46:49  time: 0.3506  data_time: 0.0033  memory: 7172  loss: 1.3653  loss_ce: 1.3653
2025/06/17 23:17:02 - mmengine - INFO - Iter(train) [  516/60000]  lr: 1.0000e-03  eta: 5:46:52  time: 0.3494  data_time: 0.0035  memory: 7172  loss: 1.3627  loss_ce: 1.3627
2025/06/17 23:17:02 - mmengine - INFO - Iter(train) [  517/60000]  lr: 1.0000e-03  eta: 5:46:58  time: 0.3577  data_time: 0.0037  memory: 7172  loss: 1.3664  loss_ce: 1.3664
2025/06/17 23:17:03 - mmengine - INFO - Iter(train) [  518/60000]  lr: 1.0000e-03  eta: 5:46:54  time: 0.3604  data_time: 0.0037  memory: 7172  loss: 1.3669  loss_ce: 1.3669
2025/06/17 23:17:03 - mmengine - INFO - Iter(train) [  519/60000]  lr: 1.0000e-03  eta: 5:47:00  time: 0.3631  data_time: 0.0039  memory: 7172  loss: 1.3652  loss_ce: 1.3652
2025/06/17 23:17:03 - mmengine - INFO - Iter(train) [  520/60000]  lr: 1.0000e-03  eta: 5:47:03  time: 0.3697  data_time: 0.0038  memory: 7172  loss: 1.3679  loss_ce: 1.3679
2025/06/17 23:17:04 - mmengine - INFO - Iter(train) [  521/60000]  lr: 1.0000e-03  eta: 5:47:07  time: 0.3699  data_time: 0.0038  memory: 7172  loss: 1.3704  loss_ce: 1.3704
2025/06/17 23:17:04 - mmengine - INFO - Iter(train) [  522/60000]  lr: 1.0000e-03  eta: 5:47:03  time: 0.3704  data_time: 0.0037  memory: 7172  loss: 1.3715  loss_ce: 1.3715
2025/06/17 23:17:05 - mmengine - INFO - Iter(train) [  523/60000]  lr: 1.0000e-03  eta: 5:47:08  time: 0.3781  data_time: 0.0037  memory: 7172  loss: 1.3694  loss_ce: 1.3694
2025/06/17 23:17:05 - mmengine - INFO - Iter(train) [  524/60000]  lr: 1.0000e-03  eta: 5:47:12  time: 0.3779  data_time: 0.0037  memory: 7172  loss: 1.3733  loss_ce: 1.3733
2025/06/17 23:17:05 - mmengine - INFO - Iter(train) [  525/60000]  lr: 1.0000e-03  eta: 5:47:08  time: 0.3695  data_time: 0.0036  memory: 7172  loss: 1.3706  loss_ce: 1.3706
2025/06/17 23:17:06 - mmengine - INFO - Iter(train) [  526/60000]  lr: 1.0000e-03  eta: 5:47:13  time: 0.3714  data_time: 0.0034  memory: 7172  loss: 1.3709  loss_ce: 1.3709
2025/06/17 23:17:06 - mmengine - INFO - Iter(train) [  527/60000]  lr: 1.0000e-03  eta: 5:47:19  time: 0.3714  data_time: 0.0036  memory: 7172  loss: 1.3644  loss_ce: 1.3644
2025/06/17 23:17:07 - mmengine - INFO - Iter(train) [  528/60000]  lr: 1.0000e-03  eta: 5:47:23  time: 0.3788  data_time: 0.0038  memory: 7172  loss: 1.3712  loss_ce: 1.3712
2025/06/17 23:17:07 - mmengine - INFO - Iter(train) [  529/60000]  lr: 1.0000e-03  eta: 5:47:29  time: 0.3792  data_time: 0.0037  memory: 7172  loss: 1.3714  loss_ce: 1.3714
2025/06/17 23:17:07 - mmengine - INFO - Iter(train) [  530/60000]  lr: 1.0000e-03  eta: 5:47:35  time: 0.3813  data_time: 0.0038  memory: 7172  loss: 1.3698  loss_ce: 1.3698
2025/06/17 23:17:08 - mmengine - INFO - Iter(train) [  531/60000]  lr: 1.0000e-03  eta: 5:47:38  time: 0.3809  data_time: 0.0039  memory: 7172  loss: 1.3664  loss_ce: 1.3664
2025/06/17 23:17:08 - mmengine - INFO - Iter(train) [  532/60000]  lr: 1.0000e-03  eta: 5:47:35  time: 0.3817  data_time: 0.0038  memory: 7172  loss: 1.3696  loss_ce: 1.3696
2025/06/17 23:17:08 - mmengine - INFO - Iter(train) [  533/60000]  lr: 1.0000e-03  eta: 5:47:36  time: 0.3790  data_time: 0.0038  memory: 7172  loss: 1.3688  loss_ce: 1.3688
2025/06/17 23:17:09 - mmengine - INFO - Iter(train) [  534/60000]  lr: 1.0000e-03  eta: 5:47:33  time: 0.3726  data_time: 0.0038  memory: 7172  loss: 1.3626  loss_ce: 1.3626
2025/06/17 23:17:09 - mmengine - INFO - Iter(train) [  535/60000]  lr: 1.0000e-03  eta: 5:47:35  time: 0.3776  data_time: 0.0039  memory: 7172  loss: 1.3628  loss_ce: 1.3628
2025/06/17 23:17:09 - mmengine - INFO - Iter(train) [  536/60000]  lr: 1.0000e-03  eta: 5:47:31  time: 0.3700  data_time: 0.0039  memory: 7172  loss: 1.3594  loss_ce: 1.3594
2025/06/17 23:17:10 - mmengine - INFO - Iter(train) [  537/60000]  lr: 1.0000e-03  eta: 5:47:34  time: 0.3669  data_time: 0.0036  memory: 7172  loss: 1.3559  loss_ce: 1.3559
2025/06/17 23:17:10 - mmengine - INFO - Iter(train) [  538/60000]  lr: 1.0000e-03  eta: 5:47:30  time: 0.3599  data_time: 0.0034  memory: 7172  loss: 1.3570  loss_ce: 1.3570
2025/06/17 23:17:10 - mmengine - INFO - Iter(train) [  539/60000]  lr: 1.0000e-03  eta: 5:47:34  time: 0.3584  data_time: 0.0033  memory: 7172  loss: 1.3568  loss_ce: 1.3568
2025/06/17 23:17:11 - mmengine - INFO - Iter(train) [  540/60000]  lr: 1.0000e-03  eta: 5:47:31  time: 0.3509  data_time: 0.0032  memory: 7172  loss: 1.3535  loss_ce: 1.3535
2025/06/17 23:17:11 - mmengine - INFO - Iter(train) [  541/60000]  lr: 1.0000e-03  eta: 5:47:34  time: 0.3501  data_time: 0.0031  memory: 7172  loss: 1.3562  loss_ce: 1.3562
2025/06/17 23:17:12 - mmengine - INFO - Iter(train) [  542/60000]  lr: 1.0000e-03  eta: 5:47:40  time: 0.3584  data_time: 0.0032  memory: 7172  loss: 1.3566  loss_ce: 1.3566
2025/06/17 23:17:12 - mmengine - INFO - Iter(train) [  543/60000]  lr: 1.0000e-03  eta: 5:47:46  time: 0.3623  data_time: 0.0033  memory: 7172  loss: 1.3559  loss_ce: 1.3559
2025/06/17 23:17:12 - mmengine - INFO - Iter(train) [  544/60000]  lr: 1.0000e-03  eta: 5:47:49  time: 0.3680  data_time: 0.0032  memory: 7172  loss: 1.3610  loss_ce: 1.3610
2025/06/17 23:17:13 - mmengine - INFO - Iter(train) [  545/60000]  lr: 1.0000e-03  eta: 5:47:45  time: 0.3631  data_time: 0.0033  memory: 7172  loss: 1.3645  loss_ce: 1.3645
2025/06/17 23:17:13 - mmengine - INFO - Iter(train) [  546/60000]  lr: 1.0000e-03  eta: 5:47:49  time: 0.3696  data_time: 0.0032  memory: 7172  loss: 1.3711  loss_ce: 1.3711
2025/06/17 23:17:13 - mmengine - INFO - Iter(train) [  547/60000]  lr: 1.0000e-03  eta: 5:47:50  time: 0.3690  data_time: 0.0032  memory: 7172  loss: 1.3694  loss_ce: 1.3694
2025/06/17 23:17:14 - mmengine - INFO - Iter(train) [  548/60000]  lr: 1.0000e-03  eta: 5:47:46  time: 0.3682  data_time: 0.0032  memory: 7172  loss: 1.3653  loss_ce: 1.3653
2025/06/17 23:17:14 - mmengine - INFO - Iter(train) [  549/60000]  lr: 1.0000e-03  eta: 5:47:41  time: 0.3603  data_time: 0.0032  memory: 7172  loss: 1.3671  loss_ce: 1.3671
2025/06/17 23:17:14 - mmengine - INFO - Iter(train) [  550/60000]  lr: 1.0000e-03  eta: 5:47:45  time: 0.3670  data_time: 0.0033  memory: 7172  loss: 1.3700  loss_ce: 1.3700
2025/06/17 23:17:15 - mmengine - INFO - Iter(train) [  551/60000]  lr: 1.0000e-03  eta: 5:47:40  time: 0.3595  data_time: 0.0032  memory: 7172  loss: 1.3634  loss_ce: 1.3634
2025/06/17 23:17:15 - mmengine - INFO - Iter(train) [  552/60000]  lr: 1.0000e-03  eta: 5:47:35  time: 0.3491  data_time: 0.0031  memory: 7172  loss: 1.3600  loss_ce: 1.3600
2025/06/17 23:17:15 - mmengine - INFO - Iter(train) [  553/60000]  lr: 1.0000e-03  eta: 5:47:30  time: 0.3393  data_time: 0.0030  memory: 7172  loss: 1.3629  loss_ce: 1.3629
2025/06/17 23:17:16 - mmengine - INFO - Iter(train) [  554/60000]  lr: 1.0000e-03  eta: 5:47:25  time: 0.3317  data_time: 0.0030  memory: 7172  loss: 1.3613  loss_ce: 1.3613
2025/06/17 23:17:16 - mmengine - INFO - Iter(train) [  555/60000]  lr: 1.0000e-03  eta: 5:47:18  time: 0.3293  data_time: 0.0030  memory: 7172  loss: 1.3656  loss_ce: 1.3656
2025/06/17 23:17:16 - mmengine - INFO - Iter(train) [  556/60000]  lr: 1.0000e-03  eta: 5:47:13  time: 0.3212  data_time: 0.0029  memory: 7172  loss: 1.3670  loss_ce: 1.3670
2025/06/17 23:17:17 - mmengine - INFO - Iter(train) [  557/60000]  lr: 1.0000e-03  eta: 5:47:08  time: 0.3146  data_time: 0.0031  memory: 7172  loss: 1.3743  loss_ce: 1.3743
2025/06/17 23:17:17 - mmengine - INFO - Iter(train) [  558/60000]  lr: 1.0000e-03  eta: 5:47:02  time: 0.3134  data_time: 0.0031  memory: 7172  loss: 1.3711  loss_ce: 1.3711
2025/06/17 23:17:17 - mmengine - INFO - Iter(train) [  559/60000]  lr: 1.0000e-03  eta: 5:47:04  time: 0.3195  data_time: 0.0032  memory: 7172  loss: 1.3647  loss_ce: 1.3647
2025/06/17 23:17:18 - mmengine - INFO - Iter(train) [  560/60000]  lr: 1.0000e-03  eta: 5:47:00  time: 0.3115  data_time: 0.0031  memory: 7172  loss: 1.3685  loss_ce: 1.3685
2025/06/17 23:17:18 - mmengine - INFO - Iter(train) [  561/60000]  lr: 1.0000e-03  eta: 5:46:55  time: 0.3121  data_time: 0.0031  memory: 7172  loss: 1.3693  loss_ce: 1.3693
2025/06/17 23:17:18 - mmengine - INFO - Iter(train) [  562/60000]  lr: 1.0000e-03  eta: 5:46:49  time: 0.3115  data_time: 0.0031  memory: 7172  loss: 1.3776  loss_ce: 1.3776
2025/06/17 23:17:19 - mmengine - INFO - Iter(train) [  563/60000]  lr: 1.0000e-03  eta: 5:46:43  time: 0.3104  data_time: 0.0032  memory: 7172  loss: 1.3747  loss_ce: 1.3747
2025/06/17 23:17:19 - mmengine - INFO - Iter(train) [  564/60000]  lr: 1.0000e-03  eta: 5:46:46  time: 0.3174  data_time: 0.0032  memory: 7172  loss: 1.3745  loss_ce: 1.3745
2025/06/17 23:17:19 - mmengine - INFO - Iter(train) [  565/60000]  lr: 1.0000e-03  eta: 5:46:43  time: 0.3198  data_time: 0.0032  memory: 7172  loss: 1.3650  loss_ce: 1.3650
2025/06/17 23:17:20 - mmengine - INFO - Iter(train) [  566/60000]  lr: 1.0000e-03  eta: 5:46:37  time: 0.3195  data_time: 0.0032  memory: 7172  loss: 1.3613  loss_ce: 1.3613
2025/06/17 23:17:20 - mmengine - INFO - Iter(train) [  567/60000]  lr: 1.0000e-03  eta: 5:46:32  time: 0.3199  data_time: 0.0031  memory: 7172  loss: 1.3558  loss_ce: 1.3558
2025/06/17 23:17:20 - mmengine - INFO - Iter(train) [  568/60000]  lr: 1.0000e-03  eta: 5:46:34  time: 0.3270  data_time: 0.0031  memory: 7172  loss: 1.3546  loss_ce: 1.3546
2025/06/17 23:17:20 - mmengine - INFO - Iter(train) [  569/60000]  lr: 1.0000e-03  eta: 5:46:30  time: 0.3206  data_time: 0.0029  memory: 7172  loss: 1.3587  loss_ce: 1.3587
2025/06/17 23:17:21 - mmengine - INFO - Iter(train) [  570/60000]  lr: 1.0000e-03  eta: 5:46:35  time: 0.3297  data_time: 0.0029  memory: 7172  loss: 1.3497  loss_ce: 1.3497
2025/06/17 23:17:21 - mmengine - INFO - Iter(train) [  571/60000]  lr: 1.0000e-03  eta: 5:46:40  time: 0.3386  data_time: 0.0031  memory: 7172  loss: 1.3585  loss_ce: 1.3585
2025/06/17 23:17:22 - mmengine - INFO - Iter(train) [  572/60000]  lr: 1.0000e-03  eta: 5:46:43  time: 0.3477  data_time: 0.0031  memory: 7172  loss: 1.3517  loss_ce: 1.3517
2025/06/17 23:17:22 - mmengine - INFO - Iter(train) [  573/60000]  lr: 1.0000e-03  eta: 5:46:40  time: 0.3499  data_time: 0.0031  memory: 7172  loss: 1.3588  loss_ce: 1.3588
2025/06/17 23:17:22 - mmengine - INFO - Iter(train) [  574/60000]  lr: 1.0000e-03  eta: 5:46:44  time: 0.3513  data_time: 0.0031  memory: 7172  loss: 1.3552  loss_ce: 1.3552
2025/06/17 23:17:23 - mmengine - INFO - Iter(train) [  575/60000]  lr: 1.0000e-03  eta: 5:46:40  time: 0.3509  data_time: 0.0029  memory: 7172  loss: 1.3618  loss_ce: 1.3618
2025/06/17 23:17:23 - mmengine - INFO - Iter(train) [  576/60000]  lr: 1.0000e-03  eta: 5:46:34  time: 0.3500  data_time: 0.0029  memory: 7172  loss: 1.3575  loss_ce: 1.3575
2025/06/17 23:17:23 - mmengine - INFO - Iter(train) [  577/60000]  lr: 1.0000e-03  eta: 5:46:28  time: 0.3494  data_time: 0.0029  memory: 7172  loss: 1.3580  loss_ce: 1.3580
2025/06/17 23:17:24 - mmengine - INFO - Iter(train) [  578/60000]  lr: 1.0000e-03  eta: 5:46:23  time: 0.3421  data_time: 0.0029  memory: 7172  loss: 1.3643  loss_ce: 1.3643
2025/06/17 23:17:24 - mmengine - INFO - Iter(train) [  579/60000]  lr: 1.0000e-03  eta: 5:46:18  time: 0.3417  data_time: 0.0029  memory: 7172  loss: 1.3673  loss_ce: 1.3673
2025/06/17 23:17:24 - mmengine - INFO - Iter(train) [  580/60000]  lr: 1.0000e-03  eta: 5:46:12  time: 0.3307  data_time: 0.0029  memory: 7172  loss: 1.3770  loss_ce: 1.3770
2025/06/17 23:17:25 - mmengine - INFO - Iter(train) [  581/60000]  lr: 1.0000e-03  eta: 5:46:06  time: 0.3209  data_time: 0.0028  memory: 7172  loss: 1.3694  loss_ce: 1.3694
2025/06/17 23:17:25 - mmengine - INFO - Iter(train) [  582/60000]  lr: 1.0000e-03  eta: 5:46:01  time: 0.3122  data_time: 0.0027  memory: 7172  loss: 1.3725  loss_ce: 1.3725
2025/06/17 23:17:25 - mmengine - INFO - Iter(train) [  583/60000]  lr: 1.0000e-03  eta: 5:45:56  time: 0.3103  data_time: 0.0027  memory: 7172  loss: 1.3709  loss_ce: 1.3709
2025/06/17 23:17:25 - mmengine - INFO - Iter(train) [  584/60000]  lr: 1.0000e-03  eta: 5:45:58  time: 0.3087  data_time: 0.0028  memory: 7172  loss: 1.3807  loss_ce: 1.3807
2025/06/17 23:17:26 - mmengine - INFO - Iter(train) [  585/60000]  lr: 1.0000e-03  eta: 5:45:54  time: 0.3083  data_time: 0.0028  memory: 7172  loss: 1.3787  loss_ce: 1.3787
2025/06/17 23:17:26 - mmengine - INFO - Iter(train) [  586/60000]  lr: 1.0000e-03  eta: 5:45:58  time: 0.3179  data_time: 0.0030  memory: 7172  loss: 1.3776  loss_ce: 1.3776
2025/06/17 23:17:27 - mmengine - INFO - Iter(train) [  587/60000]  lr: 1.0000e-03  eta: 5:45:55  time: 0.3202  data_time: 0.0030  memory: 7172  loss: 1.3821  loss_ce: 1.3821
2025/06/17 23:17:27 - mmengine - INFO - Iter(train) [  588/60000]  lr: 1.0000e-03  eta: 5:45:49  time: 0.3202  data_time: 0.0031  memory: 7172  loss: 1.3739  loss_ce: 1.3739
2025/06/17 23:17:27 - mmengine - INFO - Iter(train) [  589/60000]  lr: 1.0000e-03  eta: 5:45:51  time: 0.3270  data_time: 0.0031  memory: 7172  loss: 1.3691  loss_ce: 1.3691
2025/06/17 23:17:27 - mmengine - INFO - Iter(train) [  590/60000]  lr: 1.0000e-03  eta: 5:45:47  time: 0.3288  data_time: 0.0031  memory: 7172  loss: 1.3644  loss_ce: 1.3644
2025/06/17 23:17:28 - mmengine - INFO - Iter(train) [  591/60000]  lr: 1.0000e-03  eta: 5:45:53  time: 0.3393  data_time: 0.0031  memory: 7172  loss: 1.3713  loss_ce: 1.3713
2025/06/17 23:17:28 - mmengine - INFO - Iter(train) [  592/60000]  lr: 1.0000e-03  eta: 5:45:56  time: 0.3477  data_time: 0.0031  memory: 7172  loss: 1.3730  loss_ce: 1.3730
2025/06/17 23:17:29 - mmengine - INFO - Iter(train) [  593/60000]  lr: 1.0000e-03  eta: 5:45:52  time: 0.3489  data_time: 0.0031  memory: 7172  loss: 1.3705  loss_ce: 1.3705
2025/06/17 23:17:29 - mmengine - INFO - Iter(train) [  594/60000]  lr: 1.0000e-03  eta: 5:45:55  time: 0.3499  data_time: 0.0030  memory: 7172  loss: 1.3635  loss_ce: 1.3635
2025/06/17 23:17:29 - mmengine - INFO - Iter(train) [  595/60000]  lr: 1.0000e-03  eta: 5:45:51  time: 0.3498  data_time: 0.0031  memory: 7172  loss: 1.3625  loss_ce: 1.3625
2025/06/17 23:17:30 - mmengine - INFO - Iter(train) [  596/60000]  lr: 1.0000e-03  eta: 5:45:47  time: 0.3419  data_time: 0.0030  memory: 7172  loss: 1.3660  loss_ce: 1.3660
2025/06/17 23:17:30 - mmengine - INFO - Iter(train) [  597/60000]  lr: 1.0000e-03  eta: 5:45:42  time: 0.3405  data_time: 0.0029  memory: 7172  loss: 1.3676  loss_ce: 1.3676
2025/06/17 23:17:30 - mmengine - INFO - Iter(train) [  598/60000]  lr: 1.0000e-03  eta: 5:45:37  time: 0.3402  data_time: 0.0029  memory: 7172  loss: 1.3737  loss_ce: 1.3737
2025/06/17 23:17:31 - mmengine - INFO - Iter(train) [  599/60000]  lr: 1.0000e-03  eta: 5:45:32  time: 0.3327  data_time: 0.0028  memory: 7172  loss: 1.3723  loss_ce: 1.3723
2025/06/17 23:17:31 - mmengine - INFO - Exp name: cfg_udd5_20250617_231355
2025/06/17 23:17:31 - mmengine - INFO - Iter(train) [  600/60000]  lr: 1.0000e-03  eta: 5:45:26  time: 0.3313  data_time: 0.0029  memory: 7172  loss: 1.3881  loss_ce: 1.3881
2025/06/17 23:17:31 - mmengine - INFO - Iter(train) [  601/60000]  lr: 1.0000e-03  eta: 5:45:41  time: 0.3410  data_time: 0.0139  memory: 7172  loss: 1.3872  loss_ce: 1.3872
2025/06/17 23:17:32 - mmengine - INFO - Iter(train) [  602/60000]  lr: 1.0000e-03  eta: 5:45:44  time: 0.3411  data_time: 0.0139  memory: 7172  loss: 1.3823  loss_ce: 1.3823
2025/06/17 23:17:32 - mmengine - INFO - Iter(train) [  603/60000]  lr: 1.0000e-03  eta: 5:45:41  time: 0.3416  data_time: 0.0138  memory: 7172  loss: 1.3866  loss_ce: 1.3866
2025/06/17 23:17:32 - mmengine - INFO - Iter(train) [  604/60000]  lr: 1.0000e-03  eta: 5:45:44  time: 0.3413  data_time: 0.0138  memory: 7172  loss: 1.3904  loss_ce: 1.3904
2025/06/17 23:17:33 - mmengine - INFO - Iter(train) [  605/60000]  lr: 1.0000e-03  eta: 5:45:39  time: 0.3404  data_time: 0.0138  memory: 7172  loss: 1.3908  loss_ce: 1.3908
2025/06/17 23:17:33 - mmengine - INFO - Iter(train) [  606/60000]  lr: 1.0000e-03  eta: 5:45:35  time: 0.3404  data_time: 0.0138  memory: 7172  loss: 1.3930  loss_ce: 1.3930
2025/06/17 23:17:33 - mmengine - INFO - Iter(train) [  607/60000]  lr: 1.0000e-03  eta: 5:45:30  time: 0.3399  data_time: 0.0137  memory: 7172  loss: 1.3907  loss_ce: 1.3907
2025/06/17 23:17:34 - mmengine - INFO - Iter(train) [  608/60000]  lr: 1.0000e-03  eta: 5:45:25  time: 0.3405  data_time: 0.0138  memory: 7172  loss: 1.3886  loss_ce: 1.3886
2025/06/17 23:17:34 - mmengine - INFO - Iter(train) [  609/60000]  lr: 1.0000e-03  eta: 5:45:19  time: 0.3400  data_time: 0.0140  memory: 7172  loss: 1.3905  loss_ce: 1.3905
2025/06/17 23:17:34 - mmengine - INFO - Iter(train) [  610/60000]  lr: 1.0000e-03  eta: 5:45:15  time: 0.3408  data_time: 0.0140  memory: 7172  loss: 1.3782  loss_ce: 1.3782
2025/06/17 23:17:35 - mmengine - INFO - Iter(train) [  611/60000]  lr: 1.0000e-03  eta: 5:45:09  time: 0.3196  data_time: 0.0031  memory: 7172  loss: 1.3722  loss_ce: 1.3722
2025/06/17 23:17:35 - mmengine - INFO - Iter(train) [  612/60000]  lr: 1.0000e-03  eta: 5:45:04  time: 0.3114  data_time: 0.0032  memory: 7172  loss: 1.3714  loss_ce: 1.3714
2025/06/17 23:17:35 - mmengine - INFO - Iter(train) [  613/60000]  lr: 1.0000e-03  eta: 5:44:59  time: 0.3099  data_time: 0.0033  memory: 7172  loss: 1.3735  loss_ce: 1.3735
2025/06/17 23:17:35 - mmengine - INFO - Iter(train) [  614/60000]  lr: 1.0000e-03  eta: 5:45:01  time: 0.3088  data_time: 0.0032  memory: 7172  loss: 1.3719  loss_ce: 1.3719
2025/06/17 23:17:36 - mmengine - INFO - Iter(train) [  615/60000]  lr: 1.0000e-03  eta: 5:44:57  time: 0.3099  data_time: 0.0033  memory: 7172  loss: 1.3766  loss_ce: 1.3766
2025/06/17 23:17:36 - mmengine - INFO - Iter(train) [  616/60000]  lr: 1.0000e-03  eta: 5:45:01  time: 0.3176  data_time: 0.0033  memory: 7172  loss: 1.3882  loss_ce: 1.3882
2025/06/17 23:17:37 - mmengine - INFO - Iter(train) [  617/60000]  lr: 1.0000e-03  eta: 5:44:57  time: 0.3190  data_time: 0.0036  memory: 7172  loss: 1.3874  loss_ce: 1.3874
2025/06/17 23:17:37 - mmengine - INFO - Iter(train) [  618/60000]  lr: 1.0000e-03  eta: 5:44:53  time: 0.3198  data_time: 0.0034  memory: 7172  loss: 1.3862  loss_ce: 1.3862
2025/06/17 23:17:37 - mmengine - INFO - Iter(train) [  619/60000]  lr: 1.0000e-03  eta: 5:44:48  time: 0.3204  data_time: 0.0033  memory: 7172  loss: 1.3882  loss_ce: 1.3882
2025/06/17 23:17:37 - mmengine - INFO - Iter(train) [  620/60000]  lr: 1.0000e-03  eta: 5:44:43  time: 0.3193  data_time: 0.0034  memory: 7172  loss: 1.3853  loss_ce: 1.3853
2025/06/17 23:17:38 - mmengine - INFO - Iter(train) [  621/60000]  lr: 1.0000e-03  eta: 5:44:38  time: 0.3207  data_time: 0.0034  memory: 7172  loss: 1.3848  loss_ce: 1.3848
2025/06/17 23:17:38 - mmengine - INFO - Iter(train) [  622/60000]  lr: 1.0000e-03  eta: 5:44:33  time: 0.3198  data_time: 0.0033  memory: 7172  loss: 1.3879  loss_ce: 1.3879
2025/06/17 23:17:38 - mmengine - INFO - Iter(train) [  623/60000]  lr: 1.0000e-03  eta: 5:44:28  time: 0.3191  data_time: 0.0033  memory: 7172  loss: 1.3784  loss_ce: 1.3784
2025/06/17 23:17:39 - mmengine - INFO - Iter(train) [  624/60000]  lr: 1.0000e-03  eta: 5:44:23  time: 0.3123  data_time: 0.0034  memory: 7172  loss: 1.3832  loss_ce: 1.3832
2025/06/17 23:17:39 - mmengine - INFO - Iter(train) [  625/60000]  lr: 1.0000e-03  eta: 5:44:18  time: 0.3112  data_time: 0.0032  memory: 7172  loss: 1.3823  loss_ce: 1.3823
2025/06/17 23:17:39 - mmengine - INFO - Iter(train) [  626/60000]  lr: 1.0000e-03  eta: 5:44:20  time: 0.3097  data_time: 0.0032  memory: 7172  loss: 1.3670  loss_ce: 1.3670
2025/06/17 23:17:40 - mmengine - INFO - Iter(train) [  627/60000]  lr: 1.0000e-03  eta: 5:44:16  time: 0.3087  data_time: 0.0030  memory: 7172  loss: 1.3721  loss_ce: 1.3721
2025/06/17 23:17:40 - mmengine - INFO - Iter(train) [  628/60000]  lr: 1.0000e-03  eta: 5:44:13  time: 0.3092  data_time: 0.0032  memory: 7172  loss: 1.3742  loss_ce: 1.3742
2025/06/17 23:17:40 - mmengine - INFO - Iter(train) [  629/60000]  lr: 1.0000e-03  eta: 5:44:08  time: 0.3092  data_time: 0.0032  memory: 7172  loss: 1.3777  loss_ce: 1.3777
2025/06/17 23:17:41 - mmengine - INFO - Iter(train) [  630/60000]  lr: 1.0000e-03  eta: 5:44:04  time: 0.3103  data_time: 0.0030  memory: 7172  loss: 1.3791  loss_ce: 1.3791
2025/06/17 23:17:41 - mmengine - INFO - Iter(train) [  631/60000]  lr: 1.0000e-03  eta: 5:44:06  time: 0.3171  data_time: 0.0029  memory: 7172  loss: 1.3787  loss_ce: 1.3787
2025/06/17 23:17:41 - mmengine - INFO - Iter(train) [  632/60000]  lr: 1.0000e-03  eta: 5:44:02  time: 0.3184  data_time: 0.0030  memory: 7172  loss: 1.3826  loss_ce: 1.3826
2025/06/17 23:17:42 - mmengine - INFO - Iter(train) [  633/60000]  lr: 1.0000e-03  eta: 5:43:58  time: 0.3200  data_time: 0.0030  memory: 7172  loss: 1.3839  loss_ce: 1.3839
2025/06/17 23:17:42 - mmengine - INFO - Iter(train) [  634/60000]  lr: 1.0000e-03  eta: 5:43:53  time: 0.3200  data_time: 0.0030  memory: 7172  loss: 1.3850  loss_ce: 1.3850
2025/06/17 23:17:42 - mmengine - INFO - Iter(train) [  635/60000]  lr: 1.0000e-03  eta: 5:43:56  time: 0.3273  data_time: 0.0030  memory: 7172  loss: 1.3842  loss_ce: 1.3842
2025/06/17 23:17:42 - mmengine - INFO - Iter(train) [  636/60000]  lr: 1.0000e-03  eta: 5:43:52  time: 0.3210  data_time: 0.0030  memory: 7172  loss: 1.3816  loss_ce: 1.3816
2025/06/17 23:17:43 - mmengine - INFO - Iter(train) [  637/60000]  lr: 1.0000e-03  eta: 5:43:48  time: 0.3216  data_time: 0.0029  memory: 7172  loss: 1.3748  loss_ce: 1.3748
2025/06/17 23:17:43 - mmengine - INFO - Iter(train) [  638/60000]  lr: 1.0000e-03  eta: 5:43:43  time: 0.3202  data_time: 0.0028  memory: 7172  loss: 1.3714  loss_ce: 1.3714
2025/06/17 23:17:43 - mmengine - INFO - Iter(train) [  639/60000]  lr: 1.0000e-03  eta: 5:43:39  time: 0.3199  data_time: 0.0029  memory: 7172  loss: 1.3660  loss_ce: 1.3660
2025/06/17 23:17:44 - mmengine - INFO - Iter(train) [  640/60000]  lr: 1.0000e-03  eta: 5:43:34  time: 0.3195  data_time: 0.0029  memory: 7172  loss: 1.3626  loss_ce: 1.3626
2025/06/17 23:17:44 - mmengine - INFO - Iter(train) [  641/60000]  lr: 1.0000e-03  eta: 5:43:30  time: 0.3127  data_time: 0.0029  memory: 7172  loss: 1.3630  loss_ce: 1.3630
2025/06/17 23:17:44 - mmengine - INFO - Iter(train) [  642/60000]  lr: 1.0000e-03  eta: 5:43:31  time: 0.3186  data_time: 0.0027  memory: 7172  loss: 1.3596  loss_ce: 1.3596
2025/06/17 23:17:45 - mmengine - INFO - Iter(train) [  643/60000]  lr: 1.0000e-03  eta: 5:43:28  time: 0.3186  data_time: 0.0027  memory: 7172  loss: 1.3569  loss_ce: 1.3569
2025/06/17 23:17:45 - mmengine - INFO - Iter(train) [  644/60000]  lr: 1.0000e-03  eta: 5:43:25  time: 0.3201  data_time: 0.0029  memory: 7172  loss: 1.3496  loss_ce: 1.3496
2025/06/17 23:17:45 - mmengine - INFO - Iter(train) [  645/60000]  lr: 1.0000e-03  eta: 5:43:20  time: 0.3126  data_time: 0.0029  memory: 7172  loss: 1.3497  loss_ce: 1.3497
2025/06/17 23:17:46 - mmengine - INFO - Iter(train) [  646/60000]  lr: 1.0000e-03  eta: 5:43:15  time: 0.3118  data_time: 0.0029  memory: 7172  loss: 1.3577  loss_ce: 1.3577
2025/06/17 23:17:46 - mmengine - INFO - Iter(train) [  647/60000]  lr: 1.0000e-03  eta: 5:43:10  time: 0.3099  data_time: 0.0029  memory: 7172  loss: 1.3563  loss_ce: 1.3563
2025/06/17 23:17:46 - mmengine - INFO - Iter(train) [  648/60000]  lr: 1.0000e-03  eta: 5:43:05  time: 0.3097  data_time: 0.0029  memory: 7172  loss: 1.3642  loss_ce: 1.3642
2025/06/17 23:17:47 - mmengine - INFO - Iter(train) [  649/60000]  lr: 1.0000e-03  eta: 5:43:01  time: 0.3096  data_time: 0.0029  memory: 7172  loss: 1.3661  loss_ce: 1.3661
2025/06/17 23:17:47 - mmengine - INFO - Iter(train) [  650/60000]  lr: 1.0000e-03  eta: 5:42:57  time: 0.3103  data_time: 0.0028  memory: 7172  loss: 1.3671  loss_ce: 1.3671
2025/06/17 23:17:47 - mmengine - INFO - Iter(train) [  651/60000]  lr: 1.0000e-03  eta: 5:42:52  time: 0.3094  data_time: 0.0029  memory: 7172  loss: 1.3696  loss_ce: 1.3696
2025/06/17 23:17:47 - mmengine - INFO - Iter(train) [  652/60000]  lr: 1.0000e-03  eta: 5:42:47  time: 0.3024  data_time: 0.0029  memory: 7172  loss: 1.3647  loss_ce: 1.3647
2025/06/17 23:17:48 - mmengine - INFO - Iter(train) [  653/60000]  lr: 1.0000e-03  eta: 5:42:43  time: 0.3015  data_time: 0.0029  memory: 7172  loss: 1.3704  loss_ce: 1.3704
2025/06/17 23:17:48 - mmengine - INFO - Iter(train) [  654/60000]  lr: 1.0000e-03  eta: 5:42:38  time: 0.2997  data_time: 0.0028  memory: 7172  loss: 1.3711  loss_ce: 1.3711
2025/06/17 23:17:48 - mmengine - INFO - Iter(train) [  655/60000]  lr: 1.0000e-03  eta: 5:42:33  time: 0.2994  data_time: 0.0028  memory: 7172  loss: 1.3732  loss_ce: 1.3732
2025/06/17 23:17:49 - mmengine - INFO - Iter(train) [  656/60000]  lr: 1.0000e-03  eta: 5:42:29  time: 0.2996  data_time: 0.0027  memory: 7172  loss: 1.3666  loss_ce: 1.3666
2025/06/17 23:17:49 - mmengine - INFO - Iter(train) [  657/60000]  lr: 1.0000e-03  eta: 5:42:24  time: 0.2998  data_time: 0.0028  memory: 7172  loss: 1.3660  loss_ce: 1.3660
2025/06/17 23:17:49 - mmengine - INFO - Iter(train) [  658/60000]  lr: 1.0000e-03  eta: 5:42:20  time: 0.3002  data_time: 0.0028  memory: 7172  loss: 1.3646  loss_ce: 1.3646
2025/06/17 23:17:50 - mmengine - INFO - Iter(train) [  659/60000]  lr: 1.0000e-03  eta: 5:42:15  time: 0.3004  data_time: 0.0027  memory: 7172  loss: 1.3587  loss_ce: 1.3587
2025/06/17 23:17:50 - mmengine - INFO - Iter(train) [  660/60000]  lr: 1.0000e-03  eta: 5:42:11  time: 0.2997  data_time: 0.0028  memory: 7172  loss: 1.3638  loss_ce: 1.3638
2025/06/17 23:17:50 - mmengine - INFO - Iter(train) [  661/60000]  lr: 1.0000e-03  eta: 5:42:13  time: 0.3077  data_time: 0.0027  memory: 7172  loss: 1.3603  loss_ce: 1.3603
2025/06/17 23:17:51 - mmengine - INFO - Iter(train) [  662/60000]  lr: 1.0000e-03  eta: 5:42:10  time: 0.3090  data_time: 0.0027  memory: 7172  loss: 1.3657  loss_ce: 1.3657
2025/06/17 23:17:51 - mmengine - INFO - Iter(train) [  663/60000]  lr: 1.0000e-03  eta: 5:42:07  time: 0.3102  data_time: 0.0027  memory: 7172  loss: 1.3612  loss_ce: 1.3612
2025/06/17 23:17:51 - mmengine - INFO - Iter(train) [  664/60000]  lr: 1.0000e-03  eta: 5:42:09  time: 0.3178  data_time: 0.0027  memory: 7172  loss: 1.3606  loss_ce: 1.3606
2025/06/17 23:17:52 - mmengine - INFO - Iter(train) [  665/60000]  lr: 1.0000e-03  eta: 5:42:06  time: 0.3195  data_time: 0.0029  memory: 7172  loss: 1.3592  loss_ce: 1.3592
2025/06/17 23:17:52 - mmengine - INFO - Iter(train) [  666/60000]  lr: 1.0000e-03  eta: 5:42:10  time: 0.3283  data_time: 0.0029  memory: 7172  loss: 1.3623  loss_ce: 1.3623
2025/06/17 23:17:52 - mmengine - INFO - Iter(train) [  667/60000]  lr: 1.0000e-03  eta: 5:42:07  time: 0.3303  data_time: 0.0030  memory: 7172  loss: 1.3684  loss_ce: 1.3684
2025/06/17 23:17:53 - mmengine - INFO - Iter(train) [  668/60000]  lr: 1.0000e-03  eta: 5:42:09  time: 0.3376  data_time: 0.0030  memory: 7172  loss: 1.3640  loss_ce: 1.3640
2025/06/17 23:17:53 - mmengine - INFO - Iter(train) [  669/60000]  lr: 1.0000e-03  eta: 5:42:05  time: 0.3389  data_time: 0.0031  memory: 7172  loss: 1.3690  loss_ce: 1.3690
2025/06/17 23:17:53 - mmengine - INFO - Iter(train) [  670/60000]  lr: 1.0000e-03  eta: 5:42:01  time: 0.3391  data_time: 0.0031  memory: 7172  loss: 1.3673  loss_ce: 1.3673
2025/06/17 23:17:54 - mmengine - INFO - Iter(train) [  671/60000]  lr: 1.0000e-03  eta: 5:41:57  time: 0.3320  data_time: 0.0031  memory: 7172  loss: 1.3715  loss_ce: 1.3715
2025/06/17 23:17:54 - mmengine - INFO - Iter(train) [  672/60000]  lr: 1.0000e-03  eta: 5:41:53  time: 0.3309  data_time: 0.0031  memory: 7172  loss: 1.3673  loss_ce: 1.3673
2025/06/17 23:17:54 - mmengine - INFO - Iter(train) [  673/60000]  lr: 1.0000e-03  eta: 5:41:49  time: 0.3294  data_time: 0.0031  memory: 7172  loss: 1.3724  loss_ce: 1.3724
2025/06/17 23:17:54 - mmengine - INFO - Iter(train) [  674/60000]  lr: 1.0000e-03  eta: 5:41:45  time: 0.3223  data_time: 0.0031  memory: 7172  loss: 1.3711  loss_ce: 1.3711
2025/06/17 23:17:55 - mmengine - INFO - Iter(train) [  675/60000]  lr: 1.0000e-03  eta: 5:41:40  time: 0.3205  data_time: 0.0029  memory: 7172  loss: 1.3635  loss_ce: 1.3635
2025/06/17 23:17:55 - mmengine - INFO - Iter(train) [  676/60000]  lr: 1.0000e-03  eta: 5:41:36  time: 0.3121  data_time: 0.0029  memory: 7172  loss: 1.3618  loss_ce: 1.3618
2025/06/17 23:17:55 - mmengine - INFO - Iter(train) [  677/60000]  lr: 1.0000e-03  eta: 5:41:31  time: 0.3094  data_time: 0.0028  memory: 7172  loss: 1.3545  loss_ce: 1.3545
2025/06/17 23:17:56 - mmengine - INFO - Iter(train) [  678/60000]  lr: 1.0000e-03  eta: 5:41:27  time: 0.3025  data_time: 0.0028  memory: 7172  loss: 1.3607  loss_ce: 1.3607
2025/06/17 23:17:56 - mmengine - INFO - Iter(train) [  679/60000]  lr: 1.0000e-03  eta: 5:41:23  time: 0.3015  data_time: 0.0029  memory: 7172  loss: 1.3587  loss_ce: 1.3587
2025/06/17 23:17:56 - mmengine - INFO - Iter(train) [  680/60000]  lr: 1.0000e-03  eta: 5:41:18  time: 0.3002  data_time: 0.0030  memory: 7172  loss: 1.3558  loss_ce: 1.3558
2025/06/17 23:17:57 - mmengine - INFO - Iter(train) [  681/60000]  lr: 1.0000e-03  eta: 5:41:15  time: 0.3011  data_time: 0.0030  memory: 7172  loss: 1.3549  loss_ce: 1.3549
2025/06/17 23:17:57 - mmengine - INFO - Iter(train) [  682/60000]  lr: 1.0000e-03  eta: 5:41:10  time: 0.3006  data_time: 0.0030  memory: 7172  loss: 1.3538  loss_ce: 1.3538
2025/06/17 23:17:57 - mmengine - INFO - Iter(train) [  683/60000]  lr: 1.0000e-03  eta: 5:41:06  time: 0.3011  data_time: 0.0030  memory: 7172  loss: 1.3541  loss_ce: 1.3541
2025/06/17 23:17:57 - mmengine - INFO - Iter(train) [  684/60000]  lr: 1.0000e-03  eta: 5:41:02  time: 0.3002  data_time: 0.0030  memory: 7172  loss: 1.3580  loss_ce: 1.3580
2025/06/17 23:17:58 - mmengine - INFO - Iter(train) [  685/60000]  lr: 1.0000e-03  eta: 5:40:58  time: 0.3003  data_time: 0.0030  memory: 7172  loss: 1.3640  loss_ce: 1.3640
2025/06/17 23:17:58 - mmengine - INFO - Iter(train) [  686/60000]  lr: 1.0000e-03  eta: 5:40:54  time: 0.3002  data_time: 0.0029  memory: 7172  loss: 1.3669  loss_ce: 1.3669
2025/06/17 23:17:58 - mmengine - INFO - Iter(train) [  687/60000]  lr: 1.0000e-03  eta: 5:40:49  time: 0.3008  data_time: 0.0029  memory: 7172  loss: 1.3690  loss_ce: 1.3690
2025/06/17 23:17:59 - mmengine - INFO - Iter(train) [  688/60000]  lr: 1.0000e-03  eta: 5:40:45  time: 0.3006  data_time: 0.0029  memory: 7172  loss: 1.3714  loss_ce: 1.3714
2025/06/17 23:17:59 - mmengine - INFO - Iter(train) [  689/60000]  lr: 1.0000e-03  eta: 5:40:41  time: 0.3006  data_time: 0.0028  memory: 7172  loss: 1.3720  loss_ce: 1.3720
2025/06/17 23:17:59 - mmengine - INFO - Iter(train) [  690/60000]  lr: 1.0000e-03  eta: 5:40:37  time: 0.3017  data_time: 0.0027  memory: 7172  loss: 1.3708  loss_ce: 1.3708
2025/06/17 23:18:00 - mmengine - INFO - Iter(train) [  691/60000]  lr: 1.0000e-03  eta: 5:40:33  time: 0.2998  data_time: 0.0027  memory: 7172  loss: 1.3756  loss_ce: 1.3756
2025/06/17 23:18:00 - mmengine - INFO - Iter(train) [  692/60000]  lr: 1.0000e-03  eta: 5:40:28  time: 0.3002  data_time: 0.0027  memory: 7172  loss: 1.3725  loss_ce: 1.3725
2025/06/17 23:18:00 - mmengine - INFO - Iter(train) [  693/60000]  lr: 1.0000e-03  eta: 5:40:24  time: 0.2993  data_time: 0.0027  memory: 7172  loss: 1.3701  loss_ce: 1.3701
2025/06/17 23:18:00 - mmengine - INFO - Iter(train) [  694/60000]  lr: 1.0000e-03  eta: 5:40:20  time: 0.2996  data_time: 0.0027  memory: 7172  loss: 1.3736  loss_ce: 1.3736
2025/06/17 23:18:01 - mmengine - INFO - Iter(train) [  695/60000]  lr: 1.0000e-03  eta: 5:40:15  time: 0.2997  data_time: 0.0027  memory: 7172  loss: 1.3724  loss_ce: 1.3724
2025/06/17 23:18:01 - mmengine - INFO - Iter(train) [  696/60000]  lr: 1.0000e-03  eta: 5:40:11  time: 0.2988  data_time: 0.0027  memory: 7172  loss: 1.3787  loss_ce: 1.3787
2025/06/17 23:18:01 - mmengine - INFO - Iter(train) [  697/60000]  lr: 1.0000e-03  eta: 5:40:07  time: 0.2994  data_time: 0.0028  memory: 7172  loss: 1.3752  loss_ce: 1.3752
2025/06/17 23:18:02 - mmengine - INFO - Iter(train) [  698/60000]  lr: 1.0000e-03  eta: 5:40:04  time: 0.2999  data_time: 0.0028  memory: 7172  loss: 1.3674  loss_ce: 1.3674
2025/06/17 23:18:02 - mmengine - INFO - Iter(train) [  699/60000]  lr: 1.0000e-03  eta: 5:40:08  time: 0.3097  data_time: 0.0028  memory: 7172  loss: 1.3669  loss_ce: 1.3669
2025/06/17 23:18:03 - mmengine - INFO - Iter(train) [  700/60000]  lr: 1.0000e-03  eta: 5:40:20  time: 0.3282  data_time: 0.0027  memory: 7172  loss: 1.3703  loss_ce: 1.3703
2025/06/17 23:18:03 - mmengine - INFO - Iter(train) [  701/60000]  lr: 1.0000e-03  eta: 5:40:24  time: 0.3387  data_time: 0.0029  memory: 7172  loss: 1.3671  loss_ce: 1.3671
2025/06/17 23:18:03 - mmengine - INFO - Iter(train) [  702/60000]  lr: 1.0000e-03  eta: 5:40:28  time: 0.3481  data_time: 0.0030  memory: 7172  loss: 1.3788  loss_ce: 1.3788
2025/06/17 23:18:04 - mmengine - INFO - Iter(train) [  703/60000]  lr: 1.0000e-03  eta: 5:40:32  time: 0.3581  data_time: 0.0030  memory: 7172  loss: 1.3794  loss_ce: 1.3794
2025/06/17 23:18:04 - mmengine - INFO - Iter(train) [  704/60000]  lr: 1.0000e-03  eta: 5:40:29  time: 0.3598  data_time: 0.0030  memory: 7172  loss: 1.3787  loss_ce: 1.3787
2025/06/17 23:18:04 - mmengine - INFO - Iter(train) [  705/60000]  lr: 1.0000e-03  eta: 5:40:33  time: 0.3686  data_time: 0.0030  memory: 7172  loss: 1.3730  loss_ce: 1.3730
2025/06/17 23:18:05 - mmengine - INFO - Iter(train) [  706/60000]  lr: 1.0000e-03  eta: 5:40:30  time: 0.3708  data_time: 0.0030  memory: 7172  loss: 1.3689  loss_ce: 1.3689
2025/06/17 23:18:05 - mmengine - INFO - Iter(train) [  707/60000]  lr: 1.0000e-03  eta: 5:40:34  time: 0.3803  data_time: 0.0030  memory: 7172  loss: 1.3688  loss_ce: 1.3688
2025/06/17 23:18:05 - mmengine - INFO - Iter(train) [  708/60000]  lr: 1.0000e-03  eta: 5:40:36  time: 0.3872  data_time: 0.0031  memory: 7172  loss: 1.3653  loss_ce: 1.3653
2025/06/17 23:18:06 - mmengine - INFO - Iter(train) [  709/60000]  lr: 1.0000e-03  eta: 5:40:41  time: 0.3870  data_time: 0.0032  memory: 7172  loss: 1.3652  loss_ce: 1.3652
2025/06/17 23:18:06 - mmengine - INFO - Iter(train) [  710/60000]  lr: 1.0000e-03  eta: 5:40:45  time: 0.3786  data_time: 0.0037  memory: 7172  loss: 1.3657  loss_ce: 1.3657
2025/06/17 23:18:07 - mmengine - INFO - Iter(train) [  711/60000]  lr: 1.0000e-03  eta: 5:40:43  time: 0.3712  data_time: 0.0036  memory: 7172  loss: 1.3658  loss_ce: 1.3658
2025/06/17 23:18:07 - mmengine - INFO - Iter(train) [  712/60000]  lr: 1.0000e-03  eta: 5:40:45  time: 0.3689  data_time: 0.0036  memory: 7172  loss: 1.3557  loss_ce: 1.3557
2025/06/17 23:18:07 - mmengine - INFO - Iter(train) [  713/60000]  lr: 1.0000e-03  eta: 5:40:42  time: 0.3614  data_time: 0.0038  memory: 7172  loss: 1.3521  loss_ce: 1.3521
2025/06/17 23:18:08 - mmengine - INFO - Iter(train) [  714/60000]  lr: 1.0000e-03  eta: 5:40:46  time: 0.3696  data_time: 0.0038  memory: 7172  loss: 1.3528  loss_ce: 1.3528
2025/06/17 23:18:08 - mmengine - INFO - Iter(train) [  715/60000]  lr: 1.0000e-03  eta: 5:40:50  time: 0.3695  data_time: 0.0038  memory: 7172  loss: 1.3586  loss_ce: 1.3586
2025/06/17 23:18:08 - mmengine - INFO - Iter(train) [  716/60000]  lr: 1.0000e-03  eta: 5:40:46  time: 0.3684  data_time: 0.0037  memory: 7172  loss: 1.3557  loss_ce: 1.3557
2025/06/17 23:18:09 - mmengine - INFO - Iter(train) [  717/60000]  lr: 1.0000e-03  eta: 5:40:43  time: 0.3601  data_time: 0.0038  memory: 7172  loss: 1.3644  loss_ce: 1.3644
2025/06/17 23:18:09 - mmengine - INFO - Iter(train) [  718/60000]  lr: 1.0000e-03  eta: 5:40:46  time: 0.3609  data_time: 0.0036  memory: 7172  loss: 1.3650  loss_ce: 1.3650
2025/06/17 23:18:09 - mmengine - INFO - Iter(train) [  719/60000]  lr: 1.0000e-03  eta: 5:40:43  time: 0.3521  data_time: 0.0035  memory: 7172  loss: 1.3638  loss_ce: 1.3638
2025/06/17 23:18:10 - mmengine - INFO - Exp name: cfg_udd5_20250617_231355
2025/06/17 23:18:10 - mmengine - INFO - Iter(train) [  720/60000]  lr: 1.0000e-03  eta: 5:40:46  time: 0.3506  data_time: 0.0031  memory: 7172  loss: 1.3622  loss_ce: 1.3622
2025/06/17 23:18:10 - mmengine - INFO - Iter(train) [  721/60000]  lr: 1.0000e-03  eta: 5:41:08  time: 0.3789  data_time: 0.0221  memory: 7172  loss: 1.3562  loss_ce: 1.3562
2025/06/17 23:18:11 - mmengine - INFO - Iter(train) [  722/60000]  lr: 1.0000e-03  eta: 5:41:12  time: 0.3822  data_time: 0.0220  memory: 7172  loss: 1.3621  loss_ce: 1.3621
2025/06/17 23:18:11 - mmengine - INFO - Iter(train) [  723/60000]  lr: 1.0000e-03  eta: 5:41:15  time: 0.3882  data_time: 0.0221  memory: 7172  loss: 1.3615  loss_ce: 1.3615
2025/06/17 23:18:12 - mmengine - INFO - Iter(train) [  724/60000]  lr: 1.0000e-03  eta: 5:41:13  time: 0.3813  data_time: 0.0221  memory: 7172  loss: 1.3545  loss_ce: 1.3545
2025/06/17 23:18:12 - mmengine - INFO - Iter(train) [  725/60000]  lr: 1.0000e-03  eta: 5:41:16  time: 0.3807  data_time: 0.0223  memory: 7172  loss: 1.3537  loss_ce: 1.3537
2025/06/17 23:18:12 - mmengine - INFO - Iter(train) [  726/60000]  lr: 1.0000e-03  eta: 5:41:19  time: 0.3889  data_time: 0.0223  memory: 7172  loss: 1.3530  loss_ce: 1.3530
2025/06/17 23:18:13 - mmengine - INFO - Iter(train) [  727/60000]  lr: 1.0000e-03  eta: 5:41:17  time: 0.3902  data_time: 0.0225  memory: 7172  loss: 1.3545  loss_ce: 1.3545
2025/06/17 23:18:13 - mmengine - INFO - Iter(train) [  728/60000]  lr: 1.0000e-03  eta: 5:41:20  time: 0.3900  data_time: 0.0227  memory: 7172  loss: 1.3582  loss_ce: 1.3582
2025/06/17 23:18:13 - mmengine - INFO - Iter(train) [  729/60000]  lr: 1.0000e-03  eta: 5:41:24  time: 0.3992  data_time: 0.0230  memory: 7172  loss: 1.3569  loss_ce: 1.3569
2025/06/17 23:18:14 - mmengine - INFO - Iter(train) [  730/60000]  lr: 1.0000e-03  eta: 5:41:21  time: 0.3920  data_time: 0.0229  memory: 7172  loss: 1.3575  loss_ce: 1.3575
2025/06/17 23:18:14 - mmengine - INFO - Iter(train) [  731/60000]  lr: 1.0000e-03  eta: 5:41:23  time: 0.3681  data_time: 0.0039  memory: 7172  loss: 1.3564  loss_ce: 1.3564
2025/06/17 23:18:14 - mmengine - INFO - Iter(train) [  732/60000]  lr: 1.0000e-03  eta: 5:41:20  time: 0.3594  data_time: 0.0041  memory: 7172  loss: 1.3499  loss_ce: 1.3499
2025/06/17 23:18:15 - mmengine - INFO - Iter(train) [  733/60000]  lr: 1.0000e-03  eta: 5:41:22  time: 0.3590  data_time: 0.0039  memory: 7172  loss: 1.3530  loss_ce: 1.3530
2025/06/17 23:18:15 - mmengine - INFO - Iter(train) [  734/60000]  lr: 1.0000e-03  eta: 5:41:19  time: 0.3568  data_time: 0.0039  memory: 7172  loss: 1.3513  loss_ce: 1.3513
2025/06/17 23:18:15 - mmengine - INFO - Iter(train) [  735/60000]  lr: 1.0000e-03  eta: 5:41:15  time: 0.3494  data_time: 0.0037  memory: 7172  loss: 1.3550  loss_ce: 1.3550
2025/06/17 23:18:16 - mmengine - INFO - Iter(train) [  736/60000]  lr: 1.0000e-03  eta: 5:41:12  time: 0.3420  data_time: 0.0037  memory: 7172  loss: 1.3610  loss_ce: 1.3610
2025/06/17 23:18:16 - mmengine - INFO - Iter(train) [  737/60000]  lr: 1.0000e-03  eta: 5:41:15  time: 0.3469  data_time: 0.0036  memory: 7172  loss: 1.3603  loss_ce: 1.3603
2025/06/17 23:18:16 - mmengine - INFO - Iter(train) [  738/60000]  lr: 1.0000e-03  eta: 5:41:11  time: 0.3391  data_time: 0.0034  memory: 7172  loss: 1.3592  loss_ce: 1.3592
2025/06/17 23:18:17 - mmengine - INFO - Iter(train) [  739/60000]  lr: 1.0000e-03  eta: 5:41:07  time: 0.3294  data_time: 0.0031  memory: 7172  loss: 1.3624  loss_ce: 1.3624
2025/06/17 23:18:17 - mmengine - INFO - Iter(train) [  740/60000]  lr: 1.0000e-03  eta: 5:41:04  time: 0.3288  data_time: 0.0032  memory: 7172  loss: 1.3592  loss_ce: 1.3592
2025/06/17 23:18:17 - mmengine - INFO - Iter(train) [  741/60000]  lr: 1.0000e-03  eta: 5:41:01  time: 0.3227  data_time: 0.0030  memory: 7172  loss: 1.3627  loss_ce: 1.3627
2025/06/17 23:18:18 - mmengine - INFO - Iter(train) [  742/60000]  lr: 1.0000e-03  eta: 5:40:57  time: 0.3211  data_time: 0.0029  memory: 7172  loss: 1.3655  loss_ce: 1.3655
2025/06/17 23:18:18 - mmengine - INFO - Iter(train) [  743/60000]  lr: 1.0000e-03  eta: 5:40:59  time: 0.3204  data_time: 0.0030  memory: 7172  loss: 1.3697  loss_ce: 1.3697
2025/06/17 23:18:18 - mmengine - INFO - Iter(train) [  744/60000]  lr: 1.0000e-03  eta: 5:40:49  time: 0.3131  data_time: 0.0030  memory: 7172  loss: 1.3783  loss_ce: 1.3783
2025/06/17 23:18:19 - mmengine - INFO - Iter(train) [  745/60000]  lr: 1.0000e-03  eta: 5:40:45  time: 0.3117  data_time: 0.0029  memory: 7172  loss: 1.3754  loss_ce: 1.3754
2025/06/17 23:18:19 - mmengine - INFO - Iter(train) [  746/60000]  lr: 1.0000e-03  eta: 5:40:41  time: 0.3101  data_time: 0.0029  memory: 7172  loss: 1.3713  loss_ce: 1.3713
2025/06/17 23:18:19 - mmengine - INFO - Iter(train) [  747/60000]  lr: 1.0000e-03  eta: 5:40:37  time: 0.3025  data_time: 0.0029  memory: 7172  loss: 1.3640  loss_ce: 1.3640
2025/06/17 23:18:20 - mmengine - INFO - Iter(train) [  748/60000]  lr: 1.0000e-03  eta: 5:40:40  time: 0.3107  data_time: 0.0029  memory: 7172  loss: 1.3666  loss_ce: 1.3666
2025/06/17 23:18:20 - mmengine - INFO - Iter(train) [  749/60000]  lr: 1.0000e-03  eta: 5:40:37  time: 0.3112  data_time: 0.0029  memory: 7172  loss: 1.3623  loss_ce: 1.3623
2025/06/17 23:18:20 - mmengine - INFO - Iter(train) [  750/60000]  lr: 1.0000e-03  eta: 5:40:33  time: 0.3105  data_time: 0.0029  memory: 7172  loss: 1.3671  loss_ce: 1.3671
2025/06/17 23:18:20 - mmengine - INFO - Iter(train) [  751/60000]  lr: 1.0000e-03  eta: 5:40:29  time: 0.3099  data_time: 0.0029  memory: 7172  loss: 1.3674  loss_ce: 1.3674
2025/06/17 23:18:21 - mmengine - INFO - Iter(train) [  752/60000]  lr: 1.0000e-03  eta: 5:40:25  time: 0.3095  data_time: 0.0029  memory: 7172  loss: 1.3725  loss_ce: 1.3725
2025/06/17 23:18:21 - mmengine - INFO - Iter(train) [  753/60000]  lr: 1.0000e-03  eta: 5:40:22  time: 0.3026  data_time: 0.0027  memory: 7172  loss: 1.3736  loss_ce: 1.3736
2025/06/17 23:18:21 - mmengine - INFO - Iter(train) [  754/60000]  lr: 1.0000e-03  eta: 5:40:24  time: 0.3171  data_time: 0.0028  memory: 7172  loss: 1.3693  loss_ce: 1.3693
2025/06/17 23:18:22 - mmengine - INFO - Iter(train) [  755/60000]  lr: 1.0000e-03  eta: 5:40:21  time: 0.3189  data_time: 0.0028  memory: 7172  loss: 1.3711  loss_ce: 1.3711
2025/06/17 23:18:22 - mmengine - INFO - Iter(train) [  756/60000]  lr: 1.0000e-03  eta: 5:40:18  time: 0.3203  data_time: 0.0029  memory: 7172  loss: 1.3684  loss_ce: 1.3684
2025/06/17 23:18:22 - mmengine - INFO - Iter(train) [  757/60000]  lr: 1.0000e-03  eta: 5:40:20  time: 0.3275  data_time: 0.0029  memory: 7172  loss: 1.3772  loss_ce: 1.3772
2025/06/17 23:18:23 - mmengine - INFO - Iter(train) [  758/60000]  lr: 1.0000e-03  eta: 5:40:16  time: 0.3189  data_time: 0.0030  memory: 7172  loss: 1.3758  loss_ce: 1.3758
2025/06/17 23:18:23 - mmengine - INFO - Iter(train) [  759/60000]  lr: 1.0000e-03  eta: 5:40:13  time: 0.3187  data_time: 0.0030  memory: 7172  loss: 1.3774  loss_ce: 1.3774
2025/06/17 23:18:23 - mmengine - INFO - Iter(train) [  760/60000]  lr: 1.0000e-03  eta: 5:40:10  time: 0.3195  data_time: 0.0030  memory: 7172  loss: 1.3731  loss_ce: 1.3731
2025/06/17 23:18:24 - mmengine - INFO - Iter(train) [  761/60000]  lr: 1.0000e-03  eta: 5:40:07  time: 0.3198  data_time: 0.0030  memory: 7172  loss: 1.3716  loss_ce: 1.3716
2025/06/17 23:18:24 - mmengine - INFO - Iter(train) [  762/60000]  lr: 1.0000e-03  eta: 5:40:03  time: 0.3199  data_time: 0.0030  memory: 7172  loss: 1.3653  loss_ce: 1.3653
2025/06/17 23:18:24 - mmengine - INFO - Iter(train) [  763/60000]  lr: 1.0000e-03  eta: 5:39:59  time: 0.3203  data_time: 0.0031  memory: 7172  loss: 1.3624  loss_ce: 1.3624
2025/06/17 23:18:25 - mmengine - INFO - Iter(train) [  764/60000]  lr: 1.0000e-03  eta: 5:39:55  time: 0.3123  data_time: 0.0030  memory: 7172  loss: 1.3593  loss_ce: 1.3593
2025/06/17 23:18:25 - mmengine - INFO - Iter(train) [  765/60000]  lr: 1.0000e-03  eta: 5:39:51  time: 0.3109  data_time: 0.0030  memory: 7172  loss: 1.3539  loss_ce: 1.3539
2025/06/17 23:18:25 - mmengine - INFO - Iter(train) [  766/60000]  lr: 1.0000e-03  eta: 5:39:47  time: 0.3096  data_time: 0.0030  memory: 7172  loss: 1.3579  loss_ce: 1.3579
2025/06/17 23:18:25 - mmengine - INFO - Iter(train) [  767/60000]  lr: 1.0000e-03  eta: 5:39:44  time: 0.3026  data_time: 0.0029  memory: 7172  loss: 1.3530  loss_ce: 1.3530
2025/06/17 23:18:26 - mmengine - INFO - Iter(train) [  768/60000]  lr: 1.0000e-03  eta: 5:39:40  time: 0.3022  data_time: 0.0028  memory: 7172  loss: 1.3551  loss_ce: 1.3551
2025/06/17 23:18:26 - mmengine - INFO - Iter(train) [  769/60000]  lr: 1.0000e-03  eta: 5:39:42  time: 0.3087  data_time: 0.0028  memory: 7172  loss: 1.3584  loss_ce: 1.3584
2025/06/17 23:18:26 - mmengine - INFO - Iter(train) [  770/60000]  lr: 1.0000e-03  eta: 5:39:39  time: 0.3091  data_time: 0.0030  memory: 7172  loss: 1.3642  loss_ce: 1.3642
2025/06/17 23:18:27 - mmengine - INFO - Iter(train) [  771/60000]  lr: 1.0000e-03  eta: 5:39:36  time: 0.3095  data_time: 0.0030  memory: 7172  loss: 1.3633  loss_ce: 1.3633
2025/06/17 23:18:27 - mmengine - INFO - Iter(train) [  772/60000]  lr: 1.0000e-03  eta: 5:39:33  time: 0.3098  data_time: 0.0030  memory: 7172  loss: 1.3688  loss_ce: 1.3688
2025/06/17 23:18:27 - mmengine - INFO - Iter(train) [  773/60000]  lr: 1.0000e-03  eta: 5:39:29  time: 0.3099  data_time: 0.0031  memory: 7172  loss: 1.3672  loss_ce: 1.3672
2025/06/17 23:18:28 - mmengine - INFO - Iter(train) [  774/60000]  lr: 1.0000e-03  eta: 5:39:32  time: 0.3185  data_time: 0.0031  memory: 7172  loss: 1.3719  loss_ce: 1.3719
2025/06/17 23:18:28 - mmengine - INFO - Iter(train) [  775/60000]  lr: 1.0000e-03  eta: 5:39:29  time: 0.3200  data_time: 0.0031  memory: 7172  loss: 1.3737  loss_ce: 1.3737
2025/06/17 23:18:28 - mmengine - INFO - Iter(train) [  776/60000]  lr: 1.0000e-03  eta: 5:39:25  time: 0.3197  data_time: 0.0031  memory: 7172  loss: 1.3745  loss_ce: 1.3745
2025/06/17 23:18:29 - mmengine - INFO - Iter(train) [  777/60000]  lr: 1.0000e-03  eta: 5:39:28  time: 0.3274  data_time: 0.0031  memory: 7172  loss: 1.3748  loss_ce: 1.3748
2025/06/17 23:18:29 - mmengine - INFO - Iter(train) [  778/60000]  lr: 1.0000e-03  eta: 5:39:25  time: 0.3283  data_time: 0.0031  memory: 7172  loss: 1.3765  loss_ce: 1.3765
2025/06/17 23:18:29 - mmengine - INFO - Iter(train) [  779/60000]  lr: 1.0000e-03  eta: 5:39:22  time: 0.3220  data_time: 0.0031  memory: 7172  loss: 1.3816  loss_ce: 1.3816
2025/06/17 23:18:30 - mmengine - INFO - Iter(train) [  780/60000]  lr: 1.0000e-03  eta: 5:39:25  time: 0.3292  data_time: 0.0029  memory: 7172  loss: 1.3794  loss_ce: 1.3794
2025/06/17 23:18:30 - mmengine - INFO - Iter(train) [  781/60000]  lr: 1.0000e-03  eta: 5:39:22  time: 0.3294  data_time: 0.0029  memory: 7172  loss: 1.3830  loss_ce: 1.3830
2025/06/17 23:18:30 - mmengine - INFO - Iter(train) [  782/60000]  lr: 1.0000e-03  eta: 5:39:25  time: 0.3381  data_time: 0.0030  memory: 7172  loss: 1.3751  loss_ce: 1.3751
2025/06/17 23:18:31 - mmengine - INFO - Iter(train) [  783/60000]  lr: 1.0000e-03  eta: 5:39:22  time: 0.3382  data_time: 0.0029  memory: 7172  loss: 1.3785  loss_ce: 1.3785
2025/06/17 23:18:31 - mmengine - INFO - Iter(train) [  784/60000]  lr: 1.0000e-03  eta: 5:39:19  time: 0.3314  data_time: 0.0029  memory: 7172  loss: 1.3816  loss_ce: 1.3816
2025/06/17 23:18:31 - mmengine - INFO - Iter(train) [  785/60000]  lr: 1.0000e-03  eta: 5:39:16  time: 0.3304  data_time: 0.0029  memory: 7172  loss: 1.3807  loss_ce: 1.3807
2025/06/17 23:18:32 - mmengine - INFO - Iter(train) [  786/60000]  lr: 1.0000e-03  eta: 5:39:18  time: 0.3383  data_time: 0.0030  memory: 7172  loss: 1.3765  loss_ce: 1.3765
2025/06/17 23:18:32 - mmengine - INFO - Iter(train) [  787/60000]  lr: 1.0000e-03  eta: 5:39:15  time: 0.3312  data_time: 0.0030  memory: 7172  loss: 1.3711  loss_ce: 1.3711
2025/06/17 23:18:32 - mmengine - INFO - Iter(train) [  788/60000]  lr: 1.0000e-03  eta: 5:39:12  time: 0.3315  data_time: 0.0030  memory: 7172  loss: 1.3711  loss_ce: 1.3711
2025/06/17 23:18:33 - mmengine - INFO - Iter(train) [  789/60000]  lr: 1.0000e-03  eta: 5:39:14  time: 0.3385  data_time: 0.0029  memory: 7172  loss: 1.3740  loss_ce: 1.3740
2025/06/17 23:18:33 - mmengine - INFO - Iter(train) [  790/60000]  lr: 1.0000e-03  eta: 5:39:11  time: 0.3308  data_time: 0.0029  memory: 7172  loss: 1.3714  loss_ce: 1.3714
2025/06/17 23:18:33 - mmengine - INFO - Iter(train) [  791/60000]  lr: 1.0000e-03  eta: 5:39:08  time: 0.3307  data_time: 0.0029  memory: 7172  loss: 1.3728  loss_ce: 1.3728
2025/06/17 23:18:34 - mmengine - INFO - Iter(train) [  792/60000]  lr: 1.0000e-03  eta: 5:39:05  time: 0.3228  data_time: 0.0029  memory: 7172  loss: 1.3769  loss_ce: 1.3769
2025/06/17 23:18:34 - mmengine - INFO - Iter(train) [  793/60000]  lr: 1.0000e-03  eta: 5:39:07  time: 0.3294  data_time: 0.0028  memory: 7172  loss: 1.3698  loss_ce: 1.3698
2025/06/17 23:18:34 - mmengine - INFO - Iter(train) [  794/60000]  lr: 1.0000e-03  eta: 5:39:05  time: 0.3291  data_time: 0.0028  memory: 7172  loss: 1.3598  loss_ce: 1.3598
2025/06/17 23:18:35 - mmengine - INFO - Iter(train) [  795/60000]  lr: 1.0000e-03  eta: 5:39:02  time: 0.3299  data_time: 0.0028  memory: 7172  loss: 1.3604  loss_ce: 1.3604
2025/06/17 23:18:35 - mmengine - INFO - Iter(train) [  796/60000]  lr: 1.0000e-03  eta: 5:38:58  time: 0.3222  data_time: 0.0027  memory: 7172  loss: 1.3618  loss_ce: 1.3618
2025/06/17 23:18:35 - mmengine - INFO - Iter(train) [  797/60000]  lr: 1.0000e-03  eta: 5:39:00  time: 0.3281  data_time: 0.0027  memory: 7172  loss: 1.3611  loss_ce: 1.3611
2025/06/17 23:18:36 - mmengine - INFO - Iter(train) [  798/60000]  lr: 1.0000e-03  eta: 5:38:57  time: 0.3280  data_time: 0.0027  memory: 7172  loss: 1.3561  loss_ce: 1.3561
2025/06/17 23:18:36 - mmengine - INFO - Iter(train) [  799/60000]  lr: 1.0000e-03  eta: 5:38:54  time: 0.3209  data_time: 0.0027  memory: 7172  loss: 1.3528  loss_ce: 1.3528
2025/06/17 23:18:36 - mmengine - INFO - Iter(train) [  800/60000]  lr: 1.0000e-03  eta: 5:38:51  time: 0.3211  data_time: 0.0027  memory: 7172  loss: 1.3538  loss_ce: 1.3538
2025/06/17 23:18:37 - mmengine - INFO - Iter(train) [  801/60000]  lr: 1.0000e-03  eta: 5:38:53  time: 0.3272  data_time: 0.0028  memory: 7172  loss: 1.3516  loss_ce: 1.3516
2025/06/17 23:18:37 - mmengine - INFO - Iter(train) [  802/60000]  lr: 1.0000e-03  eta: 5:38:50  time: 0.3269  data_time: 0.0028  memory: 7172  loss: 1.3485  loss_ce: 1.3485
2025/06/17 23:18:37 - mmengine - INFO - Iter(train) [  803/60000]  lr: 1.0000e-03  eta: 5:38:46  time: 0.3200  data_time: 0.0028  memory: 7172  loss: 1.3528  loss_ce: 1.3528
2025/06/17 23:18:38 - mmengine - INFO - Iter(train) [  804/60000]  lr: 1.0000e-03  eta: 5:38:44  time: 0.3200  data_time: 0.0028  memory: 7172  loss: 1.3606  loss_ce: 1.3606
2025/06/17 23:18:38 - mmengine - INFO - Iter(train) [  805/60000]  lr: 1.0000e-03  eta: 5:38:47  time: 0.3284  data_time: 0.0028  memory: 7172  loss: 1.3627  loss_ce: 1.3627
2025/06/17 23:18:38 - mmengine - INFO - Iter(train) [  806/60000]  lr: 1.0000e-03  eta: 5:38:44  time: 0.3294  data_time: 0.0029  memory: 7172  loss: 1.3612  loss_ce: 1.3612
2025/06/17 23:18:39 - mmengine - INFO - Iter(train) [  807/60000]  lr: 1.0000e-03  eta: 5:38:41  time: 0.3231  data_time: 0.0029  memory: 7172  loss: 1.3659  loss_ce: 1.3659
2025/06/17 23:18:39 - mmengine - INFO - Iter(train) [  808/60000]  lr: 1.0000e-03  eta: 5:38:38  time: 0.3223  data_time: 0.0029  memory: 7172  loss: 1.3636  loss_ce: 1.3636
2025/06/17 23:18:39 - mmengine - INFO - Iter(train) [  809/60000]  lr: 1.0000e-03  eta: 5:38:40  time: 0.3295  data_time: 0.0029  memory: 7172  loss: 1.3592  loss_ce: 1.3592
2025/06/17 23:18:40 - mmengine - INFO - Iter(train) [  810/60000]  lr: 1.0000e-03  eta: 5:38:38  time: 0.3299  data_time: 0.0030  memory: 7172  loss: 1.3563  loss_ce: 1.3563
2025/06/17 23:18:40 - mmengine - INFO - Iter(train) [  811/60000]  lr: 1.0000e-03  eta: 5:38:41  time: 0.3314  data_time: 0.0031  memory: 7172  loss: 1.3547  loss_ce: 1.3547
2025/06/17 23:18:40 - mmengine - INFO - Iter(train) [  812/60000]  lr: 1.0000e-03  eta: 5:38:38  time: 0.3320  data_time: 0.0032  memory: 7172  loss: 1.3607  loss_ce: 1.3607
2025/06/17 23:18:41 - mmengine - INFO - Iter(train) [  813/60000]  lr: 1.0000e-03  eta: 5:38:40  time: 0.3393  data_time: 0.0032  memory: 7172  loss: 1.3631  loss_ce: 1.3631
2025/06/17 23:18:41 - mmengine - INFO - Iter(train) [  814/60000]  lr: 1.0000e-03  eta: 5:38:37  time: 0.3389  data_time: 0.0032  memory: 7172  loss: 1.3587  loss_ce: 1.3587
2025/06/17 23:18:41 - mmengine - INFO - Iter(train) [  815/60000]  lr: 1.0000e-03  eta: 5:38:35  time: 0.3308  data_time: 0.0033  memory: 7172  loss: 1.3599  loss_ce: 1.3599
2025/06/17 23:18:42 - mmengine - INFO - Iter(train) [  816/60000]  lr: 1.0000e-03  eta: 5:38:38  time: 0.3399  data_time: 0.0032  memory: 7172  loss: 1.3604  loss_ce: 1.3604
2025/06/17 23:18:42 - mmengine - INFO - Iter(train) [  817/60000]  lr: 1.0000e-03  eta: 5:38:42  time: 0.3490  data_time: 0.0032  memory: 7172  loss: 1.3663  loss_ce: 1.3663
2025/06/17 23:18:42 - mmengine - INFO - Iter(train) [  818/60000]  lr: 1.0000e-03  eta: 5:38:46  time: 0.3587  data_time: 0.0034  memory: 7172  loss: 1.3658  loss_ce: 1.3658
2025/06/17 23:18:43 - mmengine - INFO - Iter(train) [  819/60000]  lr: 1.0000e-03  eta: 5:38:43  time: 0.3521  data_time: 0.0033  memory: 7172  loss: 1.3692  loss_ce: 1.3692
2025/06/17 23:18:43 - mmengine - INFO - Iter(train) [  820/60000]  lr: 1.0000e-03  eta: 5:38:39  time: 0.3504  data_time: 0.0032  memory: 7172  loss: 1.3696  loss_ce: 1.3696
2025/06/17 23:18:43 - mmengine - INFO - Iter(train) [  821/60000]  lr: 1.0000e-03  eta: 5:38:42  time: 0.3498  data_time: 0.0031  memory: 7172  loss: 1.3701  loss_ce: 1.3701
2025/06/17 23:18:44 - mmengine - INFO - Iter(train) [  822/60000]  lr: 1.0000e-03  eta: 5:38:40  time: 0.3505  data_time: 0.0030  memory: 7172  loss: 1.3702  loss_ce: 1.3702
2025/06/17 23:18:44 - mmengine - INFO - Iter(train) [  823/60000]  lr: 1.0000e-03  eta: 5:38:41  time: 0.3498  data_time: 0.0030  memory: 7172  loss: 1.3626  loss_ce: 1.3626
2025/06/17 23:18:44 - mmengine - INFO - Iter(train) [  824/60000]  lr: 1.0000e-03  eta: 5:38:38  time: 0.3500  data_time: 0.0032  memory: 7172  loss: 1.3687  loss_ce: 1.3687
2025/06/17 23:18:45 - mmengine - INFO - Iter(train) [  825/60000]  lr: 1.0000e-03  eta: 5:38:36  time: 0.3503  data_time: 0.0032  memory: 7172  loss: 1.3728  loss_ce: 1.3728
2025/06/17 23:18:45 - mmengine - INFO - Iter(train) [  826/60000]  lr: 1.0000e-03  eta: 5:38:33  time: 0.3405  data_time: 0.0033  memory: 7172  loss: 1.3718  loss_ce: 1.3718
2025/06/17 23:18:45 - mmengine - INFO - Iter(train) [  827/60000]  lr: 1.0000e-03  eta: 5:38:36  time: 0.3395  data_time: 0.0034  memory: 7172  loss: 1.3659  loss_ce: 1.3659
2025/06/17 23:18:46 - mmengine - INFO - Iter(train) [  828/60000]  lr: 1.0000e-03  eta: 5:38:38  time: 0.3383  data_time: 0.0033  memory: 7172  loss: 1.3690  loss_ce: 1.3690
2025/06/17 23:18:46 - mmengine - INFO - Iter(train) [  829/60000]  lr: 1.0000e-03  eta: 5:38:36  time: 0.3380  data_time: 0.0034  memory: 7172  loss: 1.3649  loss_ce: 1.3649
2025/06/17 23:18:46 - mmengine - INFO - Iter(train) [  830/60000]  lr: 1.0000e-03  eta: 5:38:33  time: 0.3394  data_time: 0.0034  memory: 7172  loss: 1.3637  loss_ce: 1.3637
2025/06/17 23:18:47 - mmengine - INFO - Iter(train) [  831/60000]  lr: 1.0000e-03  eta: 5:38:36  time: 0.3400  data_time: 0.0034  memory: 7172  loss: 1.3632  loss_ce: 1.3632
2025/06/17 23:18:47 - mmengine - INFO - Iter(train) [  832/60000]  lr: 1.0000e-03  eta: 5:38:33  time: 0.3388  data_time: 0.0034  memory: 7172  loss: 1.3601  loss_ce: 1.3601
2025/06/17 23:18:47 - mmengine - INFO - Iter(train) [  833/60000]  lr: 1.0000e-03  eta: 5:38:30  time: 0.3331  data_time: 0.0034  memory: 7172  loss: 1.3690  loss_ce: 1.3690
2025/06/17 23:18:48 - mmengine - INFO - Iter(train) [  834/60000]  lr: 1.0000e-03  eta: 5:38:27  time: 0.3320  data_time: 0.0032  memory: 7172  loss: 1.3655  loss_ce: 1.3655
2025/06/17 23:18:48 - mmengine - INFO - Iter(train) [  835/60000]  lr: 1.0000e-03  eta: 5:38:24  time: 0.3302  data_time: 0.0031  memory: 7172  loss: 1.3567  loss_ce: 1.3567
2025/06/17 23:18:48 - mmengine - INFO - Iter(train) [  836/60000]  lr: 1.0000e-03  eta: 5:38:20  time: 0.3299  data_time: 0.0030  memory: 7172  loss: 1.3599  loss_ce: 1.3599
2025/06/17 23:18:49 - mmengine - INFO - Iter(train) [  837/60000]  lr: 1.0000e-03  eta: 5:38:17  time: 0.3222  data_time: 0.0029  memory: 7172  loss: 1.3753  loss_ce: 1.3753
2025/06/17 23:18:49 - mmengine - INFO - Iter(train) [  838/60000]  lr: 1.0000e-03  eta: 5:38:14  time: 0.3131  data_time: 0.0029  memory: 7172  loss: 1.3757  loss_ce: 1.3757
2025/06/17 23:18:49 - mmengine - INFO - Iter(train) [  839/60000]  lr: 1.0000e-03  eta: 5:38:16  time: 0.3195  data_time: 0.0028  memory: 7172  loss: 1.3767  loss_ce: 1.3767
2025/06/17 23:18:50 - mmengine - INFO - Exp name: cfg_udd5_20250617_231355
2025/06/17 23:18:50 - mmengine - INFO - Iter(train) [  840/60000]  lr: 1.0000e-03  eta: 5:38:13  time: 0.3190  data_time: 0.0028  memory: 7172  loss: 1.3825  loss_ce: 1.3825
2025/06/17 23:18:50 - mmengine - INFO - Iter(train) [  841/60000]  lr: 1.0000e-03  eta: 5:38:32  time: 0.3423  data_time: 0.0240  memory: 7172  loss: 1.3845  loss_ce: 1.3845
2025/06/17 23:18:51 - mmengine - INFO - Iter(train) [  842/60000]  lr: 1.0000e-03  eta: 5:38:33  time: 0.3489  data_time: 0.0238  memory: 7172  loss: 1.3811  loss_ce: 1.3811
2025/06/17 23:18:51 - mmengine - INFO - Iter(train) [  843/60000]  lr: 1.0000e-03  eta: 5:38:31  time: 0.3489  data_time: 0.0238  memory: 7172  loss: 1.3803  loss_ce: 1.3803
2025/06/17 23:18:51 - mmengine - INFO - Iter(train) [  844/60000]  lr: 1.0000e-03  eta: 5:38:28  time: 0.3500  data_time: 0.0237  memory: 7172  loss: 1.3770  loss_ce: 1.3770
2025/06/17 23:18:52 - mmengine - INFO - Iter(train) [  845/60000]  lr: 1.0000e-03  eta: 5:38:30  time: 0.3578  data_time: 0.0239  memory: 7172  loss: 1.3799  loss_ce: 1.3799
2025/06/17 23:18:52 - mmengine - INFO - Iter(train) [  846/60000]  lr: 1.0000e-03  eta: 5:38:28  time: 0.3593  data_time: 0.0238  memory: 7172  loss: 1.3836  loss_ce: 1.3836
2025/06/17 23:18:52 - mmengine - INFO - Iter(train) [  847/60000]  lr: 1.0000e-03  eta: 5:38:25  time: 0.3590  data_time: 0.0237  memory: 7172  loss: 1.3720  loss_ce: 1.3720
2025/06/17 23:18:53 - mmengine - INFO - Iter(train) [  848/60000]  lr: 1.0000e-03  eta: 5:38:27  time: 0.3677  data_time: 0.0236  memory: 7172  loss: 1.3688  loss_ce: 1.3688
2025/06/17 23:18:53 - mmengine - INFO - Iter(train) [  849/60000]  lr: 1.0000e-03  eta: 5:38:25  time: 0.3618  data_time: 0.0236  memory: 7172  loss: 1.3745  loss_ce: 1.3745
2025/06/17 23:18:53 - mmengine - INFO - Iter(train) [  850/60000]  lr: 1.0000e-03  eta: 5:38:27  time: 0.3689  data_time: 0.0236  memory: 7172  loss: 1.3757  loss_ce: 1.3757
2025/06/17 23:18:54 - mmengine - INFO - Iter(train) [  851/60000]  lr: 1.0000e-03  eta: 5:38:25  time: 0.3379  data_time: 0.0025  memory: 7172  loss: 1.3789  loss_ce: 1.3789
2025/06/17 23:18:54 - mmengine - INFO - Iter(train) [  852/60000]  lr: 1.0000e-03  eta: 5:38:22  time: 0.3321  data_time: 0.0027  memory: 7172  loss: 1.3801  loss_ce: 1.3801
2025/06/17 23:18:54 - mmengine - INFO - Iter(train) [  853/60000]  lr: 1.0000e-03  eta: 5:38:24  time: 0.3383  data_time: 0.0028  memory: 7172  loss: 1.3760  loss_ce: 1.3760
2025/06/17 23:18:55 - mmengine - INFO - Iter(train) [  854/60000]  lr: 1.0000e-03  eta: 5:38:22  time: 0.3390  data_time: 0.0030  memory: 7172  loss: 1.3815  loss_ce: 1.3815
2025/06/17 23:18:55 - mmengine - INFO - Iter(train) [  855/60000]  lr: 1.0000e-03  eta: 5:38:25  time: 0.3402  data_time: 0.0028  memory: 7172  loss: 1.3765  loss_ce: 1.3765
2025/06/17 23:18:55 - mmengine - INFO - Iter(train) [  856/60000]  lr: 1.0000e-03  eta: 5:38:22  time: 0.3399  data_time: 0.0029  memory: 7172  loss: 1.3666  loss_ce: 1.3666
2025/06/17 23:18:56 - mmengine - INFO - Iter(train) [  857/60000]  lr: 1.0000e-03  eta: 5:38:25  time: 0.3484  data_time: 0.0031  memory: 7172  loss: 1.3658  loss_ce: 1.3658
2025/06/17 23:18:56 - mmengine - INFO - Iter(train) [  858/60000]  lr: 1.0000e-03  eta: 5:38:23  time: 0.3415  data_time: 0.0032  memory: 7172  loss: 1.3708  loss_ce: 1.3708
2025/06/17 23:18:56 - mmengine - INFO - Iter(train) [  859/60000]  lr: 1.0000e-03  eta: 5:38:26  time: 0.3488  data_time: 0.0031  memory: 7172  loss: 1.3636  loss_ce: 1.3636
2025/06/17 23:18:57 - mmengine - INFO - Iter(train) [  860/60000]  lr: 1.0000e-03  eta: 5:38:23  time: 0.3424  data_time: 0.0032  memory: 7172  loss: 1.3594  loss_ce: 1.3594
2025/06/17 23:18:57 - mmengine - INFO - Iter(train) [  861/60000]  lr: 1.0000e-03  eta: 5:38:25  time: 0.3495  data_time: 0.0032  memory: 7172  loss: 1.3536  loss_ce: 1.3536
2025/06/17 23:18:57 - mmengine - INFO - Iter(train) [  862/60000]  lr: 1.0000e-03  eta: 5:38:23  time: 0.3489  data_time: 0.0031  memory: 7172  loss: 1.3602  loss_ce: 1.3602
2025/06/17 23:18:58 - mmengine - INFO - Iter(train) [  863/60000]  lr: 1.0000e-03  eta: 5:38:20  time: 0.3428  data_time: 0.0031  memory: 7172  loss: 1.3615  loss_ce: 1.3615
2025/06/17 23:18:58 - mmengine - INFO - Iter(train) [  864/60000]  lr: 1.0000e-03  eta: 5:38:20  time: 0.3461  data_time: 0.0031  memory: 7172  loss: 1.3611  loss_ce: 1.3611
2025/06/17 23:18:58 - mmengine - INFO - Iter(train) [  865/60000]  lr: 1.0000e-03  eta: 5:38:19  time: 0.3396  data_time: 0.0031  memory: 7172  loss: 1.3681  loss_ce: 1.3681
2025/06/17 23:18:59 - mmengine - INFO - Iter(train) [  866/60000]  lr: 1.0000e-03  eta: 5:38:16  time: 0.3391  data_time: 0.0031  memory: 7172  loss: 1.3785  loss_ce: 1.3785
2025/06/17 23:18:59 - mmengine - INFO - Iter(train) [  867/60000]  lr: 1.0000e-03  eta: 5:38:14  time: 0.3316  data_time: 0.0031  memory: 7172  loss: 1.3736  loss_ce: 1.3736
2025/06/17 23:18:59 - mmengine - INFO - Iter(train) [  868/60000]  lr: 1.0000e-03  eta: 5:38:16  time: 0.3383  data_time: 0.0031  memory: 7172  loss: 1.3715  loss_ce: 1.3715
2025/06/17 23:19:00 - mmengine - INFO - Iter(train) [  869/60000]  lr: 1.0000e-03  eta: 5:38:13  time: 0.3301  data_time: 0.0031  memory: 7172  loss: 1.3703  loss_ce: 1.3703
2025/06/17 23:19:00 - mmengine - INFO - Iter(train) [  870/60000]  lr: 1.0000e-03  eta: 5:38:11  time: 0.3299  data_time: 0.0032  memory: 7172  loss: 1.3704  loss_ce: 1.3704
2025/06/17 23:19:00 - mmengine - INFO - Iter(train) [  871/60000]  lr: 1.0000e-03  eta: 5:38:12  time: 0.3294  data_time: 0.0031  memory: 7172  loss: 1.3786  loss_ce: 1.3786
2025/06/17 23:19:01 - mmengine - INFO - Iter(train) [  872/60000]  lr: 1.0000e-03  eta: 5:38:10  time: 0.3296  data_time: 0.0031  memory: 7172  loss: 1.3766  loss_ce: 1.3766
2025/06/17 23:19:01 - mmengine - INFO - Iter(train) [  873/60000]  lr: 1.0000e-03  eta: 5:38:08  time: 0.3298  data_time: 0.0031  memory: 7172  loss: 1.3763  loss_ce: 1.3763
2025/06/17 23:19:01 - mmengine - INFO - Iter(train) [  874/60000]  lr: 1.0000e-03  eta: 5:38:04  time: 0.3247  data_time: 0.0030  memory: 7172  loss: 1.3764  loss_ce: 1.3764
2025/06/17 23:19:02 - mmengine - INFO - Iter(train) [  875/60000]  lr: 1.0000e-03  eta: 5:38:07  time: 0.3302  data_time: 0.0031  memory: 7172  loss: 1.3776  loss_ce: 1.3776
2025/06/17 23:19:02 - mmengine - INFO - Iter(train) [  876/60000]  lr: 1.0000e-03  eta: 5:38:11  time: 0.3403  data_time: 0.0032  memory: 7172  loss: 1.3707  loss_ce: 1.3707
2025/06/17 23:19:02 - mmengine - INFO - Iter(train) [  877/60000]  lr: 1.0000e-03  eta: 5:38:14  time: 0.3486  data_time: 0.0034  memory: 7172  loss: 1.3690  loss_ce: 1.3690
2025/06/17 23:19:03 - mmengine - INFO - Iter(train) [  878/60000]  lr: 1.0000e-03  eta: 5:38:18  time: 0.3508  data_time: 0.0033  memory: 7172  loss: 1.3645  loss_ce: 1.3645
2025/06/17 23:19:03 - mmengine - INFO - Iter(train) [  879/60000]  lr: 1.0000e-03  eta: 5:38:22  time: 0.3616  data_time: 0.0033  memory: 7172  loss: 1.3638  loss_ce: 1.3638
2025/06/17 23:19:04 - mmengine - INFO - Iter(train) [  880/60000]  lr: 1.0000e-03  eta: 5:38:31  time: 0.3792  data_time: 0.0035  memory: 7172  loss: 1.3610  loss_ce: 1.3610
2025/06/17 23:19:04 - mmengine - INFO - Iter(train) [  881/60000]  lr: 1.0000e-03  eta: 5:38:34  time: 0.3809  data_time: 0.0035  memory: 7172  loss: 1.3589  loss_ce: 1.3589
2025/06/17 23:19:05 - mmengine - INFO - Iter(train) [  882/60000]  lr: 1.0000e-03  eta: 5:38:33  time: 0.3822  data_time: 0.0035  memory: 7172  loss: 1.3571  loss_ce: 1.3571
2025/06/17 23:19:05 - mmengine - INFO - Iter(train) [  883/60000]  lr: 1.0000e-03  eta: 5:38:41  time: 0.3979  data_time: 0.0035  memory: 7172  loss: 1.3581  loss_ce: 1.3581
2025/06/17 23:19:05 - mmengine - INFO - Iter(train) [  884/60000]  lr: 1.0000e-03  eta: 5:38:45  time: 0.4086  data_time: 0.0036  memory: 7172  loss: 1.3531  loss_ce: 1.3531
2025/06/17 23:19:06 - mmengine - INFO - Iter(train) [  885/60000]  lr: 1.0000e-03  eta: 5:38:48  time: 0.4096  data_time: 0.0037  memory: 7172  loss: 1.3452  loss_ce: 1.3452
2025/06/17 23:19:06 - mmengine - INFO - Iter(train) [  886/60000]  lr: 1.0000e-03  eta: 5:38:46  time: 0.4011  data_time: 0.0037  memory: 7172  loss: 1.3494  loss_ce: 1.3494
2025/06/17 23:19:06 - mmengine - INFO - Iter(train) [  887/60000]  lr: 1.0000e-03  eta: 5:38:48  time: 0.3992  data_time: 0.0035  memory: 7172  loss: 1.3521  loss_ce: 1.3521
2025/06/17 23:19:07 - mmengine - INFO - Iter(train) [  888/60000]  lr: 1.0000e-03  eta: 5:38:45  time: 0.3897  data_time: 0.0035  memory: 7172  loss: 1.3693  loss_ce: 1.3693
2025/06/17 23:19:07 - mmengine - INFO - Iter(train) [  889/60000]  lr: 1.0000e-03  eta: 5:38:48  time: 0.3874  data_time: 0.0038  memory: 7172  loss: 1.3755  loss_ce: 1.3755
2025/06/17 23:19:07 - mmengine - INFO - Iter(train) [  890/60000]  lr: 1.0000e-03  eta: 5:38:45  time: 0.3696  data_time: 0.0036  memory: 7172  loss: 1.3788  loss_ce: 1.3788
2025/06/17 23:19:08 - mmengine - INFO - Iter(train) [  891/60000]  lr: 1.0000e-03  eta: 5:38:48  time: 0.3691  data_time: 0.0036  memory: 7172  loss: 1.3773  loss_ce: 1.3773
2025/06/17 23:19:08 - mmengine - INFO - Iter(train) [  892/60000]  lr: 1.0000e-03  eta: 5:38:46  time: 0.3685  data_time: 0.0037  memory: 7172  loss: 1.3752  loss_ce: 1.3752
2025/06/17 23:19:09 - mmengine - INFO - Iter(train) [  893/60000]  lr: 1.0000e-03  eta: 5:38:49  time: 0.3609  data_time: 0.0037  memory: 7172  loss: 1.3710  loss_ce: 1.3710
2025/06/17 23:19:09 - mmengine - INFO - Iter(train) [  894/60000]  lr: 1.0000e-03  eta: 5:38:51  time: 0.3593  data_time: 0.0037  memory: 7172  loss: 1.3774  loss_ce: 1.3774
2025/06/17 23:19:09 - mmengine - INFO - Iter(train) [  895/60000]  lr: 1.0000e-03  eta: 5:38:49  time: 0.3510  data_time: 0.0036  memory: 7172  loss: 1.3846  loss_ce: 1.3846
2025/06/17 23:19:10 - mmengine - INFO - Iter(train) [  896/60000]  lr: 1.0000e-03  eta: 5:38:52  time: 0.3579  data_time: 0.0034  memory: 7172  loss: 1.3828  loss_ce: 1.3828
2025/06/17 23:19:10 - mmengine - INFO - Iter(train) [  897/60000]  lr: 1.0000e-03  eta: 5:38:49  time: 0.3507  data_time: 0.0034  memory: 7172  loss: 1.3821  loss_ce: 1.3821
2025/06/17 23:19:10 - mmengine - INFO - Iter(train) [  898/60000]  lr: 1.0000e-03  eta: 5:38:47  time: 0.3520  data_time: 0.0034  memory: 7172  loss: 1.3733  loss_ce: 1.3733
2025/06/17 23:19:11 - mmengine - INFO - Iter(train) [  899/60000]  lr: 1.0000e-03  eta: 5:38:43  time: 0.3424  data_time: 0.0032  memory: 7172  loss: 1.3657  loss_ce: 1.3657
